{
    "nbody": 3,
    "n_Fourier": 300,
    "n_int": 600,
    "mass": [
        1.0,
        1.0,
        1.0
    ],
    "nloop": 1,
    "Action": 10.624096524001287,
    "Grad_Action": 1.950094199066343e-15,
    "Newton_Error": 1.615181034439731e-16,
    "Min_Distance": 0.4235654288187095,
    "Max_PathLength": 1.536518390229471,
    "Hash": [
        10.624096524001287,
        7.771489060335681,
        9.506013930674248,
        11.951765432717714,
        15.400375776702393
    ],
    "xinf": -0.24454561434790134,
    "xsup": 0.24454561434790134,
    "yinf": -0.24454561434790134,
    "ysup": 0.24454561434790134,
    "loopnb": [
        3
    ],
    "Targets": [
        [
            0,
            1,
            2
        ]
    ],
    "SpaceRotsUn": [
        [
            [
                [
                    1.0,
                    0.0
                ],
                [
                    0.0,
                    1.0
                ]
            ],
            [
                [
                    1.0,
                    2.449293598294706e-16
                ],
                [
                    -2.449293598294706e-16,
                    1.0
                ]
            ],
            [
                [
                    1.0,
                    4.898587196589413e-16
                ],
                [
                    -4.898587196589413e-16,
                    1.0
                ]
            ]
        ]
    ],
    "TimeRevsUn": [
        [
            1,
            1,
            1
        ]
    ],
    "TimeShiftNumUn": [
        [
            0,
            1,
            2
        ]
    ],
    "TimeShiftDenUn": [
        [
            1,
            3,
            3
        ]
    ],
    "RequiresLoopDispUn": [
        [
            true,
            false,
            false
        ]
    ]
}