{
    "nbody": 7,
    "n_Fourier": 301,
    "n_int": 602,
    "mass": [
        1.0,
        1.0,
        1.0,
        1.0,
        1.0,
        1.0,
        1.0
    ],
    "nloop": 1,
    "Action": 62.38214376176931,
    "Grad_Action": 2.1831616457717077e-14,
    "Newton_Error": 4.917238298488442e-16,
    "Min_Distance": 0.3366347921641959,
    "Max_PathLength": 2.4374377152445454,
    "Hash": [
        62.38214376176931,
        47.990673871303564,
        56.71279925973272,
        69.1856557180525,
        87.27357015855705
    ],
    "xinf": -0.3879320216618984,
    "xsup": 0.3879320216618985,
    "yinf": -0.38793202166189844,
    "ysup": 0.38793202166189844,
    "loopnb": [
        7
    ],
    "Targets": [
        [
            0,
            1,
            2,
            3,
            4,
            5,
            6
        ]
    ],
    "SpaceRotsUn": [
        [
            [
                [
                    1.0,
                    0.0
                ],
                [
                    0.0,
                    1.0
                ]
            ],
            [
                [
                    1.0,
                    2.4492935982947064e-16
                ],
                [
                    -2.4492935982947064e-16,
                    1.0
                ]
            ],
            [
                [
                    1.0,
                    4.898587196589413e-16
                ],
                [
                    -4.898587196589413e-16,
                    1.0
                ]
            ],
            [
                [
                    1.0,
                    7.347880794884119e-16
                ],
                [
                    -7.347880794884119e-16,
                    1.0
                ]
            ],
            [
                [
                    1.0,
                    9.797174393178826e-16
                ],
                [
                    -9.797174393178826e-16,
                    1.0
                ]
            ],
            [
                [
                    1.0,
                    1.2246467991473533e-15
                ],
                [
                    -1.2246467991473533e-15,
                    1.0
                ]
            ],
            [
                [
                    1.0,
                    1.469576158976824e-15
                ],
                [
                    -1.469576158976824e-15,
                    1.0
                ]
            ]
        ]
    ],
    "TimeRevsUn": [
        [
            1,
            1,
            1,
            1,
            1,
            1,
            1
        ]
    ],
    "TimeShiftNumUn": [
        [
            0,
            1,
            2,
            3,
            4,
            5,
            6
        ]
    ],
    "TimeShiftDenUn": [
        [
            1,
            7,
            7,
            7,
            7,
            7,
            7
        ]
    ],
    "RequiresLoopDispUn": [
        [
            true,
            false,
            false,
            false,
            false,
            false,
            false
        ]
    ]
}