{
    "nbody": 3,
    "n_int": 24576,
    "mass": [
        1.0,
        1.0,
        1.0
    ],
    "nloop": 1,
    "Action": 87.55202940461359,
    "Grad_Action": 1.0051003047253173e-14,
    "Newton_Error": 1.01036514942654e-14,
    "Min_Distance": 0.017714031863008198,
    "Max_PathLength": 4.180193858083739,
    "Hash": [
        87.5520294046136,
        38.576166962520155,
        60.44710373243732,
        139.77141940838354,
        442.58008138307804
    ],
    "xinf": -0.08246706862723159,
    "xsup": 0.05891852960941098,
    "yinf": -0.07069279911832121,
    "ysup": 0.07069279911832135,
    "loopnb": [
        3
    ],
    "Targets": [
        [
            0,
            1,
            2
        ]
    ],
    "SpaceRotsUn": [
        [
            [
                [
                    1.0,
                    0.0
                ],
                [
                    0.0,
                    1.0
                ]
            ],
            [
                [
                    1.0,
                    0.0
                ],
                [
                    0.0,
                    1.0
                ]
            ],
            [
                [
                    1.0,
                    0.0
                ],
                [
                    0.0,
                    1.0
                ]
            ]
        ]
    ],
    "TimeRevsUn": [
        [
            1,
            1,
            1
        ]
    ],
    "TimeShiftNumUn": [
        [
            0,
            1,
            2
        ]
    ],
    "TimeShiftDenUn": [
        [
            1,
            3,
            3
        ]
    ],
    "RequiresLoopDispUn": [
        [
            true,
            false,
            false
        ]
    ]
}