{
    "nbody": 3,
    "n_int": 12288,
    "mass": [
        1.0,
        1.0,
        1.0
    ],
    "nloop": 1,
    "Action": 58.14083536225653,
    "Grad_Action": 2.0083333686298067e-14,
    "Newton_Error": 1.881733952721304e-14,
    "Min_Distance": 0.014186461922643076,
    "Max_PathLength": 3.3152815933209316,
    "Hash": [
        58.14083536225653,
        27.469794748655087,
        42.10457826664513,
        86.3524111371759,
        227.9321313213071
    ],
    "xinf": -0.08115662702949625,
    "xsup": 0.10123001190966599,
    "yinf": -0.09119331946958115,
    "ysup": 0.09119331946958109,
    "loopnb": [
        3
    ],
    "Targets": [
        [
            0,
            1,
            2
        ]
    ],
    "SpaceRotsUn": [
        [
            [
                [
                    1.0,
                    0.0
                ],
                [
                    0.0,
                    1.0
                ]
            ],
            [
                [
                    1.0,
                    0.0
                ],
                [
                    0.0,
                    1.0
                ]
            ],
            [
                [
                    1.0,
                    0.0
                ],
                [
                    0.0,
                    1.0
                ]
            ]
        ]
    ],
    "TimeRevsUn": [
        [
            1,
            1,
            1
        ]
    ],
    "TimeShiftNumUn": [
        [
            0,
            1,
            2
        ]
    ],
    "TimeShiftDenUn": [
        [
            1,
            3,
            3
        ]
    ],
    "RequiresLoopDispUn": [
        [
            true,
            false,
            false
        ]
    ]
}