{
    "nbody": 3,
    "n_int": 49152,
    "mass": [
        1.0,
        1.0,
        1.0
    ],
    "nloop": 1,
    "Action": 87.7881116424425,
    "Grad_Action": 2.3606967361688882e-14,
    "Newton_Error": 5.0624857829728816e-14,
    "Min_Distance": 0.004810405981233795,
    "Max_PathLength": 3.97993692479088,
    "Hash": [
        87.7881116424425,
        38.5767875609417,
        60.318836781882176,
        142.15458833992136,
        481.9191589752567
    ],
    "xinf": -0.05228374429518204,
    "xsup": 0.07988197748922479,
    "yinf": -0.06608286089220336,
    "ysup": 0.06608286089220347,
    "loopnb": [
        3
    ],
    "Targets": [
        [
            0,
            1,
            2
        ]
    ],
    "SpaceRotsUn": [
        [
            [
                [
                    1.0,
                    0.0
                ],
                [
                    0.0,
                    1.0
                ]
            ],
            [
                [
                    1.0,
                    0.0
                ],
                [
                    0.0,
                    1.0
                ]
            ],
            [
                [
                    1.0,
                    0.0
                ],
                [
                    0.0,
                    1.0
                ]
            ]
        ]
    ],
    "TimeRevsUn": [
        [
            1,
            1,
            1
        ]
    ],
    "TimeShiftNumUn": [
        [
            0,
            1,
            2
        ]
    ],
    "TimeShiftDenUn": [
        [
            1,
            3,
            3
        ]
    ],
    "RequiresLoopDispUn": [
        [
            true,
            false,
            false
        ]
    ]
}