{
    "nbody": 3,
    "n_int": 24576,
    "mass": [
        1.0,
        1.0,
        1.0
    ],
    "nloop": 1,
    "Action": 63.89262285474832,
    "Grad_Action": 2.185193792623253e-10,
    "Newton_Error": 5.5312678811706146e-11,
    "Min_Distance": 0.02144489885607698,
    "Max_PathLength": 3.5417618485542306,
    "Hash": [
        63.89262285474832,
        29.655731729019262,
        45.73819534397854,
        96.48505018871515,
        264.5106057262265
    ],
    "xinf": -0.10321868896038579,
    "xsup": 0.08836440109639339,
    "yinf": -0.09579154502838969,
    "ysup": 0.09579154502838949,
    "loopnb": [
        3
    ],
    "Targets": [
        [
            0,
            1,
            2
        ]
    ],
    "SpaceRotsUn": [
        [
            [
                [
                    1.0,
                    0.0
                ],
                [
                    0.0,
                    1.0
                ]
            ],
            [
                [
                    1.0,
                    0.0
                ],
                [
                    0.0,
                    1.0
                ]
            ],
            [
                [
                    1.0,
                    0.0
                ],
                [
                    0.0,
                    1.0
                ]
            ]
        ]
    ],
    "TimeRevsUn": [
        [
            1,
            1,
            1
        ]
    ],
    "TimeShiftNumUn": [
        [
            0,
            1,
            2
        ]
    ],
    "TimeShiftDenUn": [
        [
            1,
            3,
            3
        ]
    ],
    "RequiresLoopDispUn": [
        [
            true,
            false,
            false
        ]
    ]
}