{
    "nbody": 3,
    "n_int": 49152,
    "mass": [
        1.0,
        1.0,
        1.0
    ],
    "nloop": 1,
    "Action": 72.73177854215614,
    "Grad_Action": 3.6663587516940605e-12,
    "Newton_Error": 1.7987856233562935e-11,
    "Min_Distance": 0.00714680702127559,
    "Max_PathLength": 3.6469396940194523,
    "Hash": [
        72.73177854215615,
        32.97447954203099,
        51.15710895008251,
        113.32119810177568,
        344.93579755819803
    ],
    "xinf": -0.07016252768313694,
    "xsup": 0.08155449765623848,
    "yinf": -0.07585851266968782,
    "ysup": 0.0758585126696876,
    "loopnb": [
        3
    ],
    "Targets": [
        [
            0,
            1,
            2
        ]
    ],
    "SpaceRotsUn": [
        [
            [
                [
                    1.0,
                    0.0
                ],
                [
                    0.0,
                    1.0
                ]
            ],
            [
                [
                    1.0,
                    0.0
                ],
                [
                    0.0,
                    1.0
                ]
            ],
            [
                [
                    1.0,
                    0.0
                ],
                [
                    0.0,
                    1.0
                ]
            ]
        ]
    ],
    "TimeRevsUn": [
        [
            1,
            1,
            1
        ]
    ],
    "TimeShiftNumUn": [
        [
            0,
            1,
            2
        ]
    ],
    "TimeShiftDenUn": [
        [
            1,
            3,
            3
        ]
    ],
    "RequiresLoopDispUn": [
        [
            true,
            false,
            false
        ]
    ]
}