{
    "nbody": 3,
    "n_int": 24576,
    "mass": [
        1.0,
        1.0,
        1.0
    ],
    "nloop": 1,
    "Action": 88.14474431129392,
    "Grad_Action": 3.3966275896696116e-14,
    "Newton_Error": 3.785864504726631e-14,
    "Min_Distance": 0.008224820088424045,
    "Max_PathLength": 4.092341014035849,
    "Hash": [
        88.14474431129392,
        38.746387540249934,
        60.68928874708713,
        141.58138138447,
        458.90435073016414
    ],
    "xinf": -0.07634138902680358,
    "xsup": 0.09350016320657985,
    "yinf": -0.08492077611669169,
    "ysup": 0.08492077611669174,
    "loopnb": [
        3
    ],
    "Targets": [
        [
            0,
            1,
            2
        ]
    ],
    "SpaceRotsUn": [
        [
            [
                [
                    1.0,
                    0.0
                ],
                [
                    0.0,
                    1.0
                ]
            ],
            [
                [
                    1.0,
                    0.0
                ],
                [
                    0.0,
                    1.0
                ]
            ],
            [
                [
                    1.0,
                    0.0
                ],
                [
                    0.0,
                    1.0
                ]
            ]
        ]
    ],
    "TimeRevsUn": [
        [
            1,
            1,
            1
        ]
    ],
    "TimeShiftNumUn": [
        [
            0,
            1,
            2
        ]
    ],
    "TimeShiftDenUn": [
        [
            1,
            3,
            3
        ]
    ],
    "RequiresLoopDispUn": [
        [
            true,
            false,
            false
        ]
    ]
}