{
    "nbody": 3,
    "n_int": 98304,
    "mass": [
        1.0,
        1.0,
        1.0
    ],
    "nloop": 1,
    "Action": 57.58237012343152,
    "Grad_Action": 1.8089345335691743e-10,
    "Newton_Error": 4.0370847332578605e-11,
    "Min_Distance": 0.010950306238892102,
    "Max_PathLength": 3.3298203728705174,
    "Hash": [
        57.582370123431524,
        27.265514477784606,
        41.75018391342079,
        85.47306487803748,
        227.20388232916835
    ],
    "xinf": -0.10406782251276203,
    "xsup": 0.07386894018392173,
    "yinf": -0.08896838134834181,
    "ysup": 0.08896838134834195,
    "loopnb": [
        3
    ],
    "Targets": [
        [
            0,
            1,
            2
        ]
    ],
    "SpaceRotsUn": [
        [
            [
                [
                    1.0,
                    0.0
                ],
                [
                    0.0,
                    1.0
                ]
            ],
            [
                [
                    1.0,
                    0.0
                ],
                [
                    0.0,
                    1.0
                ]
            ],
            [
                [
                    1.0,
                    0.0
                ],
                [
                    0.0,
                    1.0
                ]
            ]
        ]
    ],
    "TimeRevsUn": [
        [
            1,
            1,
            1
        ]
    ],
    "TimeShiftNumUn": [
        [
            0,
            1,
            2
        ]
    ],
    "TimeShiftDenUn": [
        [
            1,
            3,
            3
        ]
    ],
    "RequiresLoopDispUn": [
        [
            true,
            false,
            false
        ]
    ]
}