{
    "nbody": 3,
    "n_int": 196608,
    "mass": [
        1.0,
        1.0,
        1.0
    ],
    "nloop": 1,
    "Action": 78.37212427433099,
    "Grad_Action": 4.722806846071062e-14,
    "Newton_Error": 2.996772559455249e-14,
    "Min_Distance": 0.004556147262943279,
    "Max_PathLength": 3.8292618074073372,
    "Hash": [
        78.37212427433099,
        35.153357115675185,
        54.78317298696578,
        123.03181263110038,
        379.4101308305782
    ],
    "xinf": -0.08108324256225564,
    "xsup": 0.08076958327844962,
    "yinf": -0.08092641292035282,
    "ysup": 0.08092641292035244,
    "loopnb": [
        3
    ],
    "Targets": [
        [
            0,
            1,
            2
        ]
    ],
    "SpaceRotsUn": [
        [
            [
                [
                    1.0,
                    0.0
                ],
                [
                    0.0,
                    1.0
                ]
            ],
            [
                [
                    1.0,
                    0.0
                ],
                [
                    0.0,
                    1.0
                ]
            ],
            [
                [
                    1.0,
                    0.0
                ],
                [
                    0.0,
                    1.0
                ]
            ]
        ]
    ],
    "TimeRevsUn": [
        [
            1,
            1,
            1
        ]
    ],
    "TimeShiftNumUn": [
        [
            0,
            1,
            2
        ]
    ],
    "TimeShiftDenUn": [
        [
            1,
            3,
            3
        ]
    ],
    "RequiresLoopDispUn": [
        [
            true,
            false,
            false
        ]
    ]
}