{
    "nbody": 3,
    "n_int": 393216,
    "mass": [
        1.0,
        1.0,
        1.0
    ],
    "nloop": 1,
    "Action": 57.87194457112642,
    "Grad_Action": 1.00628134148325e-05,
    "Newton_Error": 7.621749140411746e-06,
    "Min_Distance": 0.0010444069148995625,
    "Max_PathLength": 3.196744561886831,
    "Hash": [
        57.87194457112642,
        27.25729789223727,
        41.63874796817298,
        87.92516258725978,
        269.96601965419774
    ],
    "xinf": -0.11297414277727952,
    "xsup": 0.06765682050162491,
    "yinf": -0.09031548163945224,
    "ysup": 0.09031548163945219,
    "loopnb": [
        3
    ],
    "Targets": [
        [
            0,
            1,
            2
        ]
    ],
    "SpaceRotsUn": [
        [
            [
                [
                    1.0,
                    0.0
                ],
                [
                    0.0,
                    1.0
                ]
            ],
            [
                [
                    1.0,
                    0.0
                ],
                [
                    0.0,
                    1.0
                ]
            ],
            [
                [
                    1.0,
                    0.0
                ],
                [
                    0.0,
                    1.0
                ]
            ]
        ]
    ],
    "TimeRevsUn": [
        [
            1,
            1,
            1
        ]
    ],
    "TimeShiftNumUn": [
        [
            0,
            1,
            2
        ]
    ],
    "TimeShiftDenUn": [
        [
            1,
            3,
            3
        ]
    ],
    "RequiresLoopDispUn": [
        [
            true,
            false,
            false
        ]
    ]
}