{
    "nbody": 3,
    "n_int": 98304,
    "mass": [
        1.0,
        1.0,
        1.0
    ],
    "nloop": 1,
    "Action": 59.601705814365715,
    "Grad_Action": 4.422685867131154e-14,
    "Newton_Error": 7.99676715702915e-15,
    "Min_Distance": 0.017259313462156787,
    "Max_PathLength": 3.309232913704778,
    "Hash": [
        59.601705814365715,
        27.758584575618126,
        42.56587985654493,
        90.75969140156066,
        256.98128385639274
    ],
    "xinf": -0.12374461577633927,
    "xsup": 0.1480802143346746,
    "yinf": -0.13591241505550705,
    "ysup": 0.13591241505550683,
    "loopnb": [
        3
    ],
    "Targets": [
        [
            0,
            1,
            2
        ]
    ],
    "SpaceRotsUn": [
        [
            [
                [
                    1.0,
                    0.0
                ],
                [
                    0.0,
                    1.0
                ]
            ],
            [
                [
                    1.0,
                    0.0
                ],
                [
                    0.0,
                    1.0
                ]
            ],
            [
                [
                    1.0,
                    0.0
                ],
                [
                    0.0,
                    1.0
                ]
            ]
        ]
    ],
    "TimeRevsUn": [
        [
            1,
            1,
            1
        ]
    ],
    "TimeShiftNumUn": [
        [
            0,
            1,
            2
        ]
    ],
    "TimeShiftDenUn": [
        [
            1,
            3,
            3
        ]
    ],
    "RequiresLoopDispUn": [
        [
            true,
            false,
            false
        ]
    ]
}