{
    "nbody": 3,
    "n_int": 49152,
    "mass": [
        1.0,
        1.0,
        1.0
    ],
    "nloop": 1,
    "Action": 58.650329896231014,
    "Grad_Action": 2.094016043706569e-12,
    "Newton_Error": 9.768922006617497e-13,
    "Min_Distance": 0.015336301116398207,
    "Max_PathLength": 3.3528217887093543,
    "Hash": [
        58.650329896231014,
        27.682345955855784,
        42.47112785338017,
        87.00669247732324,
        227.57820560766393
    ],
    "xinf": -0.08405042016219119,
    "xsup": 0.08002946809001213,
    "yinf": -0.0820399441261015,
    "ysup": 0.08203994412610183,
    "loopnb": [
        3
    ],
    "Targets": [
        [
            0,
            1,
            2
        ]
    ],
    "SpaceRotsUn": [
        [
            [
                [
                    1.0,
                    0.0
                ],
                [
                    0.0,
                    1.0
                ]
            ],
            [
                [
                    1.0,
                    0.0
                ],
                [
                    0.0,
                    1.0
                ]
            ],
            [
                [
                    1.0,
                    0.0
                ],
                [
                    0.0,
                    1.0
                ]
            ]
        ]
    ],
    "TimeRevsUn": [
        [
            1,
            1,
            1
        ]
    ],
    "TimeShiftNumUn": [
        [
            0,
            1,
            2
        ]
    ],
    "TimeShiftDenUn": [
        [
            1,
            3,
            3
        ]
    ],
    "RequiresLoopDispUn": [
        [
            true,
            false,
            false
        ]
    ]
}