{
    "nbody": 3,
    "n_int": 6144,
    "mass": [
        1.0,
        1.0,
        1.0
    ],
    "nloop": 1,
    "Action": 63.72949082829841,
    "Grad_Action": 5.485337086648156e-15,
    "Newton_Error": 3.358309134783152e-13,
    "Min_Distance": 0.01612230879372545,
    "Max_PathLength": 3.480234670170313,
    "Hash": [
        63.72949082829841,
        29.57634320407683,
        45.59910929123314,
        96.38261503538006,
        266.2213791747162
    ],
    "xinf": -0.11005761004540793,
    "xsup": 0.08210134140546399,
    "yinf": -0.09607947572543607,
    "ysup": 0.09607947572543585,
    "loopnb": [
        3
    ],
    "Targets": [
        [
            0,
            1,
            2
        ]
    ],
    "SpaceRotsUn": [
        [
            [
                [
                    1.0,
                    0.0
                ],
                [
                    0.0,
                    1.0
                ]
            ],
            [
                [
                    1.0,
                    0.0
                ],
                [
                    0.0,
                    1.0
                ]
            ],
            [
                [
                    1.0,
                    0.0
                ],
                [
                    0.0,
                    1.0
                ]
            ]
        ]
    ],
    "TimeRevsUn": [
        [
            1,
            1,
            1
        ]
    ],
    "TimeShiftNumUn": [
        [
            0,
            1,
            2
        ]
    ],
    "TimeShiftDenUn": [
        [
            1,
            3,
            3
        ]
    ],
    "RequiresLoopDispUn": [
        [
            true,
            false,
            false
        ]
    ]
}