{
    "nbody": 3,
    "n_int": 49152,
    "mass": [
        1.0,
        1.0,
        1.0
    ],
    "nloop": 1,
    "Action": 48.431084056131965,
    "Grad_Action": 7.653961995909239e-08,
    "Newton_Error": 8.061024293464396e-08,
    "Min_Distance": 0.005445911247256699,
    "Max_PathLength": 2.941920525325397,
    "Hash": [
        48.431084056131965,
        23.64003821043934,
        35.70907379978398,
        70.40822283250402,
        181.1294144213163
    ],
    "xinf": -0.10838606209309574,
    "xsup": 0.09455955065196732,
    "yinf": -0.1014728063725315,
    "ysup": 0.10147280637253156,
    "loopnb": [
        3
    ],
    "Targets": [
        [
            0,
            1,
            2
        ]
    ],
    "SpaceRotsUn": [
        [
            [
                [
                    1.0,
                    0.0
                ],
                [
                    0.0,
                    1.0
                ]
            ],
            [
                [
                    1.0,
                    0.0
                ],
                [
                    0.0,
                    1.0
                ]
            ],
            [
                [
                    1.0,
                    0.0
                ],
                [
                    0.0,
                    1.0
                ]
            ]
        ]
    ],
    "TimeRevsUn": [
        [
            1,
            1,
            1
        ]
    ],
    "TimeShiftNumUn": [
        [
            0,
            1,
            2
        ]
    ],
    "TimeShiftDenUn": [
        [
            1,
            3,
            3
        ]
    ],
    "RequiresLoopDispUn": [
        [
            true,
            false,
            false
        ]
    ]
}