{
    "nbody": 3,
    "n_int": 6144,
    "mass": [
        1.0,
        1.0,
        1.0
    ],
    "nloop": 1,
    "Action": 86.99875245309755,
    "Grad_Action": 3.1639311790827436e-15,
    "Newton_Error": 4.277314039050765e-13,
    "Min_Distance": 0.015220691036656648,
    "Max_PathLength": 4.177639059435208,
    "Hash": [
        86.99875245309754,
        38.56004659969011,
        60.51598600839482,
        136.72635004637974,
        411.1827551226175
    ],
    "xinf": -0.05655338019032948,
    "xsup": 0.06059501507383339,
    "yinf": -0.05857419763208145,
    "ysup": 0.05857419763208142,
    "loopnb": [
        3
    ],
    "Targets": [
        [
            0,
            1,
            2
        ]
    ],
    "SpaceRotsUn": [
        [
            [
                [
                    1.0,
                    0.0
                ],
                [
                    0.0,
                    1.0
                ]
            ],
            [
                [
                    1.0,
                    0.0
                ],
                [
                    0.0,
                    1.0
                ]
            ],
            [
                [
                    1.0,
                    0.0
                ],
                [
                    0.0,
                    1.0
                ]
            ]
        ]
    ],
    "TimeRevsUn": [
        [
            1,
            1,
            1
        ]
    ],
    "TimeShiftNumUn": [
        [
            0,
            1,
            2
        ]
    ],
    "TimeShiftDenUn": [
        [
            1,
            3,
            3
        ]
    ],
    "RequiresLoopDispUn": [
        [
            true,
            false,
            false
        ]
    ]
}