{
    "nbody": 3,
    "n_int": 49152,
    "mass": [
        1.0,
        1.0,
        1.0
    ],
    "nloop": 1,
    "Action": 87.78505362786287,
    "Grad_Action": 2.4206724481258294e-14,
    "Newton_Error": 9.758523682230045e-12,
    "Min_Distance": 0.0041368421753207995,
    "Max_PathLength": 3.953952004675902,
    "Hash": [
        87.78505362786287,
        38.5618587604298,
        60.268125704165655,
        142.53845012835086,
        490.33523879592536
    ],
    "xinf": -0.05239518198743631,
    "xsup": 0.07992254366046087,
    "yinf": -0.06615886282394853,
    "ysup": 0.06615886282394864,
    "loopnb": [
        3
    ],
    "Targets": [
        [
            0,
            1,
            2
        ]
    ],
    "SpaceRotsUn": [
        [
            [
                [
                    1.0,
                    0.0
                ],
                [
                    0.0,
                    1.0
                ]
            ],
            [
                [
                    1.0,
                    0.0
                ],
                [
                    0.0,
                    1.0
                ]
            ],
            [
                [
                    1.0,
                    0.0
                ],
                [
                    0.0,
                    1.0
                ]
            ]
        ]
    ],
    "TimeRevsUn": [
        [
            1,
            1,
            1
        ]
    ],
    "TimeShiftNumUn": [
        [
            0,
            1,
            2
        ]
    ],
    "TimeShiftDenUn": [
        [
            1,
            3,
            3
        ]
    ],
    "RequiresLoopDispUn": [
        [
            true,
            false,
            false
        ]
    ]
}