{
    "nbody": 3,
    "n_int": 49152,
    "mass": [
        1.0,
        1.0,
        1.0
    ],
    "nloop": 1,
    "Action": 86.77289752190171,
    "Grad_Action": 7.275051774682725e-14,
    "Newton_Error": 3.5382686638289805e-14,
    "Min_Distance": 0.0070529888072481785,
    "Max_PathLength": 3.9088013597079088,
    "Hash": [
        86.7728975219017,
        37.983666919764104,
        59.326720170548484,
        141.57222185230333,
        483.00896329317425
    ],
    "xinf": -0.12052479826329594,
    "xsup": 0.07770981389225841,
    "yinf": -0.0991173060777771,
    "ysup": 0.09911730607777725,
    "loopnb": [
        3
    ],
    "Targets": [
        [
            0,
            1,
            2
        ]
    ],
    "SpaceRotsUn": [
        [
            [
                [
                    1.0,
                    0.0
                ],
                [
                    0.0,
                    1.0
                ]
            ],
            [
                [
                    1.0,
                    0.0
                ],
                [
                    0.0,
                    1.0
                ]
            ],
            [
                [
                    1.0,
                    0.0
                ],
                [
                    0.0,
                    1.0
                ]
            ]
        ]
    ],
    "TimeRevsUn": [
        [
            1,
            1,
            1
        ]
    ],
    "TimeShiftNumUn": [
        [
            0,
            1,
            2
        ]
    ],
    "TimeShiftDenUn": [
        [
            1,
            3,
            3
        ]
    ],
    "RequiresLoopDispUn": [
        [
            true,
            false,
            false
        ]
    ]
}