{
    "nbody": 3,
    "n_int": 98304,
    "mass": [
        1.0,
        1.0,
        1.0
    ],
    "nloop": 1,
    "Action": 77.18037702053647,
    "Grad_Action": 3.2745124637318573e-14,
    "Newton_Error": 1.3353567536727575e-13,
    "Min_Distance": 0.002937114780886602,
    "Max_PathLength": 3.666514869418212,
    "Hash": [
        77.18037702053647,
        34.578020085830644,
        53.72359794118472,
        122.80134140820692,
        404.7272349739116
    ],
    "xinf": -0.1031350504110535,
    "xsup": 0.06922464958707256,
    "yinf": -0.08617984999906314,
    "ysup": 0.08617984999906292,
    "loopnb": [
        3
    ],
    "Targets": [
        [
            0,
            1,
            2
        ]
    ],
    "SpaceRotsUn": [
        [
            [
                [
                    1.0,
                    0.0
                ],
                [
                    0.0,
                    1.0
                ]
            ],
            [
                [
                    1.0,
                    0.0
                ],
                [
                    0.0,
                    1.0
                ]
            ],
            [
                [
                    1.0,
                    0.0
                ],
                [
                    0.0,
                    1.0
                ]
            ]
        ]
    ],
    "TimeRevsUn": [
        [
            1,
            1,
            1
        ]
    ],
    "TimeShiftNumUn": [
        [
            0,
            1,
            2
        ]
    ],
    "TimeShiftDenUn": [
        [
            1,
            3,
            3
        ]
    ],
    "RequiresLoopDispUn": [
        [
            true,
            false,
            false
        ]
    ]
}