{
    "nbody": 3,
    "n_int": 12288,
    "mass": [
        1.0,
        1.0,
        1.0
    ],
    "nloop": 1,
    "Action": 61.53601106573386,
    "Grad_Action": 4.050559523108792e-14,
    "Newton_Error": 3.944942305930985e-13,
    "Min_Distance": 0.010438633916452465,
    "Max_PathLength": 3.2521806709039085,
    "Hash": [
        61.53601106573385,
        28.091905507244604,
        43.01470421985164,
        97.79943629598439,
        318.4101659029524
    ],
    "xinf": -0.22300586914162362,
    "xsup": 0.12411400010257678,
    "yinf": -0.17355993462210018,
    "ysup": 0.17355993462210023,
    "loopnb": [
        3
    ],
    "Targets": [
        [
            0,
            1,
            2
        ]
    ],
    "SpaceRotsUn": [
        [
            [
                [
                    1.0,
                    0.0
                ],
                [
                    0.0,
                    1.0
                ]
            ],
            [
                [
                    1.0,
                    0.0
                ],
                [
                    0.0,
                    1.0
                ]
            ],
            [
                [
                    1.0,
                    0.0
                ],
                [
                    0.0,
                    1.0
                ]
            ]
        ]
    ],
    "TimeRevsUn": [
        [
            1,
            1,
            1
        ]
    ],
    "TimeShiftNumUn": [
        [
            0,
            1,
            2
        ]
    ],
    "TimeShiftDenUn": [
        [
            1,
            3,
            3
        ]
    ],
    "RequiresLoopDispUn": [
        [
            true,
            false,
            false
        ]
    ]
}