{
    "nbody": 3,
    "n_int": 196608,
    "mass": [
        1.0,
        1.0,
        1.0
    ],
    "nloop": 1,
    "Action": 65.00774914149171,
    "Grad_Action": 1.762824326205981e-14,
    "Newton_Error": 1.9137239987833273e-13,
    "Min_Distance": 0.0019999323832819538,
    "Max_PathLength": 3.2728165564439653,
    "Hash": [
        65.00774914149173,
        29.629544556652206,
        45.54922487700857,
        102.73552911746059,
        331.35482947320145
    ],
    "xinf": -0.12456134686156714,
    "xsup": 0.1502967649924176,
    "yinf": -0.13742905592699248,
    "ysup": 0.13742905592699226,
    "loopnb": [
        3
    ],
    "Targets": [
        [
            0,
            1,
            2
        ]
    ],
    "SpaceRotsUn": [
        [
            [
                [
                    1.0,
                    0.0
                ],
                [
                    0.0,
                    1.0
                ]
            ],
            [
                [
                    1.0,
                    0.0
                ],
                [
                    0.0,
                    1.0
                ]
            ],
            [
                [
                    1.0,
                    0.0
                ],
                [
                    0.0,
                    1.0
                ]
            ]
        ]
    ],
    "TimeRevsUn": [
        [
            1,
            1,
            1
        ]
    ],
    "TimeShiftNumUn": [
        [
            0,
            1,
            2
        ]
    ],
    "TimeShiftDenUn": [
        [
            1,
            3,
            3
        ]
    ],
    "RequiresLoopDispUn": [
        [
            true,
            false,
            false
        ]
    ]
}