{
    "nbody": 3,
    "n_int": 3072,
    "mass": [
        1.0,
        1.0,
        1.0
    ],
    "nloop": 1,
    "Action": 48.555726208290395,
    "Grad_Action": 2.0399098926109845e-15,
    "Newton_Error": 3.595007962400716e-15,
    "Min_Distance": 0.0516422929423024,
    "Max_PathLength": 3.1201709106088016,
    "Hash": [
        48.555726208290395,
        23.78552162614183,
        36.010071542512485,
        69.41790527802182,
        163.10125029199858
    ],
    "xinf": -0.10024716159800845,
    "xsup": 0.10024716375639653,
    "yinf": -0.10024716267720249,
    "ysup": 0.10024716267720249,
    "loopnb": [
        3
    ],
    "Targets": [
        [
            0,
            1,
            2
        ]
    ],
    "SpaceRotsUn": [
        [
            [
                [
                    1.0,
                    0.0
                ],
                [
                    0.0,
                    1.0
                ]
            ],
            [
                [
                    1.0,
                    0.0
                ],
                [
                    0.0,
                    1.0
                ]
            ],
            [
                [
                    1.0,
                    0.0
                ],
                [
                    0.0,
                    1.0
                ]
            ]
        ]
    ],
    "TimeRevsUn": [
        [
            1,
            1,
            1
        ]
    ],
    "TimeShiftNumUn": [
        [
            0,
            1,
            2
        ]
    ],
    "TimeShiftDenUn": [
        [
            1,
            3,
            3
        ]
    ],
    "RequiresLoopDispUn": [
        [
            true,
            false,
            false
        ]
    ]
}