{
    "nbody": 3,
    "n_int": 1536,
    "mass": [
        1.0,
        1.0,
        1.0
    ],
    "nloop": 1,
    "Action": 54.664938466624506,
    "Grad_Action": 6.183321591881033e-15,
    "Newton_Error": 9.102101173056488e-15,
    "Min_Distance": 0.0425701700181674,
    "Max_PathLength": 3.309045788413608,
    "Hash": [
        54.664938466624506,
        26.086594267015368,
        39.83425949648359,
        80.32911567968459,
        203.87239889965605
    ],
    "xinf": -0.11449076221471877,
    "xsup": 0.11449076221471871,
    "yinf": -0.11449076221471874,
    "ysup": 0.11449076221471874,
    "loopnb": [
        3
    ],
    "Targets": [
        [
            0,
            1,
            2
        ]
    ],
    "SpaceRotsUn": [
        [
            [
                [
                    1.0,
                    0.0
                ],
                [
                    0.0,
                    1.0
                ]
            ],
            [
                [
                    1.0,
                    0.0
                ],
                [
                    0.0,
                    1.0
                ]
            ],
            [
                [
                    1.0,
                    0.0
                ],
                [
                    0.0,
                    1.0
                ]
            ]
        ]
    ],
    "TimeRevsUn": [
        [
            1,
            1,
            1
        ]
    ],
    "TimeShiftNumUn": [
        [
            0,
            1,
            2
        ]
    ],
    "TimeShiftDenUn": [
        [
            1,
            3,
            3
        ]
    ],
    "RequiresLoopDispUn": [
        [
            true,
            false,
            false
        ]
    ]
}