{
    "nbody": 3,
    "n_int": 98304,
    "mass": [
        1.0,
        1.0,
        1.0
    ],
    "nloop": 1,
    "Action": 86.17656710849576,
    "Grad_Action": 9.147684065584098e-14,
    "Newton_Error": 7.985730578018775e-13,
    "Min_Distance": 0.0028062272329445214,
    "Max_PathLength": 3.817728761338625,
    "Hash": [
        86.17656710849576,
        37.81300239477244,
        58.95085945112111,
        141.36323649902172,
        507.8394495311213
    ],
    "xinf": -0.11988888765688996,
    "xsup": 0.0674921566623741,
    "yinf": -0.09369052215963199,
    "ysup": 0.09369052215963207,
    "loopnb": [
        3
    ],
    "Targets": [
        [
            0,
            1,
            2
        ]
    ],
    "SpaceRotsUn": [
        [
            [
                [
                    1.0,
                    0.0
                ],
                [
                    0.0,
                    1.0
                ]
            ],
            [
                [
                    1.0,
                    0.0
                ],
                [
                    0.0,
                    1.0
                ]
            ],
            [
                [
                    1.0,
                    0.0
                ],
                [
                    0.0,
                    1.0
                ]
            ]
        ]
    ],
    "TimeRevsUn": [
        [
            1,
            1,
            1
        ]
    ],
    "TimeShiftNumUn": [
        [
            0,
            1,
            2
        ]
    ],
    "TimeShiftDenUn": [
        [
            1,
            3,
            3
        ]
    ],
    "RequiresLoopDispUn": [
        [
            true,
            false,
            false
        ]
    ]
}