{
    "nbody": 3,
    "n_int": 49152,
    "mass": [
        1.0,
        1.0,
        1.0
    ],
    "nloop": 1,
    "Action": 67.45676709259249,
    "Grad_Action": 3.1574485264233515e-14,
    "Newton_Error": 1.1579755352898472e-14,
    "Min_Distance": 0.017088733053597042,
    "Max_PathLength": 3.6146298949093256,
    "Hash": [
        67.45676709259249,
        31.076887983287126,
        48.10000708517079,
        102.37872630008373,
        284.0932154384703
    ],
    "xinf": -0.0677994553038079,
    "xsup": 0.0779396752653366,
    "yinf": -0.07286956528457236,
    "ysup": 0.07286956528457214,
    "loopnb": [
        3
    ],
    "Targets": [
        [
            0,
            1,
            2
        ]
    ],
    "SpaceRotsUn": [
        [
            [
                [
                    1.0,
                    0.0
                ],
                [
                    0.0,
                    1.0
                ]
            ],
            [
                [
                    1.0,
                    0.0
                ],
                [
                    0.0,
                    1.0
                ]
            ],
            [
                [
                    1.0,
                    0.0
                ],
                [
                    0.0,
                    1.0
                ]
            ]
        ]
    ],
    "TimeRevsUn": [
        [
            1,
            1,
            1
        ]
    ],
    "TimeShiftNumUn": [
        [
            0,
            1,
            2
        ]
    ],
    "TimeShiftDenUn": [
        [
            1,
            3,
            3
        ]
    ],
    "RequiresLoopDispUn": [
        [
            true,
            false,
            false
        ]
    ]
}