{
    "nbody": 3,
    "n_int": 196608,
    "mass": [
        1.0,
        1.0,
        1.0
    ],
    "nloop": 1,
    "Action": 70.0350464178058,
    "Grad_Action": 1.5575293180389022e-14,
    "Newton_Error": 1.2096497457152874e-13,
    "Min_Distance": 0.002471902749575756,
    "Max_PathLength": 3.5594572890978013,
    "Hash": [
        70.0350464178058,
        31.962396121994026,
        49.44426111262744,
        108.95269324858845,
        341.6396117018416
    ],
    "xinf": -0.0776381873818314,
    "xsup": 0.06574521772525324,
    "yinf": -0.07169170255354225,
    "ysup": 0.07169170255354239,
    "loopnb": [
        3
    ],
    "Targets": [
        [
            0,
            1,
            2
        ]
    ],
    "SpaceRotsUn": [
        [
            [
                [
                    1.0,
                    0.0
                ],
                [
                    0.0,
                    1.0
                ]
            ],
            [
                [
                    1.0,
                    0.0
                ],
                [
                    0.0,
                    1.0
                ]
            ],
            [
                [
                    1.0,
                    0.0
                ],
                [
                    0.0,
                    1.0
                ]
            ]
        ]
    ],
    "TimeRevsUn": [
        [
            1,
            1,
            1
        ]
    ],
    "TimeShiftNumUn": [
        [
            0,
            1,
            2
        ]
    ],
    "TimeShiftDenUn": [
        [
            1,
            3,
            3
        ]
    ],
    "RequiresLoopDispUn": [
        [
            true,
            false,
            false
        ]
    ]
}