{
    "nbody": 3,
    "n_int": 49152,
    "mass": [
        1.0,
        1.0,
        1.0
    ],
    "nloop": 1,
    "Action": 63.70682771122243,
    "Grad_Action": 8.657837304075804e-14,
    "Newton_Error": 1.797089409401776e-14,
    "Min_Distance": 0.01831022427479806,
    "Max_PathLength": 3.513948527589771,
    "Hash": [
        63.70682771122243,
        29.56091401619639,
        45.57232600789028,
        96.3886671194525,
        266.4227737528489
    ],
    "xinf": -0.0710039923536126,
    "xsup": 0.0999911251093607,
    "yinf": -0.08549755873148662,
    "ysup": 0.08549755873148668,
    "loopnb": [
        3
    ],
    "Targets": [
        [
            0,
            1,
            2
        ]
    ],
    "SpaceRotsUn": [
        [
            [
                [
                    1.0,
                    0.0
                ],
                [
                    0.0,
                    1.0
                ]
            ],
            [
                [
                    1.0,
                    0.0
                ],
                [
                    0.0,
                    1.0
                ]
            ],
            [
                [
                    1.0,
                    0.0
                ],
                [
                    0.0,
                    1.0
                ]
            ]
        ]
    ],
    "TimeRevsUn": [
        [
            1,
            1,
            1
        ]
    ],
    "TimeShiftNumUn": [
        [
            0,
            1,
            2
        ]
    ],
    "TimeShiftDenUn": [
        [
            1,
            3,
            3
        ]
    ],
    "RequiresLoopDispUn": [
        [
            true,
            false,
            false
        ]
    ]
}