{
    "nbody": 3,
    "n_int": 49152,
    "mass": [
        1.0,
        1.0,
        1.0
    ],
    "nloop": 1,
    "Action": 86.9301830818413,
    "Grad_Action": 6.191716705343168e-14,
    "Newton_Error": 2.86088850253786e-13,
    "Min_Distance": 0.005481941635662864,
    "Max_PathLength": 3.877418229364574,
    "Hash": [
        86.9301830818413,
        38.082956837381936,
        59.44691871103463,
        142.14103764738985,
        495.05677334612005
    ],
    "xinf": -0.11010665415595569,
    "xsup": 0.06505645480123498,
    "yinf": -0.08758155447859528,
    "ysup": 0.08758155447859539,
    "loopnb": [
        3
    ],
    "Targets": [
        [
            0,
            1,
            2
        ]
    ],
    "SpaceRotsUn": [
        [
            [
                [
                    1.0,
                    0.0
                ],
                [
                    0.0,
                    1.0
                ]
            ],
            [
                [
                    1.0,
                    0.0
                ],
                [
                    0.0,
                    1.0
                ]
            ],
            [
                [
                    1.0,
                    0.0
                ],
                [
                    0.0,
                    1.0
                ]
            ]
        ]
    ],
    "TimeRevsUn": [
        [
            1,
            1,
            1
        ]
    ],
    "TimeShiftNumUn": [
        [
            0,
            1,
            2
        ]
    ],
    "TimeShiftDenUn": [
        [
            1,
            3,
            3
        ]
    ],
    "RequiresLoopDispUn": [
        [
            true,
            false,
            false
        ]
    ]
}