{
    "nbody": 3,
    "n_int": 49152,
    "mass": [
        1.0,
        1.0,
        1.0
    ],
    "nloop": 1,
    "Action": 73.20866926950154,
    "Grad_Action": 2.058903235929338e-14,
    "Newton_Error": 4.972605325726448e-14,
    "Min_Distance": 0.004849152204099367,
    "Max_PathLength": 3.705971305661886,
    "Hash": [
        73.20866926950154,
        33.2804815252454,
        51.73133083123786,
        112.7916518838,
        329.4277064279672
    ],
    "xinf": -0.0688307557398809,
    "xsup": 0.07425966296845704,
    "yinf": -0.07154520935416894,
    "ysup": 0.071545209354169,
    "loopnb": [
        3
    ],
    "Targets": [
        [
            0,
            1,
            2
        ]
    ],
    "SpaceRotsUn": [
        [
            [
                [
                    1.0,
                    0.0
                ],
                [
                    0.0,
                    1.0
                ]
            ],
            [
                [
                    1.0,
                    0.0
                ],
                [
                    0.0,
                    1.0
                ]
            ],
            [
                [
                    1.0,
                    0.0
                ],
                [
                    0.0,
                    1.0
                ]
            ]
        ]
    ],
    "TimeRevsUn": [
        [
            1,
            1,
            1
        ]
    ],
    "TimeShiftNumUn": [
        [
            0,
            1,
            2
        ]
    ],
    "TimeShiftDenUn": [
        [
            1,
            3,
            3
        ]
    ],
    "RequiresLoopDispUn": [
        [
            true,
            false,
            false
        ]
    ]
}