{
    "nbody": 3,
    "n_int": 786432,
    "mass": [
        1.0,
        1.0,
        1.0
    ],
    "nloop": 1,
    "Action": 74.55530922511385,
    "Grad_Action": 4.719727064067748e-14,
    "Newton_Error": 4.906069213015465e-13,
    "Min_Distance": 0.0010500904019036402,
    "Max_PathLength": 3.419732290109795,
    "Hash": [
        74.55530922511386,
        33.08745728949794,
        51.14420373472052,
        122.2024838380008,
        437.65119067673896
    ],
    "xinf": -0.12425146818177724,
    "xsup": 0.15355554317752873,
    "yinf": -0.13890350567965298,
    "ysup": 0.13890350567965298,
    "loopnb": [
        3
    ],
    "Targets": [
        [
            0,
            1,
            2
        ]
    ],
    "SpaceRotsUn": [
        [
            [
                [
                    1.0,
                    0.0
                ],
                [
                    0.0,
                    1.0
                ]
            ],
            [
                [
                    1.0,
                    0.0
                ],
                [
                    0.0,
                    1.0
                ]
            ],
            [
                [
                    1.0,
                    0.0
                ],
                [
                    0.0,
                    1.0
                ]
            ]
        ]
    ],
    "TimeRevsUn": [
        [
            1,
            1,
            1
        ]
    ],
    "TimeShiftNumUn": [
        [
            0,
            1,
            2
        ]
    ],
    "TimeShiftDenUn": [
        [
            1,
            3,
            3
        ]
    ],
    "RequiresLoopDispUn": [
        [
            true,
            false,
            false
        ]
    ]
}