{
    "nbody": 3,
    "n_int": 6144,
    "mass": [
        1.0,
        1.0,
        1.0
    ],
    "nloop": 1,
    "Action": 86.96373296537601,
    "Grad_Action": 1.3694993936959477e-14,
    "Newton_Error": 3.812064246462326e-14,
    "Min_Distance": 0.015922352632464866,
    "Max_PathLength": 4.175779598646849,
    "Hash": [
        86.96373296537601,
        38.54320559112793,
        60.48609190626991,
        136.70440855315542,
        411.52074014130505
    ],
    "xinf": -0.06419113016227979,
    "xsup": 0.05779039889408774,
    "yinf": -0.06099076452818378,
    "ysup": 0.06099076452818375,
    "loopnb": [
        3
    ],
    "Targets": [
        [
            0,
            1,
            2
        ]
    ],
    "SpaceRotsUn": [
        [
            [
                [
                    1.0,
                    0.0
                ],
                [
                    0.0,
                    1.0
                ]
            ],
            [
                [
                    1.0,
                    0.0
                ],
                [
                    0.0,
                    1.0
                ]
            ],
            [
                [
                    1.0,
                    0.0
                ],
                [
                    0.0,
                    1.0
                ]
            ]
        ]
    ],
    "TimeRevsUn": [
        [
            1,
            1,
            1
        ]
    ],
    "TimeShiftNumUn": [
        [
            0,
            1,
            2
        ]
    ],
    "TimeShiftDenUn": [
        [
            1,
            3,
            3
        ]
    ],
    "RequiresLoopDispUn": [
        [
            true,
            false,
            false
        ]
    ]
}