{
    "nbody": 3,
    "n_int": 12288,
    "mass": [
        1.0,
        1.0,
        1.0
    ],
    "nloop": 1,
    "Action": 47.35545780230399,
    "Grad_Action": 8.451759089968004e-15,
    "Newton_Error": 1.4676123877041173e-14,
    "Min_Distance": 0.014325363123790867,
    "Max_PathLength": 2.982178119205752,
    "Hash": [
        47.35545780230399,
        23.13310628992469,
        34.87854700284627,
        68.95656292360101,
        175.68356508799206
    ],
    "xinf": -0.12673873283882886,
    "xsup": 0.09750639275369818,
    "yinf": -0.11212256279626354,
    "ysup": 0.11212256279626351,
    "loopnb": [
        3
    ],
    "Targets": [
        [
            0,
            1,
            2
        ]
    ],
    "SpaceRotsUn": [
        [
            [
                [
                    1.0,
                    0.0
                ],
                [
                    0.0,
                    1.0
                ]
            ],
            [
                [
                    1.0,
                    0.0
                ],
                [
                    0.0,
                    1.0
                ]
            ],
            [
                [
                    1.0,
                    0.0
                ],
                [
                    0.0,
                    1.0
                ]
            ]
        ]
    ],
    "TimeRevsUn": [
        [
            1,
            1,
            1
        ]
    ],
    "TimeShiftNumUn": [
        [
            0,
            1,
            2
        ]
    ],
    "TimeShiftDenUn": [
        [
            1,
            3,
            3
        ]
    ],
    "RequiresLoopDispUn": [
        [
            true,
            false,
            false
        ]
    ]
}