{
    "nbody": 3,
    "n_int": 6144,
    "mass": [
        1.0,
        1.0,
        1.0
    ],
    "nloop": 1,
    "Action": 70.2194554214067,
    "Grad_Action": 1.9636768020026004e-14,
    "Newton_Error": 2.4871725330813536e-14,
    "Min_Distance": 0.01877876237301715,
    "Max_PathLength": 3.664145315627491,
    "Hash": [
        70.2194554214067,
        31.80168111635508,
        49.22235630855524,
        110.01508408506606,
        335.54725319515904
    ],
    "xinf": -0.14056705326332275,
    "xsup": 0.11404063886804644,
    "yinf": -0.1273038460656845,
    "ysup": 0.12730384606568468,
    "loopnb": [
        3
    ],
    "Targets": [
        [
            0,
            1,
            2
        ]
    ],
    "SpaceRotsUn": [
        [
            [
                [
                    1.0,
                    0.0
                ],
                [
                    0.0,
                    1.0
                ]
            ],
            [
                [
                    1.0,
                    0.0
                ],
                [
                    0.0,
                    1.0
                ]
            ],
            [
                [
                    1.0,
                    0.0
                ],
                [
                    0.0,
                    1.0
                ]
            ]
        ]
    ],
    "TimeRevsUn": [
        [
            1,
            1,
            1
        ]
    ],
    "TimeShiftNumUn": [
        [
            0,
            1,
            2
        ]
    ],
    "TimeShiftDenUn": [
        [
            1,
            3,
            3
        ]
    ],
    "RequiresLoopDispUn": [
        [
            true,
            false,
            false
        ]
    ]
}