{
    "nbody": 3,
    "n_int": 6144,
    "mass": [
        1.0,
        1.0,
        1.0
    ],
    "nloop": 1,
    "Action": 51.65052467323119,
    "Grad_Action": 1.304349994341214e-14,
    "Newton_Error": 9.354342514967183e-15,
    "Min_Distance": 0.01898416830709323,
    "Max_PathLength": 3.1680846743748425,
    "Hash": [
        51.65052467323119,
        24.939505825113876,
        37.90662082816111,
        75.21220179122645,
        188.09073596741192
    ],
    "xinf": -0.10200978834213134,
    "xsup": 0.08647415804646871,
    "yinf": -0.09424197319429994,
    "ysup": 0.09424197319430011,
    "loopnb": [
        3
    ],
    "Targets": [
        [
            0,
            1,
            2
        ]
    ],
    "SpaceRotsUn": [
        [
            [
                [
                    1.0,
                    0.0
                ],
                [
                    0.0,
                    1.0
                ]
            ],
            [
                [
                    1.0,
                    0.0
                ],
                [
                    0.0,
                    1.0
                ]
            ],
            [
                [
                    1.0,
                    0.0
                ],
                [
                    0.0,
                    1.0
                ]
            ]
        ]
    ],
    "TimeRevsUn": [
        [
            1,
            1,
            1
        ]
    ],
    "TimeShiftNumUn": [
        [
            0,
            1,
            2
        ]
    ],
    "TimeShiftDenUn": [
        [
            1,
            3,
            3
        ]
    ],
    "RequiresLoopDispUn": [
        [
            true,
            false,
            false
        ]
    ]
}