{
    "nbody": 3,
    "n_int": 49152,
    "mass": [
        1.0,
        1.0,
        1.0
    ],
    "nloop": 1,
    "Action": 64.67632110759396,
    "Grad_Action": 1.463693229983843e-14,
    "Newton_Error": 4.883213791278537e-14,
    "Min_Distance": 0.005933800787767146,
    "Max_PathLength": 3.339945021810608,
    "Hash": [
        64.67632110759396,
        29.898004563705186,
        46.07730968944918,
        98.90805093183377,
        288.90822895701007
    ],
    "xinf": -0.11084603481741293,
    "xsup": 0.09568895617890857,
    "yinf": -0.10326749549816067,
    "ysup": 0.10326749549816083,
    "loopnb": [
        3
    ],
    "Targets": [
        [
            0,
            1,
            2
        ]
    ],
    "SpaceRotsUn": [
        [
            [
                [
                    1.0,
                    0.0
                ],
                [
                    0.0,
                    1.0
                ]
            ],
            [
                [
                    1.0,
                    0.0
                ],
                [
                    0.0,
                    1.0
                ]
            ],
            [
                [
                    1.0,
                    0.0
                ],
                [
                    0.0,
                    1.0
                ]
            ]
        ]
    ],
    "TimeRevsUn": [
        [
            1,
            1,
            1
        ]
    ],
    "TimeShiftNumUn": [
        [
            0,
            1,
            2
        ]
    ],
    "TimeShiftDenUn": [
        [
            1,
            3,
            3
        ]
    ],
    "RequiresLoopDispUn": [
        [
            true,
            false,
            false
        ]
    ]
}