{
    "nbody": 3,
    "n_int": 98304,
    "mass": [
        1.0,
        1.0,
        1.0
    ],
    "nloop": 1,
    "Action": 77.81498085111491,
    "Grad_Action": 2.474548063054888e-14,
    "Newton_Error": 4.270400548284551e-14,
    "Min_Distance": 0.004433298767708687,
    "Max_PathLength": 3.8196371769768236,
    "Hash": [
        77.81498085111491,
        34.914997578262636,
        54.369032276857844,
        122.4353496415053,
        383.1211834134085
    ],
    "xinf": -0.10710738580910328,
    "xsup": 0.06236382175282262,
    "yinf": -0.08473560378096301,
    "ysup": 0.0847356037809629,
    "loopnb": [
        3
    ],
    "Targets": [
        [
            0,
            1,
            2
        ]
    ],
    "SpaceRotsUn": [
        [
            [
                [
                    1.0,
                    0.0
                ],
                [
                    0.0,
                    1.0
                ]
            ],
            [
                [
                    1.0,
                    0.0
                ],
                [
                    0.0,
                    1.0
                ]
            ],
            [
                [
                    1.0,
                    0.0
                ],
                [
                    0.0,
                    1.0
                ]
            ]
        ]
    ],
    "TimeRevsUn": [
        [
            1,
            1,
            1
        ]
    ],
    "TimeShiftNumUn": [
        [
            0,
            1,
            2
        ]
    ],
    "TimeShiftDenUn": [
        [
            1,
            3,
            3
        ]
    ],
    "RequiresLoopDispUn": [
        [
            true,
            false,
            false
        ]
    ]
}