{
    "nbody": 3,
    "n_int": 49152,
    "mass": [
        1.0,
        1.0,
        1.0
    ],
    "nloop": 1,
    "Action": 69.05987388029709,
    "Grad_Action": 3.3584689393002587e-09,
    "Newton_Error": 1.613764807574439e-09,
    "Min_Distance": 0.005440744001053094,
    "Max_PathLength": 3.506436332233992,
    "Hash": [
        69.05987388029709,
        31.4944802811273,
        48.672118328576,
        107.62244859808624,
        331.93776505935233
    ],
    "xinf": -0.10719614499751323,
    "xsup": 0.06679094842555167,
    "yinf": -0.08699354671153242,
    "ysup": 0.08699354671153248,
    "loopnb": [
        3
    ],
    "Targets": [
        [
            0,
            1,
            2
        ]
    ],
    "SpaceRotsUn": [
        [
            [
                [
                    1.0,
                    0.0
                ],
                [
                    0.0,
                    1.0
                ]
            ],
            [
                [
                    1.0,
                    0.0
                ],
                [
                    0.0,
                    1.0
                ]
            ],
            [
                [
                    1.0,
                    0.0
                ],
                [
                    0.0,
                    1.0
                ]
            ]
        ]
    ],
    "TimeRevsUn": [
        [
            1,
            1,
            1
        ]
    ],
    "TimeShiftNumUn": [
        [
            0,
            1,
            2
        ]
    ],
    "TimeShiftDenUn": [
        [
            1,
            3,
            3
        ]
    ],
    "RequiresLoopDispUn": [
        [
            true,
            false,
            false
        ]
    ]
}