{
    "nbody": 3,
    "n_int": 12288,
    "mass": [
        1.0,
        1.0,
        1.0
    ],
    "nloop": 1,
    "Action": 78.28600677328095,
    "Grad_Action": 6.992195144693336e-15,
    "Newton_Error": 1.4012921975448903e-14,
    "Min_Distance": 0.014622872697567275,
    "Max_PathLength": 3.9315271881547504,
    "Hash": [
        78.28600677328095,
        35.17738922945172,
        54.882857321433015,
        121.88776348806901,
        360.9010190145097
    ],
    "xinf": -0.05818353001686566,
    "xsup": 0.08085975376682822,
    "yinf": -0.06952164189184687,
    "ysup": 0.06952164189184701,
    "loopnb": [
        3
    ],
    "Targets": [
        [
            0,
            1,
            2
        ]
    ],
    "SpaceRotsUn": [
        [
            [
                [
                    1.0,
                    0.0
                ],
                [
                    0.0,
                    1.0
                ]
            ],
            [
                [
                    1.0,
                    0.0
                ],
                [
                    0.0,
                    1.0
                ]
            ],
            [
                [
                    1.0,
                    0.0
                ],
                [
                    0.0,
                    1.0
                ]
            ]
        ]
    ],
    "TimeRevsUn": [
        [
            1,
            1,
            1
        ]
    ],
    "TimeShiftNumUn": [
        [
            0,
            1,
            2
        ]
    ],
    "TimeShiftDenUn": [
        [
            1,
            3,
            3
        ]
    ],
    "RequiresLoopDispUn": [
        [
            true,
            false,
            false
        ]
    ]
}