{
    "nbody": 3,
    "n_int": 12288,
    "mass": [
        1.0,
        1.0,
        1.0
    ],
    "nloop": 1,
    "Action": 77.54542504245585,
    "Grad_Action": 8.763945968722987e-15,
    "Newton_Error": 2.1616136350048465e-14,
    "Min_Distance": 0.013623870459471717,
    "Max_PathLength": 3.8926646643076253,
    "Hash": [
        77.54542504245585,
        34.7959066322799,
        54.206582948950654,
        121.58847627536689,
        369.5183298758218
    ],
    "xinf": -0.0911484868996483,
    "xsup": 0.06585069023951393,
    "yinf": -0.07849958856958106,
    "ysup": 0.07849958856958117,
    "loopnb": [
        3
    ],
    "Targets": [
        [
            0,
            1,
            2
        ]
    ],
    "SpaceRotsUn": [
        [
            [
                [
                    1.0,
                    0.0
                ],
                [
                    0.0,
                    1.0
                ]
            ],
            [
                [
                    1.0,
                    0.0
                ],
                [
                    0.0,
                    1.0
                ]
            ],
            [
                [
                    1.0,
                    0.0
                ],
                [
                    0.0,
                    1.0
                ]
            ]
        ]
    ],
    "TimeRevsUn": [
        [
            1,
            1,
            1
        ]
    ],
    "TimeShiftNumUn": [
        [
            0,
            1,
            2
        ]
    ],
    "TimeShiftDenUn": [
        [
            1,
            3,
            3
        ]
    ],
    "RequiresLoopDispUn": [
        [
            true,
            false,
            false
        ]
    ]
}