{
    "nbody": 3,
    "n_int": 49152,
    "mass": [
        1.0,
        1.0,
        1.0
    ],
    "nloop": 1,
    "Action": 83.30581337065284,
    "Grad_Action": 5.512046371743755e-14,
    "Newton_Error": 6.95468757430783e-14,
    "Min_Distance": 0.004949014362526633,
    "Max_PathLength": 3.85231480726335,
    "Hash": [
        83.30581337065286,
        36.931717449155705,
        57.61935252002246,
        133.58456706357774,
        444.5055850542753
    ],
    "xinf": -0.07237180751412986,
    "xsup": 0.060733879686265424,
    "yinf": -0.06655284360019764,
    "ysup": 0.06655284360019764,
    "loopnb": [
        3
    ],
    "Targets": [
        [
            0,
            1,
            2
        ]
    ],
    "SpaceRotsUn": [
        [
            [
                [
                    1.0,
                    0.0
                ],
                [
                    0.0,
                    1.0
                ]
            ],
            [
                [
                    1.0,
                    0.0
                ],
                [
                    0.0,
                    1.0
                ]
            ],
            [
                [
                    1.0,
                    0.0
                ],
                [
                    0.0,
                    1.0
                ]
            ]
        ]
    ],
    "TimeRevsUn": [
        [
            1,
            1,
            1
        ]
    ],
    "TimeShiftNumUn": [
        [
            0,
            1,
            2
        ]
    ],
    "TimeShiftDenUn": [
        [
            1,
            3,
            3
        ]
    ],
    "RequiresLoopDispUn": [
        [
            true,
            false,
            false
        ]
    ]
}