{
    "nbody": 3,
    "n_int": 6144,
    "mass": [
        1.0,
        1.0,
        1.0
    ],
    "nloop": 1,
    "Action": 70.21945542140668,
    "Grad_Action": 9.493638570745324e-15,
    "Newton_Error": 4.0498766058817317e-14,
    "Min_Distance": 0.018778762373016823,
    "Max_PathLength": 3.664145315627488,
    "Hash": [
        70.21945542140669,
        31.801681116355077,
        49.22235630855522,
        110.01508408506605,
        335.5472531951594
    ],
    "xinf": -0.1405670532633189,
    "xsup": 0.11404063886804998,
    "yinf": -0.12730384606568435,
    "ysup": 0.1273038460656845,
    "loopnb": [
        3
    ],
    "Targets": [
        [
            0,
            1,
            2
        ]
    ],
    "SpaceRotsUn": [
        [
            [
                [
                    1.0,
                    0.0
                ],
                [
                    0.0,
                    1.0
                ]
            ],
            [
                [
                    1.0,
                    0.0
                ],
                [
                    0.0,
                    1.0
                ]
            ],
            [
                [
                    1.0,
                    0.0
                ],
                [
                    0.0,
                    1.0
                ]
            ]
        ]
    ],
    "TimeRevsUn": [
        [
            1,
            1,
            1
        ]
    ],
    "TimeShiftNumUn": [
        [
            0,
            1,
            2
        ]
    ],
    "TimeShiftDenUn": [
        [
            1,
            3,
            3
        ]
    ],
    "RequiresLoopDispUn": [
        [
            true,
            false,
            false
        ]
    ]
}