{
    "nbody": 3,
    "n_int": 3072,
    "mass": [
        1.0,
        1.0,
        1.0
    ],
    "nloop": 1,
    "Action": 54.66493846662448,
    "Grad_Action": 3.655008119020326e-15,
    "Newton_Error": 6.750379906732059e-15,
    "Min_Distance": 0.04257017001816741,
    "Max_PathLength": 3.3095532081683245,
    "Hash": [
        54.66493846662448,
        26.08659426701537,
        39.83425949648361,
        80.3291156796846,
        203.87239889965574
    ],
    "xinf": -0.11449075640283837,
    "xsup": 0.114490768026599,
    "yinf": -0.11449076221471868,
    "ysup": 0.11449076221471868,
    "loopnb": [
        3
    ],
    "Targets": [
        [
            0,
            1,
            2
        ]
    ],
    "SpaceRotsUn": [
        [
            [
                [
                    1.0,
                    0.0
                ],
                [
                    0.0,
                    1.0
                ]
            ],
            [
                [
                    1.0,
                    0.0
                ],
                [
                    0.0,
                    1.0
                ]
            ],
            [
                [
                    1.0,
                    0.0
                ],
                [
                    0.0,
                    1.0
                ]
            ]
        ]
    ],
    "TimeRevsUn": [
        [
            1,
            1,
            1
        ]
    ],
    "TimeShiftNumUn": [
        [
            0,
            1,
            2
        ]
    ],
    "TimeShiftDenUn": [
        [
            1,
            3,
            3
        ]
    ],
    "RequiresLoopDispUn": [
        [
            true,
            false,
            false
        ]
    ]
}