{
    "nbody": 3,
    "n_int": 6144,
    "mass": [
        1.0,
        1.0,
        1.0
    ],
    "nloop": 1,
    "Action": 58.62827947348879,
    "Grad_Action": 2.6795078762072444e-14,
    "Newton_Error": 8.759412342101579e-14,
    "Min_Distance": 0.01700859552458386,
    "Max_PathLength": 3.3698003218249757,
    "Hash": [
        58.62827947348879,
        27.68345380815684,
        42.47559887497877,
        86.8833827211492,
        226.34055775390414
    ],
    "xinf": -0.08065461229641246,
    "xsup": 0.07797756682898532,
    "yinf": -0.07931608956269875,
    "ysup": 0.07931608956269903,
    "loopnb": [
        3
    ],
    "Targets": [
        [
            0,
            1,
            2
        ]
    ],
    "SpaceRotsUn": [
        [
            [
                [
                    1.0,
                    0.0
                ],
                [
                    0.0,
                    1.0
                ]
            ],
            [
                [
                    1.0,
                    0.0
                ],
                [
                    0.0,
                    1.0
                ]
            ],
            [
                [
                    1.0,
                    0.0
                ],
                [
                    0.0,
                    1.0
                ]
            ]
        ]
    ],
    "TimeRevsUn": [
        [
            1,
            1,
            1
        ]
    ],
    "TimeShiftNumUn": [
        [
            0,
            1,
            2
        ]
    ],
    "TimeShiftDenUn": [
        [
            1,
            3,
            3
        ]
    ],
    "RequiresLoopDispUn": [
        [
            true,
            false,
            false
        ]
    ]
}