{
    "nbody": 3,
    "n_int": 49152,
    "mass": [
        1.0,
        1.0,
        1.0
    ],
    "nloop": 1,
    "Action": 57.60473318926965,
    "Grad_Action": 1.028182350548179e-11,
    "Newton_Error": 7.509932234329047e-12,
    "Min_Distance": 0.009371709545956347,
    "Max_PathLength": 3.222440484637909,
    "Hash": [
        57.60473318926965,
        27.10311605382133,
        41.442077516527185,
        86.9266870312851,
        244.55998202824782
    ],
    "xinf": -0.09263183307777773,
    "xsup": 0.11132194151415215,
    "yinf": -0.10197688729596491,
    "ysup": 0.10197688729596496,
    "loopnb": [
        3
    ],
    "Targets": [
        [
            0,
            1,
            2
        ]
    ],
    "SpaceRotsUn": [
        [
            [
                [
                    1.0,
                    0.0
                ],
                [
                    0.0,
                    1.0
                ]
            ],
            [
                [
                    1.0,
                    0.0
                ],
                [
                    0.0,
                    1.0
                ]
            ],
            [
                [
                    1.0,
                    0.0
                ],
                [
                    0.0,
                    1.0
                ]
            ]
        ]
    ],
    "TimeRevsUn": [
        [
            1,
            1,
            1
        ]
    ],
    "TimeShiftNumUn": [
        [
            0,
            1,
            2
        ]
    ],
    "TimeShiftDenUn": [
        [
            1,
            3,
            3
        ]
    ],
    "RequiresLoopDispUn": [
        [
            true,
            false,
            false
        ]
    ]
}