{
    "nbody": 3,
    "n_int": 49152,
    "mass": [
        1.0,
        1.0,
        1.0
    ],
    "nloop": 1,
    "Action": 73.67726321752262,
    "Grad_Action": 2.48424527565564e-13,
    "Newton_Error": 1.179658586767098e-13,
    "Min_Distance": 0.005677305347783835,
    "Max_PathLength": 3.531479015442369,
    "Hash": [
        73.67726321752261,
        33.096993299546824,
        51.22675858007443,
        117.83310679821052,
        395.2052126165267
    ],
    "xinf": -0.06582473244205318,
    "xsup": 0.1069897125312463,
    "yinf": -0.08640722248664967,
    "ysup": 0.08640722248664981,
    "loopnb": [
        3
    ],
    "Targets": [
        [
            0,
            1,
            2
        ]
    ],
    "SpaceRotsUn": [
        [
            [
                [
                    1.0,
                    0.0
                ],
                [
                    0.0,
                    1.0
                ]
            ],
            [
                [
                    1.0,
                    0.0
                ],
                [
                    0.0,
                    1.0
                ]
            ],
            [
                [
                    1.0,
                    0.0
                ],
                [
                    0.0,
                    1.0
                ]
            ]
        ]
    ],
    "TimeRevsUn": [
        [
            1,
            1,
            1
        ]
    ],
    "TimeShiftNumUn": [
        [
            0,
            1,
            2
        ]
    ],
    "TimeShiftDenUn": [
        [
            1,
            3,
            3
        ]
    ],
    "RequiresLoopDispUn": [
        [
            true,
            false,
            false
        ]
    ]
}