{
    "nbody": 3,
    "n_int": 24576,
    "mass": [
        1.0,
        1.0,
        1.0
    ],
    "nloop": 1,
    "Action": 78.21889895745035,
    "Grad_Action": 9.765658208502573e-15,
    "Newton_Error": 6.596960013195041e-14,
    "Min_Distance": 0.0070792149471708,
    "Max_PathLength": 3.848135047754984,
    "Hash": [
        78.21889895745035,
        35.12553498056256,
        54.74423277211606,
        122.49842569567551,
        374.77421537988437
    ],
    "xinf": -0.06533047093436035,
    "xsup": 0.07151482396866586,
    "yinf": -0.06842264745151327,
    "ysup": 0.06842264745151294,
    "loopnb": [
        3
    ],
    "Targets": [
        [
            0,
            1,
            2
        ]
    ],
    "SpaceRotsUn": [
        [
            [
                [
                    1.0,
                    0.0
                ],
                [
                    0.0,
                    1.0
                ]
            ],
            [
                [
                    1.0,
                    0.0
                ],
                [
                    0.0,
                    1.0
                ]
            ],
            [
                [
                    1.0,
                    0.0
                ],
                [
                    0.0,
                    1.0
                ]
            ]
        ]
    ],
    "TimeRevsUn": [
        [
            1,
            1,
            1
        ]
    ],
    "TimeShiftNumUn": [
        [
            0,
            1,
            2
        ]
    ],
    "TimeShiftDenUn": [
        [
            1,
            3,
            3
        ]
    ],
    "RequiresLoopDispUn": [
        [
            true,
            false,
            false
        ]
    ]
}