{
    "nbody": 3,
    "n_int": 24576,
    "mass": [
        1.0,
        1.0,
        1.0
    ],
    "nloop": 1,
    "Action": 84.12129565430342,
    "Grad_Action": 9.368660550361576e-15,
    "Newton_Error": 6.735840218672412e-15,
    "Min_Distance": 0.0231639393491356,
    "Max_PathLength": 4.129323026700199,
    "Hash": [
        84.12129565430342,
        37.437871296896915,
        58.65535305855645,
        131.7588718108361,
        392.5430141472045
    ],
    "xinf": -0.06360620906003783,
    "xsup": 0.06360620906003472,
    "yinf": -0.06360620906003628,
    "ysup": 0.06360620906003628,
    "loopnb": [
        3
    ],
    "Targets": [
        [
            0,
            1,
            2
        ]
    ],
    "SpaceRotsUn": [
        [
            [
                [
                    1.0,
                    0.0
                ],
                [
                    0.0,
                    1.0
                ]
            ],
            [
                [
                    1.0,
                    0.0
                ],
                [
                    0.0,
                    1.0
                ]
            ],
            [
                [
                    1.0,
                    0.0
                ],
                [
                    0.0,
                    1.0
                ]
            ]
        ]
    ],
    "TimeRevsUn": [
        [
            1,
            1,
            1
        ]
    ],
    "TimeShiftNumUn": [
        [
            0,
            1,
            2
        ]
    ],
    "TimeShiftDenUn": [
        [
            1,
            3,
            3
        ]
    ],
    "RequiresLoopDispUn": [
        [
            true,
            false,
            false
        ]
    ]
}