{
    "nbody": 3,
    "n_int": 6144,
    "mass": [
        1.0,
        1.0,
        1.0
    ],
    "nloop": 1,
    "Action": 65.32163471065557,
    "Grad_Action": 5.5141969971473726e-15,
    "Newton_Error": 1.8095955845843256e-14,
    "Min_Distance": 0.019329302234446274,
    "Max_PathLength": 3.5375404682829847,
    "Hash": [
        65.32163471065557,
        30.00948090579637,
        46.28075121690026,
        100.60009486907558,
        293.2060883787755
    ],
    "xinf": -0.13543508438208762,
    "xsup": 0.10937713371582908,
    "yinf": -0.12240610904895832,
    "ysup": 0.12240610904895838,
    "loopnb": [
        3
    ],
    "Targets": [
        [
            0,
            1,
            2
        ]
    ],
    "SpaceRotsUn": [
        [
            [
                [
                    1.0,
                    0.0
                ],
                [
                    0.0,
                    1.0
                ]
            ],
            [
                [
                    1.0,
                    0.0
                ],
                [
                    0.0,
                    1.0
                ]
            ],
            [
                [
                    1.0,
                    0.0
                ],
                [
                    0.0,
                    1.0
                ]
            ]
        ]
    ],
    "TimeRevsUn": [
        [
            1,
            1,
            1
        ]
    ],
    "TimeShiftNumUn": [
        [
            0,
            1,
            2
        ]
    ],
    "TimeShiftDenUn": [
        [
            1,
            3,
            3
        ]
    ],
    "RequiresLoopDispUn": [
        [
            true,
            false,
            false
        ]
    ]
}