{
    "nbody": 3,
    "n_int": 49152,
    "mass": [
        1.0,
        1.0,
        1.0
    ],
    "nloop": 1,
    "Action": 47.13335338124901,
    "Grad_Action": 5.204637569892357e-11,
    "Newton_Error": 1.464209919903886e-11,
    "Min_Distance": 0.015881880041703562,
    "Max_PathLength": 2.9569158032960527,
    "Hash": [
        47.13335338124901,
        23.003183353740948,
        34.669379333146225,
        68.80319349110007,
        176.47570337904057
    ],
    "xinf": -0.15593036406803357,
    "xsup": 0.09879271449903364,
    "yinf": -0.12736153928353358,
    "ysup": 0.12736153928353364,
    "loopnb": [
        3
    ],
    "Targets": [
        [
            0,
            1,
            2
        ]
    ],
    "SpaceRotsUn": [
        [
            [
                [
                    1.0,
                    0.0
                ],
                [
                    0.0,
                    1.0
                ]
            ],
            [
                [
                    1.0,
                    0.0
                ],
                [
                    0.0,
                    1.0
                ]
            ],
            [
                [
                    1.0,
                    0.0
                ],
                [
                    0.0,
                    1.0
                ]
            ]
        ]
    ],
    "TimeRevsUn": [
        [
            1,
            1,
            1
        ]
    ],
    "TimeShiftNumUn": [
        [
            0,
            1,
            2
        ]
    ],
    "TimeShiftDenUn": [
        [
            1,
            3,
            3
        ]
    ],
    "RequiresLoopDispUn": [
        [
            true,
            false,
            false
        ]
    ]
}