{
    "nbody": 3,
    "n_int": 24576,
    "mass": [
        1.0,
        1.0,
        1.0
    ],
    "nloop": 1,
    "Action": 79.10229562366395,
    "Grad_Action": 6.723560700202677e-14,
    "Newton_Error": 1.4000512420517302e-13,
    "Min_Distance": 0.00788622309538855,
    "Max_PathLength": 3.599876834017925,
    "Hash": [
        79.10229562366395,
        34.41703555974774,
        53.264214869950656,
        133.6238985346766,
        508.6909461675162
    ],
    "xinf": -0.23698560942061359,
    "xsup": 0.12771599171273912,
    "yinf": -0.1823508005666763,
    "ysup": 0.1823508005666764,
    "loopnb": [
        3
    ],
    "Targets": [
        [
            0,
            1,
            2
        ]
    ],
    "SpaceRotsUn": [
        [
            [
                [
                    1.0,
                    0.0
                ],
                [
                    0.0,
                    1.0
                ]
            ],
            [
                [
                    1.0,
                    0.0
                ],
                [
                    0.0,
                    1.0
                ]
            ],
            [
                [
                    1.0,
                    0.0
                ],
                [
                    0.0,
                    1.0
                ]
            ]
        ]
    ],
    "TimeRevsUn": [
        [
            1,
            1,
            1
        ]
    ],
    "TimeShiftNumUn": [
        [
            0,
            1,
            2
        ]
    ],
    "TimeShiftDenUn": [
        [
            1,
            3,
            3
        ]
    ],
    "RequiresLoopDispUn": [
        [
            true,
            false,
            false
        ]
    ]
}