{
    "nbody": 3,
    "n_int": 24576,
    "mass": [
        1.0,
        1.0,
        1.0
    ],
    "nloop": 1,
    "Action": 87.01248025305888,
    "Grad_Action": 8.755725895580655e-14,
    "Newton_Error": 1.5614662013508217e-13,
    "Min_Distance": 0.00909060089356949,
    "Max_PathLength": 3.8145398946932927,
    "Hash": [
        87.0124802530589,
        37.25389890112309,
        57.87121587163964,
        149.66116827688322,
        590.0375358074587
    ],
    "xinf": -0.24342380906366567,
    "xsup": 0.1305394889584527,
    "yinf": -0.1869816490110592,
    "ysup": 0.18698164901105915,
    "loopnb": [
        3
    ],
    "Targets": [
        [
            0,
            1,
            2
        ]
    ],
    "SpaceRotsUn": [
        [
            [
                [
                    1.0,
                    0.0
                ],
                [
                    0.0,
                    1.0
                ]
            ],
            [
                [
                    1.0,
                    0.0
                ],
                [
                    0.0,
                    1.0
                ]
            ],
            [
                [
                    1.0,
                    0.0
                ],
                [
                    0.0,
                    1.0
                ]
            ]
        ]
    ],
    "TimeRevsUn": [
        [
            1,
            1,
            1
        ]
    ],
    "TimeShiftNumUn": [
        [
            0,
            1,
            2
        ]
    ],
    "TimeShiftDenUn": [
        [
            1,
            3,
            3
        ]
    ],
    "RequiresLoopDispUn": [
        [
            true,
            false,
            false
        ]
    ]
}