{
    "nbody": 3,
    "n_int": 24576,
    "mass": [
        1.0,
        1.0,
        1.0
    ],
    "nloop": 1,
    "Action": 89.88780658964308,
    "Grad_Action": 2.904631362748634e-11,
    "Newton_Error": 1.7910711958006997e-11,
    "Min_Distance": 0.009542621171768914,
    "Max_PathLength": 3.986828813322442,
    "Hash": [
        89.88780658964308,
        38.87225683422664,
        60.637282315865,
        150.55749828184275,
        555.3921902840265
    ],
    "xinf": -0.08403974081981638,
    "xsup": 0.13733159846268275,
    "yinf": -0.11068566964124962,
    "ysup": 0.11068566964124951,
    "loopnb": [
        3
    ],
    "Targets": [
        [
            0,
            1,
            2
        ]
    ],
    "SpaceRotsUn": [
        [
            [
                [
                    1.0,
                    0.0
                ],
                [
                    0.0,
                    1.0
                ]
            ],
            [
                [
                    1.0,
                    0.0
                ],
                [
                    0.0,
                    1.0
                ]
            ],
            [
                [
                    1.0,
                    0.0
                ],
                [
                    0.0,
                    1.0
                ]
            ]
        ]
    ],
    "TimeRevsUn": [
        [
            1,
            1,
            1
        ]
    ],
    "TimeShiftNumUn": [
        [
            0,
            1,
            2
        ]
    ],
    "TimeShiftDenUn": [
        [
            1,
            3,
            3
        ]
    ],
    "RequiresLoopDispUn": [
        [
            true,
            false,
            false
        ]
    ]
}