{
    "nbody": 3,
    "n_int": 24576,
    "mass": [
        1.0,
        1.0,
        1.0
    ],
    "nloop": 1,
    "Action": 63.7294908282985,
    "Grad_Action": 2.9786893635199086e-13,
    "Newton_Error": 8.070168153085667e-14,
    "Min_Distance": 0.016107445112850574,
    "Max_PathLength": 3.480338417644001,
    "Hash": [
        63.7294908282985,
        29.576343204076842,
        45.599109291233106,
        96.38261503537984,
        266.221379174721
    ],
    "xinf": -0.11005764593610959,
    "xsup": 0.08210147148231303,
    "yinf": -0.09607955870921142,
    "ysup": 0.0960795587092112,
    "loopnb": [
        3
    ],
    "Targets": [
        [
            0,
            1,
            2
        ]
    ],
    "SpaceRotsUn": [
        [
            [
                [
                    1.0,
                    0.0
                ],
                [
                    0.0,
                    1.0
                ]
            ],
            [
                [
                    1.0,
                    0.0
                ],
                [
                    0.0,
                    1.0
                ]
            ],
            [
                [
                    1.0,
                    0.0
                ],
                [
                    0.0,
                    1.0
                ]
            ]
        ]
    ],
    "TimeRevsUn": [
        [
            1,
            1,
            1
        ]
    ],
    "TimeShiftNumUn": [
        [
            0,
            1,
            2
        ]
    ],
    "TimeShiftDenUn": [
        [
            1,
            3,
            3
        ]
    ],
    "RequiresLoopDispUn": [
        [
            true,
            false,
            false
        ]
    ]
}