{
    "nbody": 3,
    "n_int": 24576,
    "mass": [
        1.0,
        1.0,
        1.0
    ],
    "nloop": 1,
    "Action": 86.72005346023298,
    "Grad_Action": 3.945843755739866e-14,
    "Newton_Error": 8.353301554526118e-14,
    "Min_Distance": 0.009469767745485979,
    "Max_PathLength": 4.043817688148007,
    "Hash": [
        86.72005346023298,
        38.10427573216315,
        59.56726353400748,
        140.2306244316605,
        466.88093461248064
    ],
    "xinf": -0.09393163323527882,
    "xsup": 0.0673573474597725,
    "yinf": -0.0806444903475255,
    "ysup": 0.08064449034752583,
    "loopnb": [
        3
    ],
    "Targets": [
        [
            0,
            1,
            2
        ]
    ],
    "SpaceRotsUn": [
        [
            [
                [
                    1.0,
                    0.0
                ],
                [
                    0.0,
                    1.0
                ]
            ],
            [
                [
                    1.0,
                    0.0
                ],
                [
                    0.0,
                    1.0
                ]
            ],
            [
                [
                    1.0,
                    0.0
                ],
                [
                    0.0,
                    1.0
                ]
            ]
        ]
    ],
    "TimeRevsUn": [
        [
            1,
            1,
            1
        ]
    ],
    "TimeShiftNumUn": [
        [
            0,
            1,
            2
        ]
    ],
    "TimeShiftDenUn": [
        [
            1,
            3,
            3
        ]
    ],
    "RequiresLoopDispUn": [
        [
            true,
            false,
            false
        ]
    ]
}