{
    "nbody": 3,
    "n_int": 49152,
    "mass": [
        1.0,
        1.0,
        1.0
    ],
    "nloop": 1,
    "Action": 79.39722222355121,
    "Grad_Action": 4.3296748842279253e-14,
    "Newton_Error": 9.002414270638498e-14,
    "Min_Distance": 0.006261989820557884,
    "Max_PathLength": 3.7518193581855894,
    "Hash": [
        79.39722222355121,
        35.32413303139171,
        54.95823573542102,
        127.25494094060639,
        420.62238570907164
    ],
    "xinf": -0.108965140999652,
    "xsup": 0.0713607505656751,
    "yinf": -0.09016294578266357,
    "ysup": 0.09016294578266354,
    "loopnb": [
        3
    ],
    "Targets": [
        [
            0,
            1,
            2
        ]
    ],
    "SpaceRotsUn": [
        [
            [
                [
                    1.0,
                    0.0
                ],
                [
                    0.0,
                    1.0
                ]
            ],
            [
                [
                    1.0,
                    0.0
                ],
                [
                    0.0,
                    1.0
                ]
            ],
            [
                [
                    1.0,
                    0.0
                ],
                [
                    0.0,
                    1.0
                ]
            ]
        ]
    ],
    "TimeRevsUn": [
        [
            1,
            1,
            1
        ]
    ],
    "TimeShiftNumUn": [
        [
            0,
            1,
            2
        ]
    ],
    "TimeShiftDenUn": [
        [
            1,
            3,
            3
        ]
    ],
    "RequiresLoopDispUn": [
        [
            true,
            false,
            false
        ]
    ]
}