{
    "nbody": 3,
    "n_int": 49152,
    "mass": [
        1.0,
        1.0,
        1.0
    ],
    "nloop": 1,
    "Action": 86.99875245309813,
    "Grad_Action": 5.877144431759326e-15,
    "Newton_Error": 4.687984273757979e-15,
    "Min_Distance": 0.015216112920803802,
    "Max_PathLength": 4.177857562149567,
    "Hash": [
        86.99875245309813,
        38.56004659968998,
        60.51598600839505,
        136.7263500463795,
        411.18275512261874
    ],
    "xinf": -0.05655320738706747,
    "xsup": 0.06059531331921773,
    "yinf": -0.05857426035314263,
    "ysup": 0.058574260353142574,
    "loopnb": [
        3
    ],
    "Targets": [
        [
            0,
            1,
            2
        ]
    ],
    "SpaceRotsUn": [
        [
            [
                [
                    1.0,
                    0.0
                ],
                [
                    0.0,
                    1.0
                ]
            ],
            [
                [
                    1.0,
                    0.0
                ],
                [
                    0.0,
                    1.0
                ]
            ],
            [
                [
                    1.0,
                    0.0
                ],
                [
                    0.0,
                    1.0
                ]
            ]
        ]
    ],
    "TimeRevsUn": [
        [
            1,
            1,
            1
        ]
    ],
    "TimeShiftNumUn": [
        [
            0,
            1,
            2
        ]
    ],
    "TimeShiftDenUn": [
        [
            1,
            3,
            3
        ]
    ],
    "RequiresLoopDispUn": [
        [
            true,
            false,
            false
        ]
    ]
}