{
    "nbody": 3,
    "n_int": 3072,
    "mass": [
        1.0,
        1.0,
        1.0
    ],
    "nloop": 1,
    "Action": 45.864982851627396,
    "Grad_Action": 1.5617055621669117e-14,
    "Newton_Error": 1.869310260754937e-14,
    "Min_Distance": 0.02651863069474735,
    "Max_PathLength": 2.9421867400163695,
    "Hash": [
        45.864982851627396,
        22.320819816549168,
        33.570685596175366,
        67.55087171425951,
        176.66057229689068
    ],
    "xinf": -0.21055876553331837,
    "xsup": 0.12649019206477374,
    "yinf": -0.16852447879904608,
    "ysup": 0.16852447879904603,
    "loopnb": [
        3
    ],
    "Targets": [
        [
            0,
            1,
            2
        ]
    ],
    "SpaceRotsUn": [
        [
            [
                [
                    1.0,
                    0.0
                ],
                [
                    0.0,
                    1.0
                ]
            ],
            [
                [
                    1.0,
                    0.0
                ],
                [
                    0.0,
                    1.0
                ]
            ],
            [
                [
                    1.0,
                    0.0
                ],
                [
                    0.0,
                    1.0
                ]
            ]
        ]
    ],
    "TimeRevsUn": [
        [
            1,
            1,
            1
        ]
    ],
    "TimeShiftNumUn": [
        [
            0,
            1,
            2
        ]
    ],
    "TimeShiftDenUn": [
        [
            1,
            3,
            3
        ]
    ],
    "RequiresLoopDispUn": [
        [
            true,
            false,
            false
        ]
    ]
}