{
    "nbody": 3,
    "n_int": 98304,
    "mass": [
        1.0,
        1.0,
        1.0
    ],
    "nloop": 1,
    "Action": 77.63178618141455,
    "Grad_Action": 4.26536441300477e-14,
    "Newton_Error": 3.206099005498924e-14,
    "Min_Distance": 0.005505523858909938,
    "Max_PathLength": 3.799708734683057,
    "Hash": [
        77.63178618141455,
        34.771510804189056,
        54.111839791669,
        122.67997733416458,
        386.8283502187967
    ],
    "xinf": -0.10451088203315549,
    "xsup": 0.06897609908771953,
    "yinf": -0.08674349056043754,
    "ysup": 0.08674349056043748,
    "loopnb": [
        3
    ],
    "Targets": [
        [
            0,
            1,
            2
        ]
    ],
    "SpaceRotsUn": [
        [
            [
                [
                    1.0,
                    0.0
                ],
                [
                    0.0,
                    1.0
                ]
            ],
            [
                [
                    1.0,
                    0.0
                ],
                [
                    0.0,
                    1.0
                ]
            ],
            [
                [
                    1.0,
                    0.0
                ],
                [
                    0.0,
                    1.0
                ]
            ]
        ]
    ],
    "TimeRevsUn": [
        [
            1,
            1,
            1
        ]
    ],
    "TimeShiftNumUn": [
        [
            0,
            1,
            2
        ]
    ],
    "TimeShiftDenUn": [
        [
            1,
            3,
            3
        ]
    ],
    "RequiresLoopDispUn": [
        [
            true,
            false,
            false
        ]
    ]
}