{
    "nbody": 3,
    "n_int": 12288,
    "mass": [
        1.0,
        1.0,
        1.0
    ],
    "nloop": 1,
    "Action": 84.12905140312336,
    "Grad_Action": 9.189239957332288e-15,
    "Newton_Error": 1.1951524539661426e-14,
    "Min_Distance": 0.014864206489768295,
    "Max_PathLength": 4.075107333337041,
    "Hash": [
        84.12905140312336,
        37.4129989464892,
        58.58792849387503,
        132.20727890656596,
        399.7002175713809
    ],
    "xinf": -0.07525825194449039,
    "xsup": 0.06932205673796725,
    "yinf": -0.07229015434122876,
    "ysup": 0.07229015434122887,
    "loopnb": [
        3
    ],
    "Targets": [
        [
            0,
            1,
            2
        ]
    ],
    "SpaceRotsUn": [
        [
            [
                [
                    1.0,
                    0.0
                ],
                [
                    0.0,
                    1.0
                ]
            ],
            [
                [
                    1.0,
                    0.0
                ],
                [
                    0.0,
                    1.0
                ]
            ],
            [
                [
                    1.0,
                    0.0
                ],
                [
                    0.0,
                    1.0
                ]
            ]
        ]
    ],
    "TimeRevsUn": [
        [
            1,
            1,
            1
        ]
    ],
    "TimeShiftNumUn": [
        [
            0,
            1,
            2
        ]
    ],
    "TimeShiftDenUn": [
        [
            1,
            3,
            3
        ]
    ],
    "RequiresLoopDispUn": [
        [
            true,
            false,
            false
        ]
    ]
}