{
    "nbody": 3,
    "n_int": 6144,
    "mass": [
        1.0,
        1.0,
        1.0
    ],
    "nloop": 1,
    "Action": 74.87445710732126,
    "Grad_Action": 1.8428649938268946e-14,
    "Newton_Error": 3.116242190355472e-14,
    "Min_Distance": 0.018006242239123532,
    "Max_PathLength": 3.777478366520266,
    "Hash": [
        74.87445710732126,
        33.49496547092084,
        51.991012741672826,
        119.1256101032418,
        378.37227731519613
    ],
    "xinf": -0.14441146149991618,
    "xsup": 0.1177135224790436,
    "yinf": -0.13106249198947983,
    "ysup": 0.13106249198947995,
    "loopnb": [
        3
    ],
    "Targets": [
        [
            0,
            1,
            2
        ]
    ],
    "SpaceRotsUn": [
        [
            [
                [
                    1.0,
                    0.0
                ],
                [
                    0.0,
                    1.0
                ]
            ],
            [
                [
                    1.0,
                    0.0
                ],
                [
                    0.0,
                    1.0
                ]
            ],
            [
                [
                    1.0,
                    0.0
                ],
                [
                    0.0,
                    1.0
                ]
            ]
        ]
    ],
    "TimeRevsUn": [
        [
            1,
            1,
            1
        ]
    ],
    "TimeShiftNumUn": [
        [
            0,
            1,
            2
        ]
    ],
    "TimeShiftDenUn": [
        [
            1,
            3,
            3
        ]
    ],
    "RequiresLoopDispUn": [
        [
            true,
            false,
            false
        ]
    ]
}