{
    "nbody": 3,
    "n_int": 24576,
    "mass": [
        1.0,
        1.0,
        1.0
    ],
    "nloop": 1,
    "Action": 79.17629789686275,
    "Grad_Action": 5.815568248772701e-15,
    "Newton_Error": 6.204167002933272e-13,
    "Min_Distance": 0.006795603037172514,
    "Max_PathLength": 3.7584608512370563,
    "Hash": [
        79.17629789686276,
        35.500787135019706,
        55.36751946771562,
        124.14187470763954,
        381.2352532100637
    ],
    "xinf": -0.07600254978525053,
    "xsup": 0.07100204467038793,
    "yinf": -0.07350229722781929,
    "ysup": 0.07350229722781917,
    "loopnb": [
        3
    ],
    "Targets": [
        [
            0,
            1,
            2
        ]
    ],
    "SpaceRotsUn": [
        [
            [
                [
                    1.0,
                    0.0
                ],
                [
                    0.0,
                    1.0
                ]
            ],
            [
                [
                    1.0,
                    0.0
                ],
                [
                    0.0,
                    1.0
                ]
            ],
            [
                [
                    1.0,
                    0.0
                ],
                [
                    0.0,
                    1.0
                ]
            ]
        ]
    ],
    "TimeRevsUn": [
        [
            1,
            1,
            1
        ]
    ],
    "TimeShiftNumUn": [
        [
            0,
            1,
            2
        ]
    ],
    "TimeShiftDenUn": [
        [
            1,
            3,
            3
        ]
    ],
    "RequiresLoopDispUn": [
        [
            true,
            false,
            false
        ]
    ]
}