{
    "nbody": 3,
    "n_int": 49152,
    "mass": [
        1.0,
        1.0,
        1.0
    ],
    "nloop": 1,
    "Action": 42.54779151200996,
    "Grad_Action": 1.5345070364243956e-10,
    "Newton_Error": 5.881981679603985e-11,
    "Min_Distance": 0.026059402132081882,
    "Max_PathLength": 2.7732542660111914,
    "Hash": [
        42.54779151200995,
        21.36091450386231,
        31.95555525428375,
        59.917464638148275,
        137.04865169726733
    ],
    "xinf": -0.13362393237560008,
    "xsup": 0.1358595994065345,
    "yinf": -0.1347417658910673,
    "ysup": 0.1347417658910673,
    "loopnb": [
        3
    ],
    "Targets": [
        [
            0,
            1,
            2
        ]
    ],
    "SpaceRotsUn": [
        [
            [
                [
                    1.0,
                    0.0
                ],
                [
                    0.0,
                    1.0
                ]
            ],
            [
                [
                    1.0,
                    0.0
                ],
                [
                    0.0,
                    1.0
                ]
            ],
            [
                [
                    1.0,
                    0.0
                ],
                [
                    0.0,
                    1.0
                ]
            ]
        ]
    ],
    "TimeRevsUn": [
        [
            1,
            1,
            1
        ]
    ],
    "TimeShiftNumUn": [
        [
            0,
            1,
            2
        ]
    ],
    "TimeShiftDenUn": [
        [
            1,
            3,
            3
        ]
    ],
    "RequiresLoopDispUn": [
        [
            true,
            false,
            false
        ]
    ]
}