{
    "nbody": 3,
    "n_int": 1536,
    "mass": [
        1.0,
        1.0,
        1.0
    ],
    "nloop": 1,
    "Action": 48.55572620829032,
    "Grad_Action": 2.4538505108143223e-15,
    "Newton_Error": 5.07346642328818e-15,
    "Min_Distance": 0.05164916975744326,
    "Max_PathLength": 3.1199081698744244,
    "Hash": [
        48.555726208290324,
        23.78552162614183,
        36.01007154251242,
        69.41790527802188,
        163.1012502919984
    ],
    "xinf": -0.10024716267720249,
    "xsup": 0.10024716267720254,
    "yinf": -0.10024716267720252,
    "ysup": 0.10024716267720252,
    "loopnb": [
        3
    ],
    "Targets": [
        [
            0,
            1,
            2
        ]
    ],
    "SpaceRotsUn": [
        [
            [
                [
                    1.0,
                    0.0
                ],
                [
                    0.0,
                    1.0
                ]
            ],
            [
                [
                    1.0,
                    0.0
                ],
                [
                    0.0,
                    1.0
                ]
            ],
            [
                [
                    1.0,
                    0.0
                ],
                [
                    0.0,
                    1.0
                ]
            ]
        ]
    ],
    "TimeRevsUn": [
        [
            1,
            1,
            1
        ]
    ],
    "TimeShiftNumUn": [
        [
            0,
            1,
            2
        ]
    ],
    "TimeShiftDenUn": [
        [
            1,
            3,
            3
        ]
    ],
    "RequiresLoopDispUn": [
        [
            true,
            false,
            false
        ]
    ]
}