{
    "nbody": 3,
    "n_int": 6144,
    "mass": [
        1.0,
        1.0,
        1.0
    ],
    "nloop": 1,
    "Action": 78.33369355560629,
    "Grad_Action": 1.6075973843131066e-14,
    "Newton_Error": 8.1883624938135e-14,
    "Min_Distance": 0.016232829370666356,
    "Max_PathLength": 3.916131821150966,
    "Hash": [
        78.33369355560629,
        35.21038412453835,
        54.947869579766184,
        121.78535022584693,
        358.4991732535472
    ],
    "xinf": -0.0642428572068654,
    "xsup": 0.08670714476205887,
    "yinf": -0.07547500098446218,
    "ysup": 0.0754750009844621,
    "loopnb": [
        3
    ],
    "Targets": [
        [
            0,
            1,
            2
        ]
    ],
    "SpaceRotsUn": [
        [
            [
                [
                    1.0,
                    0.0
                ],
                [
                    0.0,
                    1.0
                ]
            ],
            [
                [
                    1.0,
                    0.0
                ],
                [
                    0.0,
                    1.0
                ]
            ],
            [
                [
                    1.0,
                    0.0
                ],
                [
                    0.0,
                    1.0
                ]
            ]
        ]
    ],
    "TimeRevsUn": [
        [
            1,
            1,
            1
        ]
    ],
    "TimeShiftNumUn": [
        [
            0,
            1,
            2
        ]
    ],
    "TimeShiftDenUn": [
        [
            1,
            3,
            3
        ]
    ],
    "RequiresLoopDispUn": [
        [
            true,
            false,
            false
        ]
    ]
}