{
    "nbody": 3,
    "n_int": 3072,
    "mass": [
        1.0,
        1.0,
        1.0
    ],
    "nloop": 1,
    "Action": 40.76030850039949,
    "Grad_Action": 2.542248348415704e-15,
    "Newton_Error": 9.189679851042607e-15,
    "Min_Distance": 0.031744192475062744,
    "Max_PathLength": 2.832204648338187,
    "Hash": [
        40.76030850039949,
        20.64030290228064,
        30.759413829677072,
        57.00746767018555,
        127.84797414328064
    ],
    "xinf": -0.13647834502632425,
    "xsup": 0.09841090633553409,
    "yinf": -0.11744462568092917,
    "ysup": 0.11744462568092917,
    "loopnb": [
        3
    ],
    "Targets": [
        [
            0,
            1,
            2
        ]
    ],
    "SpaceRotsUn": [
        [
            [
                [
                    1.0,
                    0.0
                ],
                [
                    0.0,
                    1.0
                ]
            ],
            [
                [
                    1.0,
                    0.0
                ],
                [
                    0.0,
                    1.0
                ]
            ],
            [
                [
                    1.0,
                    0.0
                ],
                [
                    0.0,
                    1.0
                ]
            ]
        ]
    ],
    "TimeRevsUn": [
        [
            1,
            1,
            1
        ]
    ],
    "TimeShiftNumUn": [
        [
            0,
            1,
            2
        ]
    ],
    "TimeShiftDenUn": [
        [
            1,
            3,
            3
        ]
    ],
    "RequiresLoopDispUn": [
        [
            true,
            false,
            false
        ]
    ]
}