{
    "nbody": 3,
    "n_int": 98304,
    "mass": [
        1.0,
        1.0,
        1.0
    ],
    "nloop": 1,
    "Action": 87.47478282496255,
    "Grad_Action": 8.473706707988459e-14,
    "Newton_Error": 7.302219487189135e-14,
    "Min_Distance": 0.004456396085213128,
    "Max_PathLength": 3.931250740646015,
    "Hash": [
        87.47478282496255,
        38.37828707633972,
        59.985440264853715,
        142.1078335803885,
        484.5546771064043
    ],
    "xinf": -0.1150944455723812,
    "xsup": 0.09429119583537236,
    "yinf": -0.1046928207038767,
    "ysup": 0.10469282070387687,
    "loopnb": [
        3
    ],
    "Targets": [
        [
            0,
            1,
            2
        ]
    ],
    "SpaceRotsUn": [
        [
            [
                [
                    1.0,
                    0.0
                ],
                [
                    0.0,
                    1.0
                ]
            ],
            [
                [
                    1.0,
                    0.0
                ],
                [
                    0.0,
                    1.0
                ]
            ],
            [
                [
                    1.0,
                    0.0
                ],
                [
                    0.0,
                    1.0
                ]
            ]
        ]
    ],
    "TimeRevsUn": [
        [
            1,
            1,
            1
        ]
    ],
    "TimeShiftNumUn": [
        [
            0,
            1,
            2
        ]
    ],
    "TimeShiftDenUn": [
        [
            1,
            3,
            3
        ]
    ],
    "RequiresLoopDispUn": [
        [
            true,
            false,
            false
        ]
    ]
}