{
    "nbody": 3,
    "n_int": 12288,
    "mass": [
        1.0,
        1.0,
        1.0
    ],
    "nloop": 1,
    "Action": 87.53592176898654,
    "Grad_Action": 4.170783240799881e-14,
    "Newton_Error": 1.0727888103852942e-13,
    "Min_Distance": 0.014885039686282426,
    "Max_PathLength": 4.169615446920266,
    "Hash": [
        87.53592176898654,
        38.55631071995693,
        60.407431217378836,
        139.89493122866344,
        444.7098566822062
    ],
    "xinf": -0.08274424563321746,
    "xsup": 0.056459924860855784,
    "yinf": -0.06960208524703654,
    "ysup": 0.0696020852470367,
    "loopnb": [
        3
    ],
    "Targets": [
        [
            0,
            1,
            2
        ]
    ],
    "SpaceRotsUn": [
        [
            [
                [
                    1.0,
                    0.0
                ],
                [
                    0.0,
                    1.0
                ]
            ],
            [
                [
                    1.0,
                    0.0
                ],
                [
                    0.0,
                    1.0
                ]
            ],
            [
                [
                    1.0,
                    0.0
                ],
                [
                    0.0,
                    1.0
                ]
            ]
        ]
    ],
    "TimeRevsUn": [
        [
            1,
            1,
            1
        ]
    ],
    "TimeShiftNumUn": [
        [
            0,
            1,
            2
        ]
    ],
    "TimeShiftDenUn": [
        [
            1,
            3,
            3
        ]
    ],
    "RequiresLoopDispUn": [
        [
            true,
            false,
            false
        ]
    ]
}