{
    "nbody": 3,
    "n_int": 24576,
    "mass": [
        1.0,
        1.0,
        1.0
    ],
    "nloop": 1,
    "Action": 66.20626493760835,
    "Grad_Action": 6.595338635235906e-14,
    "Newton_Error": 6.765192775812013e-14,
    "Min_Distance": 0.009551003690245637,
    "Max_PathLength": 3.3467904757194558,
    "Hash": [
        66.20626493760835,
        29.7808088579209,
        45.76352954513476,
        107.15706861967753,
        365.8877147410553
    ],
    "xinf": -0.22759786879108507,
    "xsup": 0.12526725810911782,
    "yinf": -0.17643256345010144,
    "ysup": 0.17643256345010144,
    "loopnb": [
        3
    ],
    "Targets": [
        [
            0,
            1,
            2
        ]
    ],
    "SpaceRotsUn": [
        [
            [
                [
                    1.0,
                    0.0
                ],
                [
                    0.0,
                    1.0
                ]
            ],
            [
                [
                    1.0,
                    0.0
                ],
                [
                    0.0,
                    1.0
                ]
            ],
            [
                [
                    1.0,
                    0.0
                ],
                [
                    0.0,
                    1.0
                ]
            ]
        ]
    ],
    "TimeRevsUn": [
        [
            1,
            1,
            1
        ]
    ],
    "TimeShiftNumUn": [
        [
            0,
            1,
            2
        ]
    ],
    "TimeShiftDenUn": [
        [
            1,
            3,
            3
        ]
    ],
    "RequiresLoopDispUn": [
        [
            true,
            false,
            false
        ]
    ]
}