{
    "nbody": 3,
    "n_int": 196608,
    "mass": [
        1.0,
        1.0,
        1.0
    ],
    "nloop": 1,
    "Action": 86.32510500854514,
    "Grad_Action": 9.751043459621192e-14,
    "Newton_Error": 2.605339922436445e-13,
    "Min_Distance": 0.0021161901273564383,
    "Max_PathLength": 3.7456018981066497,
    "Hash": [
        86.32510500854514,
        37.840126574206664,
        58.926996672811306,
        142.66654738263634,
        534.0876759907071
    ],
    "xinf": -0.10559944080609955,
    "xsup": 0.07446059694264691,
    "yinf": -0.09003001887437323,
    "ysup": 0.09003001887437323,
    "loopnb": [
        3
    ],
    "Targets": [
        [
            0,
            1,
            2
        ]
    ],
    "SpaceRotsUn": [
        [
            [
                [
                    1.0,
                    0.0
                ],
                [
                    0.0,
                    1.0
                ]
            ],
            [
                [
                    1.0,
                    0.0
                ],
                [
                    0.0,
                    1.0
                ]
            ],
            [
                [
                    1.0,
                    0.0
                ],
                [
                    0.0,
                    1.0
                ]
            ]
        ]
    ],
    "TimeRevsUn": [
        [
            1,
            1,
            1
        ]
    ],
    "TimeShiftNumUn": [
        [
            0,
            1,
            2
        ]
    ],
    "TimeShiftDenUn": [
        [
            1,
            3,
            3
        ]
    ],
    "RequiresLoopDispUn": [
        [
            true,
            false,
            false
        ]
    ]
}