{
    "nbody": 3,
    "n_int": 12288,
    "mass": [
        1.0,
        1.0,
        1.0
    ],
    "nloop": 1,
    "Action": 51.373367147358564,
    "Grad_Action": 2.6316619842724885e-14,
    "Newton_Error": 2.783529821343611e-14,
    "Min_Distance": 0.013382603734980791,
    "Max_PathLength": 3.0387808080714485,
    "Hash": [
        51.37336714735856,
        24.391507594604636,
        36.95620610822912,
        77.94168068143036,
        223.94230948129055
    ],
    "xinf": -0.20942980671144085,
    "xsup": 0.12089840332779528,
    "yinf": -0.165164105019618,
    "ysup": 0.16516410501961812,
    "loopnb": [
        3
    ],
    "Targets": [
        [
            0,
            1,
            2
        ]
    ],
    "SpaceRotsUn": [
        [
            [
                [
                    1.0,
                    0.0
                ],
                [
                    0.0,
                    1.0
                ]
            ],
            [
                [
                    1.0,
                    0.0
                ],
                [
                    0.0,
                    1.0
                ]
            ],
            [
                [
                    1.0,
                    0.0
                ],
                [
                    0.0,
                    1.0
                ]
            ]
        ]
    ],
    "TimeRevsUn": [
        [
            1,
            1,
            1
        ]
    ],
    "TimeShiftNumUn": [
        [
            0,
            1,
            2
        ]
    ],
    "TimeShiftDenUn": [
        [
            1,
            3,
            3
        ]
    ],
    "RequiresLoopDispUn": [
        [
            true,
            false,
            false
        ]
    ]
}