{
    "nbody": 3,
    "n_int": 24576,
    "mass": [
        1.0,
        1.0,
        1.0
    ],
    "nloop": 1,
    "Action": 82.99409328075319,
    "Grad_Action": 2.4337551711939008e-14,
    "Newton_Error": 1.924082076525186e-14,
    "Min_Distance": 0.011432502419243554,
    "Max_PathLength": 4.004894388136286,
    "Hash": [
        82.99409328075319,
        36.89557464389926,
        57.68202680933618,
        131.17812493569468,
        406.32299180656713
    ],
    "xinf": -0.07657205383414908,
    "xsup": 0.0895875937760379,
    "yinf": -0.08307982380509354,
    "ysup": 0.08307982380509343,
    "loopnb": [
        3
    ],
    "Targets": [
        [
            0,
            1,
            2
        ]
    ],
    "SpaceRotsUn": [
        [
            [
                [
                    1.0,
                    0.0
                ],
                [
                    0.0,
                    1.0
                ]
            ],
            [
                [
                    1.0,
                    0.0
                ],
                [
                    0.0,
                    1.0
                ]
            ],
            [
                [
                    1.0,
                    0.0
                ],
                [
                    0.0,
                    1.0
                ]
            ]
        ]
    ],
    "TimeRevsUn": [
        [
            1,
            1,
            1
        ]
    ],
    "TimeShiftNumUn": [
        [
            0,
            1,
            2
        ]
    ],
    "TimeShiftDenUn": [
        [
            1,
            3,
            3
        ]
    ],
    "RequiresLoopDispUn": [
        [
            true,
            false,
            false
        ]
    ]
}