{
    "nbody": 3,
    "n_int": 196608,
    "mass": [
        1.0,
        1.0,
        1.0
    ],
    "nloop": 1,
    "Action": 90.29577457117114,
    "Grad_Action": 4.287317869409294e-09,
    "Newton_Error": 5.688670075986465e-09,
    "Min_Distance": 0.002548617114614736,
    "Max_PathLength": 3.869310717775781,
    "Hash": [
        90.29577457117114,
        39.27069635368378,
        61.27998860366391,
        150.31992591440343,
        564.8772430892006
    ],
    "xinf": -0.13090911659223584,
    "xsup": 0.07214669982506214,
    "yinf": -0.10152790820864893,
    "ysup": 0.10152790820864904,
    "loopnb": [
        3
    ],
    "Targets": [
        [
            0,
            1,
            2
        ]
    ],
    "SpaceRotsUn": [
        [
            [
                [
                    1.0,
                    0.0
                ],
                [
                    0.0,
                    1.0
                ]
            ],
            [
                [
                    1.0,
                    0.0
                ],
                [
                    0.0,
                    1.0
                ]
            ],
            [
                [
                    1.0,
                    0.0
                ],
                [
                    0.0,
                    1.0
                ]
            ]
        ]
    ],
    "TimeRevsUn": [
        [
            1,
            1,
            1
        ]
    ],
    "TimeShiftNumUn": [
        [
            0,
            1,
            2
        ]
    ],
    "TimeShiftDenUn": [
        [
            1,
            3,
            3
        ]
    ],
    "RequiresLoopDispUn": [
        [
            true,
            false,
            false
        ]
    ]
}