{
    "nbody": 3,
    "n_int": 98304,
    "mass": [
        1.0,
        1.0,
        1.0
    ],
    "nloop": 1,
    "Action": 86.5953426301345,
    "Grad_Action": 1.1630149597809093e-14,
    "Newton_Error": 1.3000720884469392e-14,
    "Min_Distance": 0.006490231613124727,
    "Max_PathLength": 4.082650565137589,
    "Hash": [
        86.5953426301345,
        38.364985227804134,
        60.14052003336552,
        136.82093801156273,
        423.305739822308
    ],
    "xinf": -0.056569732113787206,
    "xsup": 0.06676920846635293,
    "yinf": -0.06166947029007014,
    "ysup": 0.06166947029007,
    "loopnb": [
        3
    ],
    "Targets": [
        [
            0,
            1,
            2
        ]
    ],
    "SpaceRotsUn": [
        [
            [
                [
                    1.0,
                    0.0
                ],
                [
                    0.0,
                    1.0
                ]
            ],
            [
                [
                    1.0,
                    0.0
                ],
                [
                    0.0,
                    1.0
                ]
            ],
            [
                [
                    1.0,
                    0.0
                ],
                [
                    0.0,
                    1.0
                ]
            ]
        ]
    ],
    "TimeRevsUn": [
        [
            1,
            1,
            1
        ]
    ],
    "TimeShiftNumUn": [
        [
            0,
            1,
            2
        ]
    ],
    "TimeShiftDenUn": [
        [
            1,
            3,
            3
        ]
    ],
    "RequiresLoopDispUn": [
        [
            true,
            false,
            false
        ]
    ]
}