{
    "nbody": 3,
    "n_int": 6144,
    "mass": [
        1.0,
        1.0,
        1.0
    ],
    "nloop": 1,
    "Action": 45.704235567090016,
    "Grad_Action": 7.466312269299779e-15,
    "Newton_Error": 8.046242847465533e-13,
    "Min_Distance": 0.01621507981593936,
    "Max_PathLength": 2.913070016605319,
    "Hash": [
        45.70423556709001,
        22.306319907117015,
        33.51811868500008,
        67.22143919201703,
        177.11146680598458
    ],
    "xinf": -0.1987122121599932,
    "xsup": 0.11861313278397659,
    "yinf": -0.1586626724719849,
    "ysup": 0.1586626724719849,
    "loopnb": [
        3
    ],
    "Targets": [
        [
            0,
            1,
            2
        ]
    ],
    "SpaceRotsUn": [
        [
            [
                [
                    1.0,
                    0.0
                ],
                [
                    0.0,
                    1.0
                ]
            ],
            [
                [
                    1.0,
                    0.0
                ],
                [
                    0.0,
                    1.0
                ]
            ],
            [
                [
                    1.0,
                    0.0
                ],
                [
                    0.0,
                    1.0
                ]
            ]
        ]
    ],
    "TimeRevsUn": [
        [
            1,
            1,
            1
        ]
    ],
    "TimeShiftNumUn": [
        [
            0,
            1,
            2
        ]
    ],
    "TimeShiftDenUn": [
        [
            1,
            3,
            3
        ]
    ],
    "RequiresLoopDispUn": [
        [
            true,
            false,
            false
        ]
    ]
}