{
    "nbody": 3,
    "n_int": 98304,
    "mass": [
        1.0,
        1.0,
        1.0
    ],
    "nloop": 1,
    "Action": 83.31441302203953,
    "Grad_Action": 7.205284480048076e-09,
    "Newton_Error": 4.0753874573763545e-09,
    "Min_Distance": 0.0043334710136089475,
    "Max_PathLength": 3.8654743766209236,
    "Hash": [
        83.31441302203953,
        36.94178906794777,
        57.643560067233274,
        133.4732831055555,
        442.1222141786459
    ],
    "xinf": -0.06275132658293761,
    "xsup": 0.07021109794548039,
    "yinf": -0.06648121226420917,
    "ysup": 0.06648121226420883,
    "loopnb": [
        3
    ],
    "Targets": [
        [
            0,
            1,
            2
        ]
    ],
    "SpaceRotsUn": [
        [
            [
                [
                    1.0,
                    0.0
                ],
                [
                    0.0,
                    1.0
                ]
            ],
            [
                [
                    1.0,
                    0.0
                ],
                [
                    0.0,
                    1.0
                ]
            ],
            [
                [
                    1.0,
                    0.0
                ],
                [
                    0.0,
                    1.0
                ]
            ]
        ]
    ],
    "TimeRevsUn": [
        [
            1,
            1,
            1
        ]
    ],
    "TimeShiftNumUn": [
        [
            0,
            1,
            2
        ]
    ],
    "TimeShiftDenUn": [
        [
            1,
            3,
            3
        ]
    ],
    "RequiresLoopDispUn": [
        [
            true,
            false,
            false
        ]
    ]
}