{
    "nbody": 3,
    "n_int": 24576,
    "mass": [
        1.0,
        1.0,
        1.0
    ],
    "nloop": 1,
    "Action": 40.76030850039953,
    "Grad_Action": 8.357035640305332e-12,
    "Newton_Error": 2.3982291678118662e-12,
    "Min_Distance": 0.031743304504941866,
    "Max_PathLength": 2.832271812160319,
    "Hash": [
        40.76030850039953,
        20.640302902279473,
        30.759413829676088,
        57.00746767018842,
        127.84797414330777
    ],
    "xinf": -0.1364789925872169,
    "xsup": 0.09841109192068426,
    "yinf": -0.11744504225395055,
    "ysup": 0.11744504225395061,
    "loopnb": [
        3
    ],
    "Targets": [
        [
            0,
            1,
            2
        ]
    ],
    "SpaceRotsUn": [
        [
            [
                [
                    1.0,
                    0.0
                ],
                [
                    0.0,
                    1.0
                ]
            ],
            [
                [
                    1.0,
                    0.0
                ],
                [
                    0.0,
                    1.0
                ]
            ],
            [
                [
                    1.0,
                    0.0
                ],
                [
                    0.0,
                    1.0
                ]
            ]
        ]
    ],
    "TimeRevsUn": [
        [
            1,
            1,
            1
        ]
    ],
    "TimeShiftNumUn": [
        [
            0,
            1,
            2
        ]
    ],
    "TimeShiftDenUn": [
        [
            1,
            3,
            3
        ]
    ],
    "RequiresLoopDispUn": [
        [
            true,
            false,
            false
        ]
    ]
}