{
    "nbody": 3,
    "n_int": 12288,
    "mass": [
        1.0,
        1.0,
        1.0
    ],
    "nloop": 1,
    "Action": 48.74689051732901,
    "Grad_Action": 2.4710817982342985e-11,
    "Newton_Error": 1.633425247752244e-11,
    "Min_Distance": 0.019472744802804566,
    "Max_PathLength": 2.903022353274948,
    "Hash": [
        48.74689051732901,
        23.766820173888288,
        35.95005875620255,
        70.58763451385663,
        174.87954008351448
    ],
    "xinf": -0.11927490340121535,
    "xsup": 0.09404945845032647,
    "yinf": -0.10666218092577093,
    "ysup": 0.1066621809257709,
    "loopnb": [
        3
    ],
    "Targets": [
        [
            0,
            1,
            2
        ]
    ],
    "SpaceRotsUn": [
        [
            [
                [
                    1.0,
                    0.0
                ],
                [
                    0.0,
                    1.0
                ]
            ],
            [
                [
                    1.0,
                    0.0
                ],
                [
                    0.0,
                    1.0
                ]
            ],
            [
                [
                    1.0,
                    0.0
                ],
                [
                    0.0,
                    1.0
                ]
            ]
        ]
    ],
    "TimeRevsUn": [
        [
            1,
            1,
            1
        ]
    ],
    "TimeShiftNumUn": [
        [
            0,
            1,
            2
        ]
    ],
    "TimeShiftDenUn": [
        [
            1,
            3,
            3
        ]
    ],
    "RequiresLoopDispUn": [
        [
            true,
            false,
            false
        ]
    ]
}