{
    "nbody": 3,
    "n_int": 98304,
    "mass": [
        1.0,
        1.0,
        1.0
    ],
    "nloop": 1,
    "Action": 81.86985250909022,
    "Grad_Action": 1.7052102957007552e-13,
    "Newton_Error": 1.6719894955384846e-12,
    "Min_Distance": 0.002775327572917049,
    "Max_PathLength": 3.7205103007656044,
    "Hash": [
        81.86985250909022,
        36.26248415690468,
        56.434601002573096,
        132.615674120146,
        461.82861226496493
    ],
    "xinf": -0.10394723552506184,
    "xsup": 0.07354108487555096,
    "yinf": -0.08874416020030641,
    "ysup": 0.08874416020030639,
    "loopnb": [
        3
    ],
    "Targets": [
        [
            0,
            1,
            2
        ]
    ],
    "SpaceRotsUn": [
        [
            [
                [
                    1.0,
                    0.0
                ],
                [
                    0.0,
                    1.0
                ]
            ],
            [
                [
                    1.0,
                    0.0
                ],
                [
                    0.0,
                    1.0
                ]
            ],
            [
                [
                    1.0,
                    0.0
                ],
                [
                    0.0,
                    1.0
                ]
            ]
        ]
    ],
    "TimeRevsUn": [
        [
            1,
            1,
            1
        ]
    ],
    "TimeShiftNumUn": [
        [
            0,
            1,
            2
        ]
    ],
    "TimeShiftDenUn": [
        [
            1,
            3,
            3
        ]
    ],
    "RequiresLoopDispUn": [
        [
            true,
            false,
            false
        ]
    ]
}