{
    "nbody": 3,
    "n_int": 24576,
    "mass": [
        1.0,
        1.0,
        1.0
    ],
    "nloop": 1,
    "Action": 87.74800253058646,
    "Grad_Action": 2.5982719573696755e-14,
    "Newton_Error": 3.814810230587094e-14,
    "Min_Distance": 0.015680579426081274,
    "Max_PathLength": 4.067173313088326,
    "Hash": [
        87.74800253058646,
        38.140891909148344,
        59.539673655010105,
        145.0165800560709,
        508.6300592704713
    ],
    "xinf": -0.15197835975871823,
    "xsup": 0.1253832791478229,
    "yinf": -0.13868081945327054,
    "ysup": 0.1386808194532706,
    "loopnb": [
        3
    ],
    "Targets": [
        [
            0,
            1,
            2
        ]
    ],
    "SpaceRotsUn": [
        [
            [
                [
                    1.0,
                    0.0
                ],
                [
                    0.0,
                    1.0
                ]
            ],
            [
                [
                    1.0,
                    0.0
                ],
                [
                    0.0,
                    1.0
                ]
            ],
            [
                [
                    1.0,
                    0.0
                ],
                [
                    0.0,
                    1.0
                ]
            ]
        ]
    ],
    "TimeRevsUn": [
        [
            1,
            1,
            1
        ]
    ],
    "TimeShiftNumUn": [
        [
            0,
            1,
            2
        ]
    ],
    "TimeShiftDenUn": [
        [
            1,
            3,
            3
        ]
    ],
    "RequiresLoopDispUn": [
        [
            true,
            false,
            false
        ]
    ]
}