{
    "nbody": 3,
    "n_int": 6144,
    "mass": [
        1.0,
        1.0,
        1.0
    ],
    "nloop": 1,
    "Action": 83.09681367761503,
    "Grad_Action": 1.5039939892517682e-14,
    "Newton_Error": 1.4023854229813797e-14,
    "Min_Distance": 0.020038252595819213,
    "Max_PathLength": 4.089361816503024,
    "Hash": [
        83.09681367761503,
        36.9669541224411,
        57.83063974656634,
        130.8437648527213,
        398.196357083099
    ],
    "xinf": -0.07635736854947404,
    "xsup": 0.0557225400365335,
    "yinf": -0.06603995429300369,
    "ysup": 0.06603995429300386,
    "loopnb": [
        3
    ],
    "Targets": [
        [
            0,
            1,
            2
        ]
    ],
    "SpaceRotsUn": [
        [
            [
                [
                    1.0,
                    0.0
                ],
                [
                    0.0,
                    1.0
                ]
            ],
            [
                [
                    1.0,
                    0.0
                ],
                [
                    0.0,
                    1.0
                ]
            ],
            [
                [
                    1.0,
                    0.0
                ],
                [
                    0.0,
                    1.0
                ]
            ]
        ]
    ],
    "TimeRevsUn": [
        [
            1,
            1,
            1
        ]
    ],
    "TimeShiftNumUn": [
        [
            0,
            1,
            2
        ]
    ],
    "TimeShiftDenUn": [
        [
            1,
            3,
            3
        ]
    ],
    "RequiresLoopDispUn": [
        [
            true,
            false,
            false
        ]
    ]
}