{
    "nbody": 3,
    "n_int": 49152,
    "mass": [
        1.0,
        1.0,
        1.0
    ],
    "nloop": 1,
    "Action": 72.77997182613348,
    "Grad_Action": 1.5141759342460666e-14,
    "Newton_Error": 1.0118748666569627e-14,
    "Min_Distance": 0.012035595712917221,
    "Max_PathLength": 3.7063498001171915,
    "Hash": [
        72.77997182613348,
        33.02969869384414,
        51.29043180676373,
        112.73506281440496,
        333.12281459142275
    ],
    "xinf": -0.08211130288282636,
    "xsup": 0.06571781117328554,
    "yinf": -0.07391455702805597,
    "ysup": 0.07391455702805594,
    "loopnb": [
        3
    ],
    "Targets": [
        [
            0,
            1,
            2
        ]
    ],
    "SpaceRotsUn": [
        [
            [
                [
                    1.0,
                    0.0
                ],
                [
                    0.0,
                    1.0
                ]
            ],
            [
                [
                    1.0,
                    0.0
                ],
                [
                    0.0,
                    1.0
                ]
            ],
            [
                [
                    1.0,
                    0.0
                ],
                [
                    0.0,
                    1.0
                ]
            ]
        ]
    ],
    "TimeRevsUn": [
        [
            1,
            1,
            1
        ]
    ],
    "TimeShiftNumUn": [
        [
            0,
            1,
            2
        ]
    ],
    "TimeShiftDenUn": [
        [
            1,
            3,
            3
        ]
    ],
    "RequiresLoopDispUn": [
        [
            true,
            false,
            false
        ]
    ]
}