{
    "nbody": 3,
    "n_int": 24576,
    "mass": [
        1.0,
        1.0,
        1.0
    ],
    "nloop": 1,
    "Action": 82.16864628377824,
    "Grad_Action": 1.5551223123991357e-14,
    "Newton_Error": 4.954000367016962e-14,
    "Min_Distance": 0.009569198143700339,
    "Max_PathLength": 3.938491985116533,
    "Hash": [
        82.16864628377826,
        36.45812949245928,
        56.885630412154356,
        131.15370155164143,
        421.7436744788516
    ],
    "xinf": -0.09596924553189076,
    "xsup": 0.058890652373294605,
    "yinf": -0.07742994895259267,
    "ysup": 0.0774299489525927,
    "loopnb": [
        3
    ],
    "Targets": [
        [
            0,
            1,
            2
        ]
    ],
    "SpaceRotsUn": [
        [
            [
                [
                    1.0,
                    0.0
                ],
                [
                    0.0,
                    1.0
                ]
            ],
            [
                [
                    1.0,
                    0.0
                ],
                [
                    0.0,
                    1.0
                ]
            ],
            [
                [
                    1.0,
                    0.0
                ],
                [
                    0.0,
                    1.0
                ]
            ]
        ]
    ],
    "TimeRevsUn": [
        [
            1,
            1,
            1
        ]
    ],
    "TimeShiftNumUn": [
        [
            0,
            1,
            2
        ]
    ],
    "TimeShiftDenUn": [
        [
            1,
            3,
            3
        ]
    ],
    "RequiresLoopDispUn": [
        [
            true,
            false,
            false
        ]
    ]
}