{
    "nbody": 3,
    "n_int": 24576,
    "mass": [
        1.0,
        1.0,
        1.0
    ],
    "nloop": 1,
    "Action": 82.59176405969986,
    "Grad_Action": 3.697411586303974e-14,
    "Newton_Error": 4.897241224841525e-14,
    "Min_Distance": 0.00723538992458655,
    "Max_PathLength": 3.8146441410847585,
    "Hash": [
        82.59176405969984,
        36.528624646095906,
        56.949437861389605,
        133.0103256010709,
        441.8713003895699
    ],
    "xinf": -0.09579578476609904,
    "xsup": 0.0683792736350505,
    "yinf": -0.0820875292005748,
    "ysup": 0.08208752920057474,
    "loopnb": [
        3
    ],
    "Targets": [
        [
            0,
            1,
            2
        ]
    ],
    "SpaceRotsUn": [
        [
            [
                [
                    1.0,
                    0.0
                ],
                [
                    0.0,
                    1.0
                ]
            ],
            [
                [
                    1.0,
                    0.0
                ],
                [
                    0.0,
                    1.0
                ]
            ],
            [
                [
                    1.0,
                    0.0
                ],
                [
                    0.0,
                    1.0
                ]
            ]
        ]
    ],
    "TimeRevsUn": [
        [
            1,
            1,
            1
        ]
    ],
    "TimeShiftNumUn": [
        [
            0,
            1,
            2
        ]
    ],
    "TimeShiftDenUn": [
        [
            1,
            3,
            3
        ]
    ],
    "RequiresLoopDispUn": [
        [
            true,
            false,
            false
        ]
    ]
}