{
    "nbody": 3,
    "n_int": 393216,
    "mass": [
        1.0,
        1.0,
        1.0
    ],
    "nloop": 1,
    "Action": 74.5553092251127,
    "Grad_Action": 1.5465817020788434e-13,
    "Newton_Error": 5.877460359326088e-11,
    "Min_Distance": 0.001050090401904217,
    "Max_PathLength": 3.4197317937820433,
    "Hash": [
        74.5553092251127,
        33.087457289497905,
        51.144203734720314,
        122.20248383799682,
        437.6511906767498
    ],
    "xinf": -0.1242514680513937,
    "xsup": 0.1535555432709403,
    "yinf": -0.138903505661167,
    "ysup": 0.138903505661167,
    "loopnb": [
        3
    ],
    "Targets": [
        [
            0,
            1,
            2
        ]
    ],
    "SpaceRotsUn": [
        [
            [
                [
                    1.0,
                    0.0
                ],
                [
                    0.0,
                    1.0
                ]
            ],
            [
                [
                    1.0,
                    0.0
                ],
                [
                    0.0,
                    1.0
                ]
            ],
            [
                [
                    1.0,
                    0.0
                ],
                [
                    0.0,
                    1.0
                ]
            ]
        ]
    ],
    "TimeRevsUn": [
        [
            1,
            1,
            1
        ]
    ],
    "TimeShiftNumUn": [
        [
            0,
            1,
            2
        ]
    ],
    "TimeShiftDenUn": [
        [
            1,
            3,
            3
        ]
    ],
    "RequiresLoopDispUn": [
        [
            true,
            false,
            false
        ]
    ]
}