{
    "nbody": 3,
    "n_int": 98304,
    "mass": [
        1.0,
        1.0,
        1.0
    ],
    "nloop": 1,
    "Action": 86.66769861254618,
    "Grad_Action": 3.1071549268250756e-08,
    "Newton_Error": 1.93781977931881e-08,
    "Min_Distance": 0.0035928672761762026,
    "Max_PathLength": 3.753324954086602,
    "Hash": [
        86.66769861254618,
        37.761463984487975,
        58.749164651141605,
        144.93061364661037,
        552.8202834447154
    ],
    "xinf": -0.1541261813082709,
    "xsup": 0.08419203813672246,
    "yinf": -0.1191591097224966,
    "ysup": 0.11915910972249677,
    "loopnb": [
        3
    ],
    "Targets": [
        [
            0,
            1,
            2
        ]
    ],
    "SpaceRotsUn": [
        [
            [
                [
                    1.0,
                    0.0
                ],
                [
                    0.0,
                    1.0
                ]
            ],
            [
                [
                    1.0,
                    0.0
                ],
                [
                    0.0,
                    1.0
                ]
            ],
            [
                [
                    1.0,
                    0.0
                ],
                [
                    0.0,
                    1.0
                ]
            ]
        ]
    ],
    "TimeRevsUn": [
        [
            1,
            1,
            1
        ]
    ],
    "TimeShiftNumUn": [
        [
            0,
            1,
            2
        ]
    ],
    "TimeShiftDenUn": [
        [
            1,
            3,
            3
        ]
    ],
    "RequiresLoopDispUn": [
        [
            true,
            false,
            false
        ]
    ]
}