{
    "nbody": 3,
    "n_int": 49152,
    "mass": [
        1.0,
        1.0,
        1.0
    ],
    "nloop": 1,
    "Action": 62.24850659558751,
    "Grad_Action": 1.8103787528715433e-12,
    "Newton_Error": 3.6236069618001236e-13,
    "Min_Distance": 0.01652962258710303,
    "Max_PathLength": 3.387999897990478,
    "Hash": [
        62.248506595587514,
        28.76336873141483,
        44.22360701051454,
        95.56943350731719,
        276.95261729756544
    ],
    "xinf": -0.17517829843619467,
    "xsup": 0.10289267066062921,
    "yinf": -0.13903548454841186,
    "ysup": 0.13903548454841202,
    "loopnb": [
        3
    ],
    "Targets": [
        [
            0,
            1,
            2
        ]
    ],
    "SpaceRotsUn": [
        [
            [
                [
                    1.0,
                    0.0
                ],
                [
                    0.0,
                    1.0
                ]
            ],
            [
                [
                    1.0,
                    0.0
                ],
                [
                    0.0,
                    1.0
                ]
            ],
            [
                [
                    1.0,
                    0.0
                ],
                [
                    0.0,
                    1.0
                ]
            ]
        ]
    ],
    "TimeRevsUn": [
        [
            1,
            1,
            1
        ]
    ],
    "TimeShiftNumUn": [
        [
            0,
            1,
            2
        ]
    ],
    "TimeShiftDenUn": [
        [
            1,
            3,
            3
        ]
    ],
    "RequiresLoopDispUn": [
        [
            true,
            false,
            false
        ]
    ]
}