{
    "nbody": 3,
    "n_int": 3072,
    "mass": [
        1.0,
        1.0,
        1.0
    ],
    "nloop": 1,
    "Action": 70.2977631935606,
    "Grad_Action": 9.863569046539128e-15,
    "Newton_Error": 2.1979742944751048e-14,
    "Min_Distance": 0.028408178403799278,
    "Max_PathLength": 3.722579777262295,
    "Hash": [
        70.2977631935606,
        31.840732745066923,
        49.31438609872183,
        109.82493691671552,
        329.9566212235312
    ],
    "xinf": -0.132825699198138,
    "xsup": 0.1328256991981375,
    "yinf": -0.13282569919813775,
    "ysup": 0.13282569919813775,
    "loopnb": [
        3
    ],
    "Targets": [
        [
            0,
            1,
            2
        ]
    ],
    "SpaceRotsUn": [
        [
            [
                [
                    1.0,
                    0.0
                ],
                [
                    0.0,
                    1.0
                ]
            ],
            [
                [
                    1.0,
                    0.0
                ],
                [
                    0.0,
                    1.0
                ]
            ],
            [
                [
                    1.0,
                    0.0
                ],
                [
                    0.0,
                    1.0
                ]
            ]
        ]
    ],
    "TimeRevsUn": [
        [
            1,
            1,
            1
        ]
    ],
    "TimeShiftNumUn": [
        [
            0,
            1,
            2
        ]
    ],
    "TimeShiftDenUn": [
        [
            1,
            3,
            3
        ]
    ],
    "RequiresLoopDispUn": [
        [
            true,
            false,
            false
        ]
    ]
}