{
    "nbody": 3,
    "n_int": 3072,
    "mass": [
        1.0,
        1.0,
        1.0
    ],
    "nloop": 1,
    "Action": 65.41313678789929,
    "Grad_Action": 1.0049277345579775e-14,
    "Newton_Error": 2.092239384835074e-14,
    "Min_Distance": 0.03168118211764128,
    "Max_PathLength": 3.6018464973134807,
    "Hash": [
        65.41313678789929,
        30.05681046519513,
        46.38784328557959,
        100.40733725332412,
        287.54298866938467
    ],
    "xinf": -0.12854989730194274,
    "xsup": 0.12854967878391196,
    "yinf": -0.12854978804292735,
    "ysup": 0.12854978804292735,
    "loopnb": [
        3
    ],
    "Targets": [
        [
            0,
            1,
            2
        ]
    ],
    "SpaceRotsUn": [
        [
            [
                [
                    1.0,
                    0.0
                ],
                [
                    0.0,
                    1.0
                ]
            ],
            [
                [
                    1.0,
                    0.0
                ],
                [
                    0.0,
                    1.0
                ]
            ],
            [
                [
                    1.0,
                    0.0
                ],
                [
                    0.0,
                    1.0
                ]
            ]
        ]
    ],
    "TimeRevsUn": [
        [
            1,
            1,
            1
        ]
    ],
    "TimeShiftNumUn": [
        [
            0,
            1,
            2
        ]
    ],
    "TimeShiftDenUn": [
        [
            1,
            3,
            3
        ]
    ],
    "RequiresLoopDispUn": [
        [
            true,
            false,
            false
        ]
    ]
}