{
    "nbody": 3,
    "n_int": 6144,
    "mass": [
        1.0,
        1.0,
        1.0
    ],
    "nloop": 1,
    "Action": 65.3216347106556,
    "Grad_Action": 1.9194209938863886e-14,
    "Newton_Error": 2.9316568095656467e-14,
    "Min_Distance": 0.019329302234446864,
    "Max_PathLength": 3.5375404682829896,
    "Hash": [
        65.3216347106556,
        30.009480905796366,
        46.28075121690028,
        100.60009486907543,
        293.2060883787748
    ],
    "xinf": -0.13543548793464133,
    "xsup": 0.10937673016327566,
    "yinf": -0.12240610904895849,
    "ysup": 0.12240610904895852,
    "loopnb": [
        3
    ],
    "Targets": [
        [
            0,
            1,
            2
        ]
    ],
    "SpaceRotsUn": [
        [
            [
                [
                    1.0,
                    0.0
                ],
                [
                    0.0,
                    1.0
                ]
            ],
            [
                [
                    1.0,
                    0.0
                ],
                [
                    0.0,
                    1.0
                ]
            ],
            [
                [
                    1.0,
                    0.0
                ],
                [
                    0.0,
                    1.0
                ]
            ]
        ]
    ],
    "TimeRevsUn": [
        [
            1,
            1,
            1
        ]
    ],
    "TimeShiftNumUn": [
        [
            0,
            1,
            2
        ]
    ],
    "TimeShiftDenUn": [
        [
            1,
            3,
            3
        ]
    ],
    "RequiresLoopDispUn": [
        [
            true,
            false,
            false
        ]
    ]
}