{
    "nbody": 3,
    "n_int": 24576,
    "mass": [
        1.0,
        1.0,
        1.0
    ],
    "nloop": 1,
    "Action": 81.60867988043316,
    "Grad_Action": 4.0776893932620015e-14,
    "Newton_Error": 1.9891304352856755e-13,
    "Min_Distance": 0.008534865939139042,
    "Max_PathLength": 3.766578140753183,
    "Hash": [
        81.60867988043314,
        35.886325051096556,
        55.78267684511053,
        133.9279423006521,
        472.2322593725868
    ],
    "xinf": -0.08340773918805719,
    "xsup": 0.1311553931839286,
    "yinf": -0.10728156618599284,
    "ysup": 0.10728156618599295,
    "loopnb": [
        3
    ],
    "Targets": [
        [
            0,
            1,
            2
        ]
    ],
    "SpaceRotsUn": [
        [
            [
                [
                    1.0,
                    0.0
                ],
                [
                    0.0,
                    1.0
                ]
            ],
            [
                [
                    1.0,
                    0.0
                ],
                [
                    0.0,
                    1.0
                ]
            ],
            [
                [
                    1.0,
                    0.0
                ],
                [
                    0.0,
                    1.0
                ]
            ]
        ]
    ],
    "TimeRevsUn": [
        [
            1,
            1,
            1
        ]
    ],
    "TimeShiftNumUn": [
        [
            0,
            1,
            2
        ]
    ],
    "TimeShiftDenUn": [
        [
            1,
            3,
            3
        ]
    ],
    "RequiresLoopDispUn": [
        [
            true,
            false,
            false
        ]
    ]
}