{
    "nbody": 3,
    "n_int": 24576,
    "mass": [
        1.0,
        1.0,
        1.0
    ],
    "nloop": 1,
    "Action": 57.781500059559704,
    "Grad_Action": 8.91902363671664e-15,
    "Newton_Error": 2.7624080133347565e-14,
    "Min_Distance": 0.00858447495353837,
    "Max_PathLength": 3.2914120097504815,
    "Hash": [
        57.781500059559704,
        27.289087109615437,
        41.78729221023224,
        86.17139260777606,
        232.2578096517584
    ],
    "xinf": -0.12480825194592116,
    "xsup": 0.0779112606477072,
    "yinf": -0.10135975629681418,
    "ysup": 0.10135975629681418,
    "loopnb": [
        3
    ],
    "Targets": [
        [
            0,
            1,
            2
        ]
    ],
    "SpaceRotsUn": [
        [
            [
                [
                    1.0,
                    0.0
                ],
                [
                    0.0,
                    1.0
                ]
            ],
            [
                [
                    1.0,
                    0.0
                ],
                [
                    0.0,
                    1.0
                ]
            ],
            [
                [
                    1.0,
                    0.0
                ],
                [
                    0.0,
                    1.0
                ]
            ]
        ]
    ],
    "TimeRevsUn": [
        [
            1,
            1,
            1
        ]
    ],
    "TimeShiftNumUn": [
        [
            0,
            1,
            2
        ]
    ],
    "TimeShiftDenUn": [
        [
            1,
            3,
            3
        ]
    ],
    "RequiresLoopDispUn": [
        [
            true,
            false,
            false
        ]
    ]
}