{
    "nbody": 3,
    "n_int": 49152,
    "mass": [
        1.0,
        1.0,
        1.0
    ],
    "nloop": 1,
    "Action": 87.22094643606526,
    "Grad_Action": 2.4701780341526767e-14,
    "Newton_Error": 2.872997848834689e-14,
    "Min_Distance": 0.0070806639594326575,
    "Max_PathLength": 4.024321419417903,
    "Hash": [
        87.22094643606526,
        38.353401551252006,
        59.99148769869428,
        140.70367668640765,
        466.8205463374846
    ],
    "xinf": -0.10124626744039093,
    "xsup": 0.08456606368213722,
    "yinf": -0.09290616556126408,
    "ysup": 0.09290616556126408,
    "loopnb": [
        3
    ],
    "Targets": [
        [
            0,
            1,
            2
        ]
    ],
    "SpaceRotsUn": [
        [
            [
                [
                    1.0,
                    0.0
                ],
                [
                    0.0,
                    1.0
                ]
            ],
            [
                [
                    1.0,
                    0.0
                ],
                [
                    0.0,
                    1.0
                ]
            ],
            [
                [
                    1.0,
                    0.0
                ],
                [
                    0.0,
                    1.0
                ]
            ]
        ]
    ],
    "TimeRevsUn": [
        [
            1,
            1,
            1
        ]
    ],
    "TimeShiftNumUn": [
        [
            0,
            1,
            2
        ]
    ],
    "TimeShiftDenUn": [
        [
            1,
            3,
            3
        ]
    ],
    "RequiresLoopDispUn": [
        [
            true,
            false,
            false
        ]
    ]
}