{
    "nbody": 3,
    "n_int": 49152,
    "mass": [
        1.0,
        1.0,
        1.0
    ],
    "nloop": 1,
    "Action": 84.12905140312343,
    "Grad_Action": 6.464804005171089e-15,
    "Newton_Error": 5.781806745298504e-15,
    "Min_Distance": 0.014864206489768458,
    "Max_PathLength": 4.075160422996805,
    "Hash": [
        84.12905140312343,
        37.412998946489125,
        58.587928493874884,
        132.20727890656613,
        399.70021757137977
    ],
    "xinf": -0.07525820974389555,
    "xsup": 0.0693220989385617,
    "yinf": -0.07229015434122854,
    "ysup": 0.07229015434122871,
    "loopnb": [
        3
    ],
    "Targets": [
        [
            0,
            1,
            2
        ]
    ],
    "SpaceRotsUn": [
        [
            [
                [
                    1.0,
                    0.0
                ],
                [
                    0.0,
                    1.0
                ]
            ],
            [
                [
                    1.0,
                    0.0
                ],
                [
                    0.0,
                    1.0
                ]
            ],
            [
                [
                    1.0,
                    0.0
                ],
                [
                    0.0,
                    1.0
                ]
            ]
        ]
    ],
    "TimeRevsUn": [
        [
            1,
            1,
            1
        ]
    ],
    "TimeShiftNumUn": [
        [
            0,
            1,
            2
        ]
    ],
    "TimeShiftDenUn": [
        [
            1,
            3,
            3
        ]
    ],
    "RequiresLoopDispUn": [
        [
            true,
            false,
            false
        ]
    ]
}