{
    "nbody": 3,
    "n_int": 12288,
    "mass": [
        1.0,
        1.0,
        1.0
    ],
    "nloop": 1,
    "Action": 83.0122250738846,
    "Grad_Action": 4.6501269086396175e-14,
    "Newton_Error": 3.475543517738539e-14,
    "Min_Distance": 0.011624624916719948,
    "Max_PathLength": 4.0117432778429425,
    "Hash": [
        83.01222507388458,
        36.90868655826208,
        57.697224580723336,
        131.2423899697673,
        407.6162571856808
    ],
    "xinf": -0.07305255111813452,
    "xsup": 0.08228251221452731,
    "yinf": -0.07766753166633103,
    "ysup": 0.07766753166633081,
    "loopnb": [
        3
    ],
    "Targets": [
        [
            0,
            1,
            2
        ]
    ],
    "SpaceRotsUn": [
        [
            [
                [
                    1.0,
                    0.0
                ],
                [
                    0.0,
                    1.0
                ]
            ],
            [
                [
                    1.0,
                    0.0
                ],
                [
                    0.0,
                    1.0
                ]
            ],
            [
                [
                    1.0,
                    0.0
                ],
                [
                    0.0,
                    1.0
                ]
            ]
        ]
    ],
    "TimeRevsUn": [
        [
            1,
            1,
            1
        ]
    ],
    "TimeShiftNumUn": [
        [
            0,
            1,
            2
        ]
    ],
    "TimeShiftDenUn": [
        [
            1,
            3,
            3
        ]
    ],
    "RequiresLoopDispUn": [
        [
            true,
            false,
            false
        ]
    ]
}