{
    "nbody": 3,
    "n_int": 49152,
    "mass": [
        1.0,
        1.0,
        1.0
    ],
    "nloop": 1,
    "Action": 77.631786181414,
    "Grad_Action": 2.4755127662714537e-14,
    "Newton_Error": 4.429581877275367e-14,
    "Min_Distance": 0.005507678801773782,
    "Max_PathLength": 3.79970336514317,
    "Hash": [
        77.63178618141401,
        34.77151080418908,
        54.111839791668956,
        122.6799773341623,
        386.8283502187923
    ],
    "xinf": -0.10451088161838265,
    "xsup": 0.06897609160237264,
    "yinf": -0.08674348661037766,
    "ysup": 0.08674348661037763,
    "loopnb": [
        3
    ],
    "Targets": [
        [
            0,
            1,
            2
        ]
    ],
    "SpaceRotsUn": [
        [
            [
                [
                    1.0,
                    0.0
                ],
                [
                    0.0,
                    1.0
                ]
            ],
            [
                [
                    1.0,
                    0.0
                ],
                [
                    0.0,
                    1.0
                ]
            ],
            [
                [
                    1.0,
                    0.0
                ],
                [
                    0.0,
                    1.0
                ]
            ]
        ]
    ],
    "TimeRevsUn": [
        [
            1,
            1,
            1
        ]
    ],
    "TimeShiftNumUn": [
        [
            0,
            1,
            2
        ]
    ],
    "TimeShiftDenUn": [
        [
            1,
            3,
            3
        ]
    ],
    "RequiresLoopDispUn": [
        [
            true,
            false,
            false
        ]
    ]
}