{
    "nbody": 3,
    "n_int": 49152,
    "mass": [
        1.0,
        1.0,
        1.0
    ],
    "nloop": 1,
    "Action": 86.4334789714389,
    "Grad_Action": 1.5448737344323488e-14,
    "Newton_Error": 7.874327148717778e-15,
    "Min_Distance": 0.013546635421590873,
    "Max_PathLength": 4.151284614756863,
    "Hash": [
        86.43347897143889,
        38.27038553623353,
        59.99630713554115,
        136.54084071389858,
        418.58506396542725
    ],
    "xinf": -0.04823369442918665,
    "xsup": 0.0673292661112838,
    "yinf": -0.05778148027023543,
    "ysup": 0.057781480270235025,
    "loopnb": [
        3
    ],
    "Targets": [
        [
            0,
            1,
            2
        ]
    ],
    "SpaceRotsUn": [
        [
            [
                [
                    1.0,
                    0.0
                ],
                [
                    0.0,
                    1.0
                ]
            ],
            [
                [
                    1.0,
                    0.0
                ],
                [
                    0.0,
                    1.0
                ]
            ],
            [
                [
                    1.0,
                    0.0
                ],
                [
                    0.0,
                    1.0
                ]
            ]
        ]
    ],
    "TimeRevsUn": [
        [
            1,
            1,
            1
        ]
    ],
    "TimeShiftNumUn": [
        [
            0,
            1,
            2
        ]
    ],
    "TimeShiftDenUn": [
        [
            1,
            3,
            3
        ]
    ],
    "RequiresLoopDispUn": [
        [
            true,
            false,
            false
        ]
    ]
}