{
    "nbody": 3,
    "n_int": 6144,
    "mass": [
        1.0,
        1.0,
        1.0
    ],
    "nloop": 1,
    "Action": 88.79658808877363,
    "Grad_Action": 3.0889712144842154e-14,
    "Newton_Error": 9.565898986247335e-14,
    "Min_Distance": 0.019624968665615493,
    "Max_PathLength": 4.222000937888609,
    "Hash": [
        88.79658808877363,
        39.136699079738044,
        61.421869678077144,
        141.0242331367868,
        437.6410422454239
    ],
    "xinf": -0.06773656757973863,
    "xsup": 0.0677365675797396,
    "yinf": -0.06773656757973914,
    "ysup": 0.06773656757973909,
    "loopnb": [
        3
    ],
    "Targets": [
        [
            0,
            1,
            2
        ]
    ],
    "SpaceRotsUn": [
        [
            [
                [
                    1.0,
                    0.0
                ],
                [
                    0.0,
                    1.0
                ]
            ],
            [
                [
                    1.0,
                    0.0
                ],
                [
                    0.0,
                    1.0
                ]
            ],
            [
                [
                    1.0,
                    0.0
                ],
                [
                    0.0,
                    1.0
                ]
            ]
        ]
    ],
    "TimeRevsUn": [
        [
            1,
            1,
            1
        ]
    ],
    "TimeShiftNumUn": [
        [
            0,
            1,
            2
        ]
    ],
    "TimeShiftDenUn": [
        [
            1,
            3,
            3
        ]
    ],
    "RequiresLoopDispUn": [
        [
            true,
            false,
            false
        ]
    ]
}