{
    "nbody": 3,
    "n_int": 98304,
    "mass": [
        1.0,
        1.0,
        1.0
    ],
    "nloop": 1,
    "Action": 79.39722222355073,
    "Grad_Action": 2.3590383551495513e-13,
    "Newton_Error": 1.3648874711898763e-13,
    "Min_Distance": 0.006260286630093135,
    "Max_PathLength": 3.7518265675006877,
    "Hash": [
        79.39722222355073,
        35.32413303139173,
        54.95823573542122,
        127.25494094060552,
        420.62238570906356
    ],
    "xinf": -0.10896513521315884,
    "xsup": 0.07136075635216718,
    "yinf": -0.09016294578266301,
    "ysup": 0.09016294578266301,
    "loopnb": [
        3
    ],
    "Targets": [
        [
            0,
            1,
            2
        ]
    ],
    "SpaceRotsUn": [
        [
            [
                [
                    1.0,
                    0.0
                ],
                [
                    0.0,
                    1.0
                ]
            ],
            [
                [
                    1.0,
                    0.0
                ],
                [
                    0.0,
                    1.0
                ]
            ],
            [
                [
                    1.0,
                    0.0
                ],
                [
                    0.0,
                    1.0
                ]
            ]
        ]
    ],
    "TimeRevsUn": [
        [
            1,
            1,
            1
        ]
    ],
    "TimeShiftNumUn": [
        [
            0,
            1,
            2
        ]
    ],
    "TimeShiftDenUn": [
        [
            1,
            3,
            3
        ]
    ],
    "RequiresLoopDispUn": [
        [
            true,
            false,
            false
        ]
    ]
}