{
    "nbody": 3,
    "n_int": 49152,
    "mass": [
        1.0,
        1.0,
        1.0
    ],
    "nloop": 1,
    "Action": 69.06652021305848,
    "Grad_Action": 5.680878078832316e-13,
    "Newton_Error": 1.1715560383030634e-13,
    "Min_Distance": 0.013097031693543986,
    "Max_PathLength": 3.62712862725734,
    "Hash": [
        69.06652021305848,
        31.538627627867122,
        48.811896732268686,
        106.66410647350104,
        313.44597445957413
    ],
    "xinf": -0.11171989840142824,
    "xsup": 0.09378330576200924,
    "yinf": -0.10275160208171878,
    "ysup": 0.1027516020817187,
    "loopnb": [
        3
    ],
    "Targets": [
        [
            0,
            1,
            2
        ]
    ],
    "SpaceRotsUn": [
        [
            [
                [
                    1.0,
                    0.0
                ],
                [
                    0.0,
                    1.0
                ]
            ],
            [
                [
                    1.0,
                    0.0
                ],
                [
                    0.0,
                    1.0
                ]
            ],
            [
                [
                    1.0,
                    0.0
                ],
                [
                    0.0,
                    1.0
                ]
            ]
        ]
    ],
    "TimeRevsUn": [
        [
            1,
            1,
            1
        ]
    ],
    "TimeShiftNumUn": [
        [
            0,
            1,
            2
        ]
    ],
    "TimeShiftDenUn": [
        [
            1,
            3,
            3
        ]
    ],
    "RequiresLoopDispUn": [
        [
            true,
            false,
            false
        ]
    ]
}