{
    "nbody": 3,
    "n_int": 98304,
    "mass": [
        1.0,
        1.0,
        1.0
    ],
    "nloop": 1,
    "Action": 83.09351303973267,
    "Grad_Action": 6.556958756407956e-14,
    "Newton_Error": 4.876756754136226e-14,
    "Min_Distance": 0.004094651383445152,
    "Max_PathLength": 3.9392451309215906,
    "Hash": [
        83.09351303973267,
        36.866445179842785,
        57.579836733933845,
        132.35369386646713,
        424.7339174177187
    ],
    "xinf": -0.0989620991423687,
    "xsup": 0.0719011610085063,
    "yinf": -0.08543163007543751,
    "ysup": 0.08543163007543748,
    "loopnb": [
        3
    ],
    "Targets": [
        [
            0,
            1,
            2
        ]
    ],
    "SpaceRotsUn": [
        [
            [
                [
                    1.0,
                    0.0
                ],
                [
                    0.0,
                    1.0
                ]
            ],
            [
                [
                    1.0,
                    0.0
                ],
                [
                    0.0,
                    1.0
                ]
            ],
            [
                [
                    1.0,
                    0.0
                ],
                [
                    0.0,
                    1.0
                ]
            ]
        ]
    ],
    "TimeRevsUn": [
        [
            1,
            1,
            1
        ]
    ],
    "TimeShiftNumUn": [
        [
            0,
            1,
            2
        ]
    ],
    "TimeShiftDenUn": [
        [
            1,
            3,
            3
        ]
    ],
    "RequiresLoopDispUn": [
        [
            true,
            false,
            false
        ]
    ]
}