{
    "nbody": 3,
    "n_int": 786432,
    "mass": [
        1.0,
        1.0,
        1.0
    ],
    "nloop": 1,
    "Action": 78.09527255556688,
    "Grad_Action": 4.04037548206843e-14,
    "Newton_Error": 3.225989218294097e-13,
    "Min_Distance": 0.0010729476180637606,
    "Max_PathLength": 3.6404348057676574,
    "Hash": [
        78.09527255556688,
        34.96088423619533,
        54.335181284282726,
        124.61334416005545,
        423.4372465202027
    ],
    "xinf": -0.0955287538896343,
    "xsup": 0.05878291695696283,
    "yinf": -0.07715583542329853,
    "ysup": 0.07715583542329861,
    "loopnb": [
        3
    ],
    "Targets": [
        [
            0,
            1,
            2
        ]
    ],
    "SpaceRotsUn": [
        [
            [
                [
                    1.0,
                    0.0
                ],
                [
                    0.0,
                    1.0
                ]
            ],
            [
                [
                    1.0,
                    0.0
                ],
                [
                    0.0,
                    1.0
                ]
            ],
            [
                [
                    1.0,
                    0.0
                ],
                [
                    0.0,
                    1.0
                ]
            ]
        ]
    ],
    "TimeRevsUn": [
        [
            1,
            1,
            1
        ]
    ],
    "TimeShiftNumUn": [
        [
            0,
            1,
            2
        ]
    ],
    "TimeShiftDenUn": [
        [
            1,
            3,
            3
        ]
    ],
    "RequiresLoopDispUn": [
        [
            true,
            false,
            false
        ]
    ]
}