{
    "nbody": 3,
    "n_int": 6144,
    "mass": [
        1.0,
        1.0,
        1.0
    ],
    "nloop": 1,
    "Action": 78.40522284788803,
    "Grad_Action": 9.660655997728289e-15,
    "Newton_Error": 3.2041141417639584e-14,
    "Min_Distance": 0.01949472143278084,
    "Max_PathLength": 3.9671671472329506,
    "Hash": [
        78.40522284788803,
        35.24699990101492,
        55.014283390559285,
        121.7891341874899,
        356.9006403114878
    ],
    "xinf": -0.07278848905333042,
    "xsup": 0.0787415253616116,
    "yinf": -0.07576500720747112,
    "ysup": 0.0757650072074709,
    "loopnb": [
        3
    ],
    "Targets": [
        [
            0,
            1,
            2
        ]
    ],
    "SpaceRotsUn": [
        [
            [
                [
                    1.0,
                    0.0
                ],
                [
                    0.0,
                    1.0
                ]
            ],
            [
                [
                    1.0,
                    0.0
                ],
                [
                    0.0,
                    1.0
                ]
            ],
            [
                [
                    1.0,
                    0.0
                ],
                [
                    0.0,
                    1.0
                ]
            ]
        ]
    ],
    "TimeRevsUn": [
        [
            1,
            1,
            1
        ]
    ],
    "TimeShiftNumUn": [
        [
            0,
            1,
            2
        ]
    ],
    "TimeShiftDenUn": [
        [
            1,
            3,
            3
        ]
    ],
    "RequiresLoopDispUn": [
        [
            true,
            false,
            false
        ]
    ]
}