{
    "nbody": 3,
    "n_int": 24576,
    "mass": [
        1.0,
        1.0,
        1.0
    ],
    "nloop": 1,
    "Action": 83.61170686713632,
    "Grad_Action": 2.3185124973245013e-14,
    "Newton_Error": 2.3282569379811536e-14,
    "Min_Distance": 0.016408207173485952,
    "Max_PathLength": 3.977404944588685,
    "Hash": [
        83.61170686713632,
        36.65314474083401,
        57.12960997201589,
        136.5951721392786,
        464.9698531756999
    ],
    "xinf": -0.14991622396623788,
    "xsup": 0.12325227477060602,
    "yinf": -0.13658424936842195,
    "ysup": 0.13658424936842195,
    "loopnb": [
        3
    ],
    "Targets": [
        [
            0,
            1,
            2
        ]
    ],
    "SpaceRotsUn": [
        [
            [
                [
                    1.0,
                    0.0
                ],
                [
                    0.0,
                    1.0
                ]
            ],
            [
                [
                    1.0,
                    0.0
                ],
                [
                    0.0,
                    1.0
                ]
            ],
            [
                [
                    1.0,
                    0.0
                ],
                [
                    0.0,
                    1.0
                ]
            ]
        ]
    ],
    "TimeRevsUn": [
        [
            1,
            1,
            1
        ]
    ],
    "TimeShiftNumUn": [
        [
            0,
            1,
            2
        ]
    ],
    "TimeShiftDenUn": [
        [
            1,
            3,
            3
        ]
    ],
    "RequiresLoopDispUn": [
        [
            true,
            false,
            false
        ]
    ]
}