{
    "nbody": 3,
    "n_int": 12288,
    "mass": [
        1.0,
        1.0,
        1.0
    ],
    "nloop": 1,
    "Action": 83.35604981600541,
    "Grad_Action": 1.0951705694787978e-14,
    "Newton_Error": 5.1771563198349425e-14,
    "Min_Distance": 0.011508813535023707,
    "Max_PathLength": 4.025785476790927,
    "Hash": [
        83.35604981600541,
        37.01659683970501,
        57.88438483145479,
        131.89342762592284,
        408.8605018005412
    ],
    "xinf": -0.08030521788566425,
    "xsup": 0.09456152650502198,
    "yinf": -0.08743337219534306,
    "ysup": 0.08743337219534317,
    "loopnb": [
        3
    ],
    "Targets": [
        [
            0,
            1,
            2
        ]
    ],
    "SpaceRotsUn": [
        [
            [
                [
                    1.0,
                    0.0
                ],
                [
                    0.0,
                    1.0
                ]
            ],
            [
                [
                    1.0,
                    0.0
                ],
                [
                    0.0,
                    1.0
                ]
            ],
            [
                [
                    1.0,
                    0.0
                ],
                [
                    0.0,
                    1.0
                ]
            ]
        ]
    ],
    "TimeRevsUn": [
        [
            1,
            1,
            1
        ]
    ],
    "TimeShiftNumUn": [
        [
            0,
            1,
            2
        ]
    ],
    "TimeShiftDenUn": [
        [
            1,
            3,
            3
        ]
    ],
    "RequiresLoopDispUn": [
        [
            true,
            false,
            false
        ]
    ]
}