{
    "nbody": 3,
    "n_int": 393216,
    "mass": [
        1.0,
        1.0,
        1.0
    ],
    "nloop": 1,
    "Action": 57.87194457112583,
    "Grad_Action": 9.191010127098398e-14,
    "Newton_Error": 1.0030584186178128e-10,
    "Min_Distance": 0.0010443489393317984,
    "Max_PathLength": 3.196744565582497,
    "Hash": [
        57.87194457112582,
        27.257297895283216,
        41.63874796690423,
        87.9251625151935,
        269.9660177737355
    ],
    "xinf": -0.11297608277573101,
    "xsup": 0.06765486821628652,
    "yinf": -0.0903154754960088,
    "ysup": 0.09031547549600874,
    "loopnb": [
        3
    ],
    "Targets": [
        [
            0,
            1,
            2
        ]
    ],
    "SpaceRotsUn": [
        [
            [
                [
                    1.0,
                    0.0
                ],
                [
                    0.0,
                    1.0
                ]
            ],
            [
                [
                    1.0,
                    0.0
                ],
                [
                    0.0,
                    1.0
                ]
            ],
            [
                [
                    1.0,
                    0.0
                ],
                [
                    0.0,
                    1.0
                ]
            ]
        ]
    ],
    "TimeRevsUn": [
        [
            1,
            1,
            1
        ]
    ],
    "TimeShiftNumUn": [
        [
            0,
            1,
            2
        ]
    ],
    "TimeShiftDenUn": [
        [
            1,
            3,
            3
        ]
    ],
    "RequiresLoopDispUn": [
        [
            true,
            false,
            false
        ]
    ]
}