{
    "nbody": 3,
    "n_int": 6144,
    "mass": [
        1.0,
        1.0,
        1.0
    ],
    "nloop": 1,
    "Action": 60.12204573262976,
    "Grad_Action": 9.510768028197703e-15,
    "Newton_Error": 1.52341812190916e-14,
    "Min_Distance": 0.019193320235514094,
    "Max_PathLength": 3.3907917849373805,
    "Hash": [
        60.12204573262976,
        28.090583728778185,
        43.11722903933416,
        90.83407117434714,
        251.71313453356817
    ],
    "xinf": -0.12843488815191145,
    "xsup": 0.10351845783779264,
    "yinf": -0.11597667299485198,
    "ysup": 0.11597667299485209,
    "loopnb": [
        3
    ],
    "Targets": [
        [
            0,
            1,
            2
        ]
    ],
    "SpaceRotsUn": [
        [
            [
                [
                    1.0,
                    0.0
                ],
                [
                    0.0,
                    1.0
                ]
            ],
            [
                [
                    1.0,
                    0.0
                ],
                [
                    0.0,
                    1.0
                ]
            ],
            [
                [
                    1.0,
                    0.0
                ],
                [
                    0.0,
                    1.0
                ]
            ]
        ]
    ],
    "TimeRevsUn": [
        [
            1,
            1,
            1
        ]
    ],
    "TimeShiftNumUn": [
        [
            0,
            1,
            2
        ]
    ],
    "TimeShiftDenUn": [
        [
            1,
            3,
            3
        ]
    ],
    "RequiresLoopDispUn": [
        [
            true,
            false,
            false
        ]
    ]
}