{
    "nbody": 3,
    "n_int": 12288,
    "mass": [
        1.0,
        1.0,
        1.0
    ],
    "nloop": 1,
    "Action": 73.6558283161181,
    "Grad_Action": 1.7725230744717673e-14,
    "Newton_Error": 4.131447910692157e-14,
    "Min_Distance": 0.012976811822384252,
    "Max_PathLength": 3.735545659955445,
    "Hash": [
        73.6558283161181,
        33.19695610934547,
        51.51768732549205,
        115.76925263765823,
        357.5078807658683
    ],
    "xinf": -0.06932061795942271,
    "xsup": 0.10774769415048005,
    "yinf": -0.08853415605495132,
    "ysup": 0.08853415605495144,
    "loopnb": [
        3
    ],
    "Targets": [
        [
            0,
            1,
            2
        ]
    ],
    "SpaceRotsUn": [
        [
            [
                [
                    1.0,
                    0.0
                ],
                [
                    0.0,
                    1.0
                ]
            ],
            [
                [
                    1.0,
                    0.0
                ],
                [
                    0.0,
                    1.0
                ]
            ],
            [
                [
                    1.0,
                    0.0
                ],
                [
                    0.0,
                    1.0
                ]
            ]
        ]
    ],
    "TimeRevsUn": [
        [
            1,
            1,
            1
        ]
    ],
    "TimeShiftNumUn": [
        [
            0,
            1,
            2
        ]
    ],
    "TimeShiftDenUn": [
        [
            1,
            3,
            3
        ]
    ],
    "RequiresLoopDispUn": [
        [
            true,
            false,
            false
        ]
    ]
}