{
    "nbody": 3,
    "n_int": 49152,
    "mass": [
        1.0,
        1.0,
        1.0
    ],
    "nloop": 1,
    "Action": 82.0379858605244,
    "Grad_Action": 8.944796212284461e-14,
    "Newton_Error": 6.508263982121614e-14,
    "Min_Distance": 0.005673917647057509,
    "Max_PathLength": 3.724949951256103,
    "Hash": [
        82.0379858605244,
        36.25708077946153,
        56.45526080220438,
        132.9169722005868,
        454.4526138185061
    ],
    "xinf": -0.13239856980489723,
    "xsup": 0.07457771352648887,
    "yinf": -0.10348814166569292,
    "ysup": 0.10348814166569317,
    "loopnb": [
        3
    ],
    "Targets": [
        [
            0,
            1,
            2
        ]
    ],
    "SpaceRotsUn": [
        [
            [
                [
                    1.0,
                    0.0
                ],
                [
                    0.0,
                    1.0
                ]
            ],
            [
                [
                    1.0,
                    0.0
                ],
                [
                    0.0,
                    1.0
                ]
            ],
            [
                [
                    1.0,
                    0.0
                ],
                [
                    0.0,
                    1.0
                ]
            ]
        ]
    ],
    "TimeRevsUn": [
        [
            1,
            1,
            1
        ]
    ],
    "TimeShiftNumUn": [
        [
            0,
            1,
            2
        ]
    ],
    "TimeShiftDenUn": [
        [
            1,
            3,
            3
        ]
    ],
    "RequiresLoopDispUn": [
        [
            true,
            false,
            false
        ]
    ]
}