{
    "nbody": 3,
    "n_int": 3072,
    "mass": [
        1.0,
        1.0,
        1.0
    ],
    "nloop": 1,
    "Action": 73.84545151784731,
    "Grad_Action": 1.2073127567836275e-14,
    "Newton_Error": 7.79562180675147e-14,
    "Min_Distance": 0.02539193222540785,
    "Max_PathLength": 3.86433210957209,
    "Hash": [
        73.84545151784731,
        33.635468227145914,
        52.39542722737522,
        112.45588659274215,
        310.24661651032454
    ],
    "xinf": -0.05559021437047537,
    "xsup": 0.0555902143704753,
    "yinf": -0.05559021437047535,
    "ysup": 0.05559021437047532,
    "loopnb": [
        3
    ],
    "Targets": [
        [
            0,
            1,
            2
        ]
    ],
    "SpaceRotsUn": [
        [
            [
                [
                    1.0,
                    0.0
                ],
                [
                    0.0,
                    1.0
                ]
            ],
            [
                [
                    1.0,
                    0.0
                ],
                [
                    0.0,
                    1.0
                ]
            ],
            [
                [
                    1.0,
                    0.0
                ],
                [
                    0.0,
                    1.0
                ]
            ]
        ]
    ],
    "TimeRevsUn": [
        [
            1,
            1,
            1
        ]
    ],
    "TimeShiftNumUn": [
        [
            0,
            1,
            2
        ]
    ],
    "TimeShiftDenUn": [
        [
            1,
            3,
            3
        ]
    ],
    "RequiresLoopDispUn": [
        [
            true,
            false,
            false
        ]
    ]
}