{
    "nbody": 3,
    "n_int": 49152,
    "mass": [
        1.0,
        1.0,
        1.0
    ],
    "nloop": 1,
    "Action": 86.66769861254633,
    "Grad_Action": 4.80731354902122e-13,
    "Newton_Error": 3.421351306542152e-09,
    "Min_Distance": 0.0035928677981950695,
    "Max_PathLength": 3.753299292233918,
    "Hash": [
        86.66769861254635,
        37.7614639980995,
        58.74916468181587,
        144.93061345034712,
        552.8202793963596
    ],
    "xinf": -0.15412617856567437,
    "xsup": 0.08419203680622594,
    "yinf": -0.11915910768595006,
    "ysup": 0.11915910768595026,
    "loopnb": [
        3
    ],
    "Targets": [
        [
            0,
            1,
            2
        ]
    ],
    "SpaceRotsUn": [
        [
            [
                [
                    1.0,
                    0.0
                ],
                [
                    0.0,
                    1.0
                ]
            ],
            [
                [
                    1.0,
                    0.0
                ],
                [
                    0.0,
                    1.0
                ]
            ],
            [
                [
                    1.0,
                    0.0
                ],
                [
                    0.0,
                    1.0
                ]
            ]
        ]
    ],
    "TimeRevsUn": [
        [
            1,
            1,
            1
        ]
    ],
    "TimeShiftNumUn": [
        [
            0,
            1,
            2
        ]
    ],
    "TimeShiftDenUn": [
        [
            1,
            3,
            3
        ]
    ],
    "RequiresLoopDispUn": [
        [
            true,
            false,
            false
        ]
    ]
}