{
    "nbody": 3,
    "n_int": 196608,
    "mass": [
        1.0,
        1.0,
        1.0
    ],
    "nloop": 1,
    "Action": 81.86985250908893,
    "Grad_Action": 2.7894995694803585e-14,
    "Newton_Error": 7.805594473066014e-14,
    "Min_Distance": 0.0027745610596445376,
    "Max_PathLength": 3.7205148494248172,
    "Hash": [
        81.86985250908891,
        36.26248415690471,
        56.4346010025725,
        132.61567412014637,
        461.82861226496146
    ],
    "xinf": -0.10394723309972725,
    "xsup": 0.07354108730088463,
    "yinf": -0.08874416020030595,
    "ysup": 0.08874416020030593,
    "loopnb": [
        3
    ],
    "Targets": [
        [
            0,
            1,
            2
        ]
    ],
    "SpaceRotsUn": [
        [
            [
                [
                    1.0,
                    0.0
                ],
                [
                    0.0,
                    1.0
                ]
            ],
            [
                [
                    1.0,
                    0.0
                ],
                [
                    0.0,
                    1.0
                ]
            ],
            [
                [
                    1.0,
                    0.0
                ],
                [
                    0.0,
                    1.0
                ]
            ]
        ]
    ],
    "TimeRevsUn": [
        [
            1,
            1,
            1
        ]
    ],
    "TimeShiftNumUn": [
        [
            0,
            1,
            2
        ]
    ],
    "TimeShiftDenUn": [
        [
            1,
            3,
            3
        ]
    ],
    "RequiresLoopDispUn": [
        [
            true,
            false,
            false
        ]
    ]
}