{
    "nbody": 3,
    "n_int": 12288,
    "mass": [
        1.0,
        1.0,
        1.0
    ],
    "nloop": 1,
    "Action": 87.78863050551159,
    "Grad_Action": 2.5845034206881063e-14,
    "Newton_Error": 7.531311637118915e-14,
    "Min_Distance": 0.010525020149603818,
    "Max_PathLength": 4.1133607282205435,
    "Hash": [
        87.7886305055116,
        38.61263036252015,
        60.475888887850175,
        140.84845203417404,
        454.3834461520492
    ],
    "xinf": -0.08675401873421415,
    "xsup": 0.10113389538271225,
    "yinf": -0.09394395705846328,
    "ysup": 0.09394395705846312,
    "loopnb": [
        3
    ],
    "Targets": [
        [
            0,
            1,
            2
        ]
    ],
    "SpaceRotsUn": [
        [
            [
                [
                    1.0,
                    0.0
                ],
                [
                    0.0,
                    1.0
                ]
            ],
            [
                [
                    1.0,
                    0.0
                ],
                [
                    0.0,
                    1.0
                ]
            ],
            [
                [
                    1.0,
                    0.0
                ],
                [
                    0.0,
                    1.0
                ]
            ]
        ]
    ],
    "TimeRevsUn": [
        [
            1,
            1,
            1
        ]
    ],
    "TimeShiftNumUn": [
        [
            0,
            1,
            2
        ]
    ],
    "TimeShiftDenUn": [
        [
            1,
            3,
            3
        ]
    ],
    "RequiresLoopDispUn": [
        [
            true,
            false,
            false
        ]
    ]
}