{
    "nbody": 3,
    "n_int": 49152,
    "mass": [
        1.0,
        1.0,
        1.0
    ],
    "nloop": 1,
    "Action": 73.56989668020799,
    "Grad_Action": 3.6182555390630323e-13,
    "Newton_Error": 1.8086224690224194e-13,
    "Min_Distance": 0.00991421517937756,
    "Max_PathLength": 3.746155455073811,
    "Hash": [
        73.56989668020799,
        33.405304674021586,
        51.94746292250716,
        113.36732136754536,
        328.24944849499144
    ],
    "xinf": -0.08183452652578115,
    "xsup": 0.07779631787665091,
    "yinf": -0.07981542220121604,
    "ysup": 0.07981542220121601,
    "loopnb": [
        3
    ],
    "Targets": [
        [
            0,
            1,
            2
        ]
    ],
    "SpaceRotsUn": [
        [
            [
                [
                    1.0,
                    0.0
                ],
                [
                    0.0,
                    1.0
                ]
            ],
            [
                [
                    1.0,
                    0.0
                ],
                [
                    0.0,
                    1.0
                ]
            ],
            [
                [
                    1.0,
                    0.0
                ],
                [
                    0.0,
                    1.0
                ]
            ]
        ]
    ],
    "TimeRevsUn": [
        [
            1,
            1,
            1
        ]
    ],
    "TimeShiftNumUn": [
        [
            0,
            1,
            2
        ]
    ],
    "TimeShiftDenUn": [
        [
            1,
            3,
            3
        ]
    ],
    "RequiresLoopDispUn": [
        [
            true,
            false,
            false
        ]
    ]
}