{
    "nbody": 3,
    "n_int": 24576,
    "mass": [
        1.0,
        1.0,
        1.0
    ],
    "nloop": 1,
    "Action": 82.14310528961227,
    "Grad_Action": 3.394637746402509e-14,
    "Newton_Error": 6.568778206667261e-14,
    "Min_Distance": 0.008411475908207872,
    "Max_PathLength": 3.9037120672922887,
    "Hash": [
        82.14310528961227,
        36.430282708758725,
        56.81588026455094,
        131.47577840556437,
        428.449301013146
    ],
    "xinf": -0.09637561723165217,
    "xsup": 0.07148465774389445,
    "yinf": -0.08393013748777338,
    "ysup": 0.08393013748777324,
    "loopnb": [
        3
    ],
    "Targets": [
        [
            0,
            1,
            2
        ]
    ],
    "SpaceRotsUn": [
        [
            [
                [
                    1.0,
                    0.0
                ],
                [
                    0.0,
                    1.0
                ]
            ],
            [
                [
                    1.0,
                    0.0
                ],
                [
                    0.0,
                    1.0
                ]
            ],
            [
                [
                    1.0,
                    0.0
                ],
                [
                    0.0,
                    1.0
                ]
            ]
        ]
    ],
    "TimeRevsUn": [
        [
            1,
            1,
            1
        ]
    ],
    "TimeShiftNumUn": [
        [
            0,
            1,
            2
        ]
    ],
    "TimeShiftDenUn": [
        [
            1,
            3,
            3
        ]
    ],
    "RequiresLoopDispUn": [
        [
            true,
            false,
            false
        ]
    ]
}