{
    "nbody": 3,
    "n_int": 3072,
    "mass": [
        1.0,
        1.0,
        1.0
    ],
    "nloop": 1,
    "Action": 42.301195480990366,
    "Grad_Action": 4.814887832381854e-14,
    "Newton_Error": 3.714775617785e-14,
    "Min_Distance": 0.041623575416373564,
    "Max_PathLength": 2.8503166484350855,
    "Hash": [
        42.301195480990366,
        21.316707688417686,
        31.885226680325907,
        59.13586232291428,
        131.54139826366847
    ],
    "xinf": -0.09998366847842716,
    "xsup": 0.1142592330459265,
    "yinf": -0.1071214507621768,
    "ysup": 0.10712145076217686,
    "loopnb": [
        3
    ],
    "Targets": [
        [
            0,
            1,
            2
        ]
    ],
    "SpaceRotsUn": [
        [
            [
                [
                    1.0,
                    0.0
                ],
                [
                    0.0,
                    1.0
                ]
            ],
            [
                [
                    1.0,
                    0.0
                ],
                [
                    0.0,
                    1.0
                ]
            ],
            [
                [
                    1.0,
                    0.0
                ],
                [
                    0.0,
                    1.0
                ]
            ]
        ]
    ],
    "TimeRevsUn": [
        [
            1,
            1,
            1
        ]
    ],
    "TimeShiftNumUn": [
        [
            0,
            1,
            2
        ]
    ],
    "TimeShiftDenUn": [
        [
            1,
            3,
            3
        ]
    ],
    "RequiresLoopDispUn": [
        [
            true,
            false,
            false
        ]
    ]
}