{
    "nbody": 3,
    "n_int": 24576,
    "mass": [
        1.0,
        1.0,
        1.0
    ],
    "nloop": 1,
    "Action": 78.20474266442538,
    "Grad_Action": 1.9941185594784225e-14,
    "Newton_Error": 4.618843565035696e-14,
    "Min_Distance": 0.008893329312629424,
    "Max_PathLength": 3.892041879287575,
    "Hash": [
        78.20474266442538,
        35.12123202863871,
        54.76495195264952,
        122.16100930426543,
        367.63543795506115
    ],
    "xinf": -0.09362127683832444,
    "xsup": 0.059414803665307464,
    "yinf": -0.07651804025181577,
    "ysup": 0.07651804025181613,
    "loopnb": [
        3
    ],
    "Targets": [
        [
            0,
            1,
            2
        ]
    ],
    "SpaceRotsUn": [
        [
            [
                [
                    1.0,
                    0.0
                ],
                [
                    0.0,
                    1.0
                ]
            ],
            [
                [
                    1.0,
                    0.0
                ],
                [
                    0.0,
                    1.0
                ]
            ],
            [
                [
                    1.0,
                    0.0
                ],
                [
                    0.0,
                    1.0
                ]
            ]
        ]
    ],
    "TimeRevsUn": [
        [
            1,
            1,
            1
        ]
    ],
    "TimeShiftNumUn": [
        [
            0,
            1,
            2
        ]
    ],
    "TimeShiftDenUn": [
        [
            1,
            3,
            3
        ]
    ],
    "RequiresLoopDispUn": [
        [
            true,
            false,
            false
        ]
    ]
}