{
    "nbody": 3,
    "n_int": 24576,
    "mass": [
        1.0,
        1.0,
        1.0
    ],
    "nloop": 1,
    "Action": 86.95001255349462,
    "Grad_Action": 1.126311855781443e-14,
    "Newton_Error": 7.083768642854578e-15,
    "Min_Distance": 0.015426570108581771,
    "Max_PathLength": 4.172475109965083,
    "Hash": [
        86.95001255349462,
        38.53423224247365,
        60.468487744834434,
        136.72948791928056,
        412.1774669854548
    ],
    "xinf": -0.06296534169635985,
    "xsup": 0.06465704975110485,
    "yinf": -0.06381119572373233,
    "ysup": 0.06381119572373238,
    "loopnb": [
        3
    ],
    "Targets": [
        [
            0,
            1,
            2
        ]
    ],
    "SpaceRotsUn": [
        [
            [
                [
                    1.0,
                    0.0
                ],
                [
                    0.0,
                    1.0
                ]
            ],
            [
                [
                    1.0,
                    0.0
                ],
                [
                    0.0,
                    1.0
                ]
            ],
            [
                [
                    1.0,
                    0.0
                ],
                [
                    0.0,
                    1.0
                ]
            ]
        ]
    ],
    "TimeRevsUn": [
        [
            1,
            1,
            1
        ]
    ],
    "TimeShiftNumUn": [
        [
            0,
            1,
            2
        ]
    ],
    "TimeShiftDenUn": [
        [
            1,
            3,
            3
        ]
    ],
    "RequiresLoopDispUn": [
        [
            true,
            false,
            false
        ]
    ]
}