{
    "nbody": 3,
    "n_int": 393216,
    "mass": [
        1.0,
        1.0,
        1.0
    ],
    "nloop": 1,
    "Action": 73.84545151784634,
    "Grad_Action": 3.861194854633316e-13,
    "Newton_Error": 7.52700785615737e-14,
    "Min_Distance": 0.025381828085190006,
    "Max_PathLength": 3.864739695948413,
    "Hash": [
        73.84545151784637,
        33.63546822714589,
        52.39542722737498,
        112.45588659274418,
        310.24661651033085
    ],
    "xinf": -0.05559028016707304,
    "xsup": 0.055590299324738024,
    "yinf": -0.055590289745905436,
    "ysup": 0.05559028974590563,
    "loopnb": [
        3
    ],
    "Targets": [
        [
            0,
            1,
            2
        ]
    ],
    "SpaceRotsUn": [
        [
            [
                [
                    1.0,
                    0.0
                ],
                [
                    0.0,
                    1.0
                ]
            ],
            [
                [
                    1.0,
                    0.0
                ],
                [
                    0.0,
                    1.0
                ]
            ],
            [
                [
                    1.0,
                    0.0
                ],
                [
                    0.0,
                    1.0
                ]
            ]
        ]
    ],
    "TimeRevsUn": [
        [
            1,
            1,
            1
        ]
    ],
    "TimeShiftNumUn": [
        [
            0,
            1,
            2
        ]
    ],
    "TimeShiftDenUn": [
        [
            1,
            3,
            3
        ]
    ],
    "RequiresLoopDispUn": [
        [
            true,
            false,
            false
        ]
    ]
}