{
    "nbody": 3,
    "n_int": 98304,
    "mass": [
        1.0,
        1.0,
        1.0
    ],
    "nloop": 1,
    "Action": 88.59602549807008,
    "Grad_Action": 7.67055341093637e-15,
    "Newton_Error": 7.960696119056077e-15,
    "Min_Distance": 0.012240149442002943,
    "Max_PathLength": 4.157496002084201,
    "Hash": [
        88.59602549807008,
        39.03309767640178,
        61.21369284163996,
        141.2226932610576,
        446.39630414965984
    ],
    "xinf": -0.07886547175746347,
    "xsup": 0.0695990909544579,
    "yinf": -0.07423228135596069,
    "ysup": 0.07423228135596069,
    "loopnb": [
        3
    ],
    "Targets": [
        [
            0,
            1,
            2
        ]
    ],
    "SpaceRotsUn": [
        [
            [
                [
                    1.0,
                    0.0
                ],
                [
                    0.0,
                    1.0
                ]
            ],
            [
                [
                    1.0,
                    0.0
                ],
                [
                    0.0,
                    1.0
                ]
            ],
            [
                [
                    1.0,
                    0.0
                ],
                [
                    0.0,
                    1.0
                ]
            ]
        ]
    ],
    "TimeRevsUn": [
        [
            1,
            1,
            1
        ]
    ],
    "TimeShiftNumUn": [
        [
            0,
            1,
            2
        ]
    ],
    "TimeShiftDenUn": [
        [
            1,
            3,
            3
        ]
    ],
    "RequiresLoopDispUn": [
        [
            true,
            false,
            false
        ]
    ]
}