{
    "nbody": 3,
    "n_int": 196608,
    "mass": [
        1.0,
        1.0,
        1.0
    ],
    "nloop": 1,
    "Action": 82.84396266732452,
    "Grad_Action": 4.495902261851466e-14,
    "Newton_Error": 1.1634691712192572e-14,
    "Min_Distance": 0.007705947678210489,
    "Max_PathLength": 3.9476130057941448,
    "Hash": [
        82.84396266732452,
        36.78368926271358,
        57.44803630353961,
        131.75948417857603,
        419.87395769894545
    ],
    "xinf": -0.09171752307013234,
    "xsup": 0.083384133772823,
    "yinf": -0.08755082842147766,
    "ysup": 0.08755082842147768,
    "loopnb": [
        3
    ],
    "Targets": [
        [
            0,
            1,
            2
        ]
    ],
    "SpaceRotsUn": [
        [
            [
                [
                    1.0,
                    0.0
                ],
                [
                    0.0,
                    1.0
                ]
            ],
            [
                [
                    1.0,
                    0.0
                ],
                [
                    0.0,
                    1.0
                ]
            ],
            [
                [
                    1.0,
                    0.0
                ],
                [
                    0.0,
                    1.0
                ]
            ]
        ]
    ],
    "TimeRevsUn": [
        [
            1,
            1,
            1
        ]
    ],
    "TimeShiftNumUn": [
        [
            0,
            1,
            2
        ]
    ],
    "TimeShiftDenUn": [
        [
            1,
            3,
            3
        ]
    ],
    "RequiresLoopDispUn": [
        [
            true,
            false,
            false
        ]
    ]
}