{
    "nbody": 3,
    "n_int": 12288,
    "mass": [
        1.0,
        1.0,
        1.0
    ],
    "nloop": 1,
    "Action": 79.30452622215162,
    "Grad_Action": 1.4187827430720224e-14,
    "Newton_Error": 6.60924944474742e-14,
    "Min_Distance": 0.011831709372075852,
    "Max_PathLength": 3.908519204429296,
    "Hash": [
        79.30452622215161,
        35.621825271025884,
        55.63236977759519,
        123.25620184915002,
        363.1780938461721
    ],
    "xinf": -0.06136005963818758,
    "xsup": 0.0613600596381883,
    "yinf": -0.06136005963818798,
    "ysup": 0.0613600596381879,
    "loopnb": [
        3
    ],
    "Targets": [
        [
            0,
            1,
            2
        ]
    ],
    "SpaceRotsUn": [
        [
            [
                [
                    1.0,
                    0.0
                ],
                [
                    0.0,
                    1.0
                ]
            ],
            [
                [
                    1.0,
                    0.0
                ],
                [
                    0.0,
                    1.0
                ]
            ],
            [
                [
                    1.0,
                    0.0
                ],
                [
                    0.0,
                    1.0
                ]
            ]
        ]
    ],
    "TimeRevsUn": [
        [
            1,
            1,
            1
        ]
    ],
    "TimeShiftNumUn": [
        [
            0,
            1,
            2
        ]
    ],
    "TimeShiftDenUn": [
        [
            1,
            3,
            3
        ]
    ],
    "RequiresLoopDispUn": [
        [
            true,
            false,
            false
        ]
    ]
}