{
    "nbody": 3,
    "n_int": 196608,
    "mass": [
        1.0,
        1.0,
        1.0
    ],
    "nloop": 1,
    "Action": 86.98723336250711,
    "Grad_Action": 1.0447761303885403e-14,
    "Newton_Error": 4.223303485196073e-15,
    "Min_Distance": 0.011170663510988369,
    "Max_PathLength": 4.102638030761703,
    "Hash": [
        86.98723336250711,
        38.520802881380654,
        60.41774719500765,
        137.2584989069285,
        420.3112324700155
    ],
    "xinf": -0.059731328379650825,
    "xsup": 0.060488086598148624,
    "yinf": -0.060109707488899745,
    "ysup": 0.060109707488899704,
    "loopnb": [
        3
    ],
    "Targets": [
        [
            0,
            1,
            2
        ]
    ],
    "SpaceRotsUn": [
        [
            [
                [
                    1.0,
                    0.0
                ],
                [
                    0.0,
                    1.0
                ]
            ],
            [
                [
                    1.0,
                    0.0
                ],
                [
                    0.0,
                    1.0
                ]
            ],
            [
                [
                    1.0,
                    0.0
                ],
                [
                    0.0,
                    1.0
                ]
            ]
        ]
    ],
    "TimeRevsUn": [
        [
            1,
            1,
            1
        ]
    ],
    "TimeShiftNumUn": [
        [
            0,
            1,
            2
        ]
    ],
    "TimeShiftDenUn": [
        [
            1,
            3,
            3
        ]
    ],
    "RequiresLoopDispUn": [
        [
            true,
            false,
            false
        ]
    ]
}