{
    "nbody": 3,
    "n_int": 98304,
    "mass": [
        1.0,
        1.0,
        1.0
    ],
    "nloop": 1,
    "Action": 67.6549549031582,
    "Grad_Action": 2.472569945678487e-12,
    "Newton_Error": 4.555354713692609e-13,
    "Min_Distance": 0.025488409727985967,
    "Max_PathLength": 3.7021896298099803,
    "Hash": [
        67.6549549031582,
        31.258897758847233,
        48.44355662970044,
        101.69305808226345,
        271.87006483657814
    ],
    "xinf": -0.058492398335606086,
    "xsup": 0.06024239128315427,
    "yinf": -0.05936739480938011,
    "ysup": 0.05936739480938025,
    "loopnb": [
        3
    ],
    "Targets": [
        [
            0,
            1,
            2
        ]
    ],
    "SpaceRotsUn": [
        [
            [
                [
                    1.0,
                    0.0
                ],
                [
                    0.0,
                    1.0
                ]
            ],
            [
                [
                    1.0,
                    0.0
                ],
                [
                    0.0,
                    1.0
                ]
            ],
            [
                [
                    1.0,
                    0.0
                ],
                [
                    0.0,
                    1.0
                ]
            ]
        ]
    ],
    "TimeRevsUn": [
        [
            1,
            1,
            1
        ]
    ],
    "TimeShiftNumUn": [
        [
            0,
            1,
            2
        ]
    ],
    "TimeShiftDenUn": [
        [
            1,
            3,
            3
        ]
    ],
    "RequiresLoopDispUn": [
        [
            true,
            false,
            false
        ]
    ]
}