{
    "nbody": 3,
    "n_int": 12288,
    "mass": [
        1.0,
        1.0,
        1.0
    ],
    "nloop": 1,
    "Action": 67.96031912287364,
    "Grad_Action": 7.684963153818101e-14,
    "Newton_Error": 5.4394624850567975e-14,
    "Min_Distance": 0.012287567497996863,
    "Max_PathLength": 3.5236152027807757,
    "Hash": [
        67.96031912287364,
        30.94242854527705,
        47.76665345624026,
        106.32582034524864,
        327.4152644656849
    ],
    "xinf": -0.08703624587612527,
    "xsup": 0.12314010628730188,
    "yinf": -0.10508817608171342,
    "ysup": 0.10508817608171372,
    "loopnb": [
        3
    ],
    "Targets": [
        [
            0,
            1,
            2
        ]
    ],
    "SpaceRotsUn": [
        [
            [
                [
                    1.0,
                    0.0
                ],
                [
                    0.0,
                    1.0
                ]
            ],
            [
                [
                    1.0,
                    0.0
                ],
                [
                    0.0,
                    1.0
                ]
            ],
            [
                [
                    1.0,
                    0.0
                ],
                [
                    0.0,
                    1.0
                ]
            ]
        ]
    ],
    "TimeRevsUn": [
        [
            1,
            1,
            1
        ]
    ],
    "TimeShiftNumUn": [
        [
            0,
            1,
            2
        ]
    ],
    "TimeShiftDenUn": [
        [
            1,
            3,
            3
        ]
    ],
    "RequiresLoopDispUn": [
        [
            true,
            false,
            false
        ]
    ]
}