{
    "nbody": 3,
    "n_int": 6144,
    "mass": [
        1.0,
        1.0,
        1.0
    ],
    "nloop": 1,
    "Action": 48.746890517328794,
    "Grad_Action": 2.096505502744031e-15,
    "Newton_Error": 1.0114772837862008e-14,
    "Min_Distance": 0.019479594095683457,
    "Max_PathLength": 2.902991788487438,
    "Hash": [
        48.746890517328794,
        23.766820173891226,
        35.9500587562045,
        70.58763451385236,
        174.87954008347688
    ],
    "xinf": -0.11927512214037965,
    "xsup": 0.09404922502012637,
    "yinf": -0.106662173580253,
    "ysup": 0.10666217358025303,
    "loopnb": [
        3
    ],
    "Targets": [
        [
            0,
            1,
            2
        ]
    ],
    "SpaceRotsUn": [
        [
            [
                [
                    1.0,
                    0.0
                ],
                [
                    0.0,
                    1.0
                ]
            ],
            [
                [
                    1.0,
                    0.0
                ],
                [
                    0.0,
                    1.0
                ]
            ],
            [
                [
                    1.0,
                    0.0
                ],
                [
                    0.0,
                    1.0
                ]
            ]
        ]
    ],
    "TimeRevsUn": [
        [
            1,
            1,
            1
        ]
    ],
    "TimeShiftNumUn": [
        [
            0,
            1,
            2
        ]
    ],
    "TimeShiftDenUn": [
        [
            1,
            3,
            3
        ]
    ],
    "RequiresLoopDispUn": [
        [
            true,
            false,
            false
        ]
    ]
}