{
    "nbody": 3,
    "n_int": 49152,
    "mass": [
        1.0,
        1.0,
        1.0
    ],
    "nloop": 1,
    "Action": 82.58012043512439,
    "Grad_Action": 2.8398400915355968e-14,
    "Newton_Error": 1.0166629620062805e-11,
    "Min_Distance": 0.004131005226646319,
    "Max_PathLength": 3.70710679428084,
    "Hash": [
        82.58012043512439,
        36.320688265018006,
        56.45010493309578,
        135.96959277599012,
        494.8727331261906
    ],
    "xinf": -0.14489649637715882,
    "xsup": 0.08043133229112018,
    "yinf": -0.11266391433413954,
    "ysup": 0.11266391433413946,
    "loopnb": [
        3
    ],
    "Targets": [
        [
            0,
            1,
            2
        ]
    ],
    "SpaceRotsUn": [
        [
            [
                [
                    1.0,
                    0.0
                ],
                [
                    0.0,
                    1.0
                ]
            ],
            [
                [
                    1.0,
                    0.0
                ],
                [
                    0.0,
                    1.0
                ]
            ],
            [
                [
                    1.0,
                    0.0
                ],
                [
                    0.0,
                    1.0
                ]
            ]
        ]
    ],
    "TimeRevsUn": [
        [
            1,
            1,
            1
        ]
    ],
    "TimeShiftNumUn": [
        [
            0,
            1,
            2
        ]
    ],
    "TimeShiftDenUn": [
        [
            1,
            3,
            3
        ]
    ],
    "RequiresLoopDispUn": [
        [
            true,
            false,
            false
        ]
    ]
}