{
    "nbody": 3,
    "n_int": 12288,
    "mass": [
        1.0,
        1.0,
        1.0
    ],
    "nloop": 1,
    "Action": 83.08777164148916,
    "Grad_Action": 1.7056891095741158e-14,
    "Newton_Error": 5.816579992330805e-14,
    "Min_Distance": 0.014571917620519983,
    "Max_PathLength": 4.056533686910038,
    "Hash": [
        83.08777164148916,
        36.941883816191414,
        57.77271683367238,
        131.130257603141,
        403.0456957000136
    ],
    "xinf": -0.08085474249188628,
    "xsup": 0.08658261367359522,
    "yinf": -0.08371867808274085,
    "ysup": 0.08371867808274065,
    "loopnb": [
        3
    ],
    "Targets": [
        [
            0,
            1,
            2
        ]
    ],
    "SpaceRotsUn": [
        [
            [
                [
                    1.0,
                    0.0
                ],
                [
                    0.0,
                    1.0
                ]
            ],
            [
                [
                    1.0,
                    0.0
                ],
                [
                    0.0,
                    1.0
                ]
            ],
            [
                [
                    1.0,
                    0.0
                ],
                [
                    0.0,
                    1.0
                ]
            ]
        ]
    ],
    "TimeRevsUn": [
        [
            1,
            1,
            1
        ]
    ],
    "TimeShiftNumUn": [
        [
            0,
            1,
            2
        ]
    ],
    "TimeShiftDenUn": [
        [
            1,
            3,
            3
        ]
    ],
    "RequiresLoopDispUn": [
        [
            true,
            false,
            false
        ]
    ]
}