{
    "nbody": 3,
    "n_int": 24576,
    "mass": [
        1.0,
        1.0,
        1.0
    ],
    "nloop": 1,
    "Action": 89.88559116398515,
    "Grad_Action": 6.535575711224874e-13,
    "Newton_Error": 4.383883653526805e-12,
    "Min_Distance": 0.008245836909738395,
    "Max_PathLength": 3.944956372399718,
    "Hash": [
        89.88559116398515,
        38.863369509742725,
        60.597236995617045,
        150.9006561509106,
        563.1946021299977
    ],
    "xinf": -0.08321417201500414,
    "xsup": 0.13594408922600626,
    "yinf": -0.10957913062050512,
    "ysup": 0.10957913062050528,
    "loopnb": [
        3
    ],
    "Targets": [
        [
            0,
            1,
            2
        ]
    ],
    "SpaceRotsUn": [
        [
            [
                [
                    1.0,
                    0.0
                ],
                [
                    0.0,
                    1.0
                ]
            ],
            [
                [
                    1.0,
                    0.0
                ],
                [
                    0.0,
                    1.0
                ]
            ],
            [
                [
                    1.0,
                    0.0
                ],
                [
                    0.0,
                    1.0
                ]
            ]
        ]
    ],
    "TimeRevsUn": [
        [
            1,
            1,
            1
        ]
    ],
    "TimeShiftNumUn": [
        [
            0,
            1,
            2
        ]
    ],
    "TimeShiftDenUn": [
        [
            1,
            3,
            3
        ]
    ],
    "RequiresLoopDispUn": [
        [
            true,
            false,
            false
        ]
    ]
}