{
    "nbody": 3,
    "n_int": 49152,
    "mass": [
        1.0,
        1.0,
        1.0
    ],
    "nloop": 1,
    "Action": 51.88653932569023,
    "Grad_Action": 1.3269738921555808e-14,
    "Newton_Error": 4.650565731569429e-14,
    "Min_Distance": 0.005678047375966279,
    "Max_PathLength": 3.023831008417199,
    "Hash": [
        51.88653932569023,
        24.93732751779226,
        37.849003514451574,
        76.75266196038599,
        207.1658223925721
    ],
    "xinf": -0.09427724135011961,
    "xsup": 0.1028482816995176,
    "yinf": -0.09856276152481855,
    "ysup": 0.09856276152481866,
    "loopnb": [
        3
    ],
    "Targets": [
        [
            0,
            1,
            2
        ]
    ],
    "SpaceRotsUn": [
        [
            [
                [
                    1.0,
                    0.0
                ],
                [
                    0.0,
                    1.0
                ]
            ],
            [
                [
                    1.0,
                    0.0
                ],
                [
                    0.0,
                    1.0
                ]
            ],
            [
                [
                    1.0,
                    0.0
                ],
                [
                    0.0,
                    1.0
                ]
            ]
        ]
    ],
    "TimeRevsUn": [
        [
            1,
            1,
            1
        ]
    ],
    "TimeShiftNumUn": [
        [
            0,
            1,
            2
        ]
    ],
    "TimeShiftDenUn": [
        [
            1,
            3,
            3
        ]
    ],
    "RequiresLoopDispUn": [
        [
            true,
            false,
            false
        ]
    ]
}