{
    "nbody": 3,
    "n_int": 6144,
    "mass": [
        1.0,
        1.0,
        1.0
    ],
    "nloop": 1,
    "Action": 40.180743377162585,
    "Grad_Action": 3.852340131931851e-15,
    "Newton_Error": 6.002930440373528e-15,
    "Min_Distance": 0.025436578732845824,
    "Max_PathLength": 2.830728137643802,
    "Hash": [
        40.180743377162585,
        20.42763268309666,
        30.388202418722425,
        56.07842622185577,
        125.91280080508642
    ],
    "xinf": -0.10956400462552951,
    "xsup": 0.10492792298083248,
    "yinf": -0.107245963803181,
    "ysup": 0.107245963803181,
    "loopnb": [
        3
    ],
    "Targets": [
        [
            0,
            1,
            2
        ]
    ],
    "SpaceRotsUn": [
        [
            [
                [
                    1.0,
                    0.0
                ],
                [
                    0.0,
                    1.0
                ]
            ],
            [
                [
                    1.0,
                    0.0
                ],
                [
                    0.0,
                    1.0
                ]
            ],
            [
                [
                    1.0,
                    0.0
                ],
                [
                    0.0,
                    1.0
                ]
            ]
        ]
    ],
    "TimeRevsUn": [
        [
            1,
            1,
            1
        ]
    ],
    "TimeShiftNumUn": [
        [
            0,
            1,
            2
        ]
    ],
    "TimeShiftDenUn": [
        [
            1,
            3,
            3
        ]
    ],
    "RequiresLoopDispUn": [
        [
            true,
            false,
            false
        ]
    ]
}