{
    "nbody": 3,
    "n_int": 49152,
    "mass": [
        1.0,
        1.0,
        1.0
    ],
    "nloop": 1,
    "Action": 51.88653932568999,
    "Grad_Action": 1.1538215245923165e-09,
    "Newton_Error": 1.6198839414527936e-09,
    "Min_Distance": 0.005678047374016054,
    "Max_PathLength": 3.023831008388899,
    "Hash": [
        51.88653932568998,
        24.9373275177029,
        37.849003514330576,
        76.7526619610612,
        207.16582240505778
    ],
    "xinf": -0.09427722875475603,
    "xsup": 0.10284829430815226,
    "yinf": -0.0985627615314541,
    "ysup": 0.09856276153145418,
    "loopnb": [
        3
    ],
    "Targets": [
        [
            0,
            1,
            2
        ]
    ],
    "SpaceRotsUn": [
        [
            [
                [
                    1.0,
                    0.0
                ],
                [
                    0.0,
                    1.0
                ]
            ],
            [
                [
                    1.0,
                    0.0
                ],
                [
                    0.0,
                    1.0
                ]
            ],
            [
                [
                    1.0,
                    0.0
                ],
                [
                    0.0,
                    1.0
                ]
            ]
        ]
    ],
    "TimeRevsUn": [
        [
            1,
            1,
            1
        ]
    ],
    "TimeShiftNumUn": [
        [
            0,
            1,
            2
        ]
    ],
    "TimeShiftDenUn": [
        [
            1,
            3,
            3
        ]
    ],
    "RequiresLoopDispUn": [
        [
            true,
            false,
            false
        ]
    ]
}