{
    "nbody": 3,
    "n_int": 12288,
    "mass": [
        1.0,
        1.0,
        1.0
    ],
    "nloop": 1,
    "Action": 78.22481074624342,
    "Grad_Action": 2.0153241060902263e-14,
    "Newton_Error": 6.492007145966656e-14,
    "Min_Distance": 0.011971787154162701,
    "Max_PathLength": 3.91270186347482,
    "Hash": [
        78.22481074624342,
        35.14013092875217,
        54.8068780154134,
        122.01093125745818,
        364.43457861218076
    ],
    "xinf": -0.08191874675973092,
    "xsup": 0.053437626404412505,
    "yinf": -0.06767818658207163,
    "ysup": 0.0676781865820718,
    "loopnb": [
        3
    ],
    "Targets": [
        [
            0,
            1,
            2
        ]
    ],
    "SpaceRotsUn": [
        [
            [
                [
                    1.0,
                    0.0
                ],
                [
                    0.0,
                    1.0
                ]
            ],
            [
                [
                    1.0,
                    0.0
                ],
                [
                    0.0,
                    1.0
                ]
            ],
            [
                [
                    1.0,
                    0.0
                ],
                [
                    0.0,
                    1.0
                ]
            ]
        ]
    ],
    "TimeRevsUn": [
        [
            1,
            1,
            1
        ]
    ],
    "TimeShiftNumUn": [
        [
            0,
            1,
            2
        ]
    ],
    "TimeShiftDenUn": [
        [
            1,
            3,
            3
        ]
    ],
    "RequiresLoopDispUn": [
        [
            true,
            false,
            false
        ]
    ]
}