{
    "nbody": 3,
    "n_int": 49152,
    "mass": [
        1.0,
        1.0,
        1.0
    ],
    "nloop": 1,
    "Action": 86.43811381638491,
    "Grad_Action": 5.467875000694286e-14,
    "Newton_Error": 9.360482541882323e-14,
    "Min_Distance": 0.0055514447912614956,
    "Max_PathLength": 3.926210351891328,
    "Hash": [
        86.43811381638491,
        37.95245460028562,
        59.237678996248405,
        140.92332774312996,
        490.5193014470346
    ],
    "xinf": -0.10141968474342022,
    "xsup": 0.06876791079992356,
    "yinf": -0.08509379777167188,
    "ysup": 0.0850937977716719,
    "loopnb": [
        3
    ],
    "Targets": [
        [
            0,
            1,
            2
        ]
    ],
    "SpaceRotsUn": [
        [
            [
                [
                    1.0,
                    0.0
                ],
                [
                    0.0,
                    1.0
                ]
            ],
            [
                [
                    1.0,
                    0.0
                ],
                [
                    0.0,
                    1.0
                ]
            ],
            [
                [
                    1.0,
                    0.0
                ],
                [
                    0.0,
                    1.0
                ]
            ]
        ]
    ],
    "TimeRevsUn": [
        [
            1,
            1,
            1
        ]
    ],
    "TimeShiftNumUn": [
        [
            0,
            1,
            2
        ]
    ],
    "TimeShiftDenUn": [
        [
            1,
            3,
            3
        ]
    ],
    "RequiresLoopDispUn": [
        [
            true,
            false,
            false
        ]
    ]
}