{
    "nbody": 3,
    "n_int": 49152,
    "mass": [
        1.0,
        1.0,
        1.0
    ],
    "nloop": 1,
    "Action": 78.37212427433141,
    "Grad_Action": 7.722961761723548e-15,
    "Newton_Error": 1.2774378967999407e-13,
    "Min_Distance": 0.004556147262942988,
    "Max_PathLength": 3.829254883629132,
    "Hash": [
        78.37212427433141,
        35.153357115675185,
        54.783172986965646,
        123.03181263109991,
        379.4101308305812
    ],
    "xinf": -0.08108324378845469,
    "xsup": 0.0807695820522509,
    "yinf": -0.08092641292035299,
    "ysup": 0.0809264129203526,
    "loopnb": [
        3
    ],
    "Targets": [
        [
            0,
            1,
            2
        ]
    ],
    "SpaceRotsUn": [
        [
            [
                [
                    1.0,
                    0.0
                ],
                [
                    0.0,
                    1.0
                ]
            ],
            [
                [
                    1.0,
                    0.0
                ],
                [
                    0.0,
                    1.0
                ]
            ],
            [
                [
                    1.0,
                    0.0
                ],
                [
                    0.0,
                    1.0
                ]
            ]
        ]
    ],
    "TimeRevsUn": [
        [
            1,
            1,
            1
        ]
    ],
    "TimeShiftNumUn": [
        [
            0,
            1,
            2
        ]
    ],
    "TimeShiftDenUn": [
        [
            1,
            3,
            3
        ]
    ],
    "RequiresLoopDispUn": [
        [
            true,
            false,
            false
        ]
    ]
}