{
    "nbody": 3,
    "n_int": 49152,
    "mass": [
        1.0,
        1.0,
        1.0
    ],
    "nloop": 1,
    "Action": 83.06342401172805,
    "Grad_Action": 1.7388208733333548e-14,
    "Newton_Error": 8.891112703784872e-15,
    "Min_Distance": 0.019792343638796405,
    "Max_PathLength": 4.085193908448981,
    "Hash": [
        83.06342401172805,
        36.94586805262524,
        57.795449618282206,
        130.83635824659243,
        398.44993801856475
    ],
    "xinf": -0.0775504546249441,
    "xsup": 0.05445557092357263,
    "yinf": -0.06600301277425848,
    "ysup": 0.06600301277425825,
    "loopnb": [
        3
    ],
    "Targets": [
        [
            0,
            1,
            2
        ]
    ],
    "SpaceRotsUn": [
        [
            [
                [
                    1.0,
                    0.0
                ],
                [
                    0.0,
                    1.0
                ]
            ],
            [
                [
                    1.0,
                    0.0
                ],
                [
                    0.0,
                    1.0
                ]
            ],
            [
                [
                    1.0,
                    0.0
                ],
                [
                    0.0,
                    1.0
                ]
            ]
        ]
    ],
    "TimeRevsUn": [
        [
            1,
            1,
            1
        ]
    ],
    "TimeShiftNumUn": [
        [
            0,
            1,
            2
        ]
    ],
    "TimeShiftDenUn": [
        [
            1,
            3,
            3
        ]
    ],
    "RequiresLoopDispUn": [
        [
            true,
            false,
            false
        ]
    ]
}