{
    "nbody": 3,
    "n_int": 49152,
    "mass": [
        1.0,
        1.0,
        1.0
    ],
    "nloop": 1,
    "Action": 73.82767652684618,
    "Grad_Action": 5.390655659710729e-14,
    "Newton_Error": 6.830397567803049e-14,
    "Min_Distance": 0.00489708436891559,
    "Max_PathLength": 3.585382903405915,
    "Hash": [
        73.82767652684618,
        33.213863270074754,
        51.45999377334749,
        117.32711218512434,
        383.8151370381655
    ],
    "xinf": -0.12337048249734596,
    "xsup": 0.07226830406864794,
    "yinf": -0.09781939328299699,
    "ysup": 0.09781939328299691,
    "loopnb": [
        3
    ],
    "Targets": [
        [
            0,
            1,
            2
        ]
    ],
    "SpaceRotsUn": [
        [
            [
                [
                    1.0,
                    0.0
                ],
                [
                    0.0,
                    1.0
                ]
            ],
            [
                [
                    1.0,
                    0.0
                ],
                [
                    0.0,
                    1.0
                ]
            ],
            [
                [
                    1.0,
                    0.0
                ],
                [
                    0.0,
                    1.0
                ]
            ]
        ]
    ],
    "TimeRevsUn": [
        [
            1,
            1,
            1
        ]
    ],
    "TimeShiftNumUn": [
        [
            0,
            1,
            2
        ]
    ],
    "TimeShiftDenUn": [
        [
            1,
            3,
            3
        ]
    ],
    "RequiresLoopDispUn": [
        [
            true,
            false,
            false
        ]
    ]
}