{
    "nbody": 3,
    "n_int": 12288,
    "mass": [
        1.0,
        1.0,
        1.0
    ],
    "nloop": 1,
    "Action": 73.70339748690301,
    "Grad_Action": 1.5737682104082982e-14,
    "Newton_Error": 4.8019329888927906e-14,
    "Min_Distance": 0.011105156676220515,
    "Max_PathLength": 3.774042344471193,
    "Hash": [
        73.703397486903,
        33.4776043363519,
        52.07958383587974,
        113.35469670514061,
        325.5411408738984
    ],
    "xinf": -0.06348230192808554,
    "xsup": 0.07158635698911978,
    "yinf": -0.06753432945860269,
    "ysup": 0.06753432945860263,
    "loopnb": [
        3
    ],
    "Targets": [
        [
            0,
            1,
            2
        ]
    ],
    "SpaceRotsUn": [
        [
            [
                [
                    1.0,
                    0.0
                ],
                [
                    0.0,
                    1.0
                ]
            ],
            [
                [
                    1.0,
                    0.0
                ],
                [
                    0.0,
                    1.0
                ]
            ],
            [
                [
                    1.0,
                    0.0
                ],
                [
                    0.0,
                    1.0
                ]
            ]
        ]
    ],
    "TimeRevsUn": [
        [
            1,
            1,
            1
        ]
    ],
    "TimeShiftNumUn": [
        [
            0,
            1,
            2
        ]
    ],
    "TimeShiftDenUn": [
        [
            1,
            3,
            3
        ]
    ],
    "RequiresLoopDispUn": [
        [
            true,
            false,
            false
        ]
    ]
}