{
    "nbody": 3,
    "n_int": 1572864,
    "mass": [
        1.0,
        1.0,
        1.0
    ],
    "nloop": 1,
    "Action": 86.21740409917177,
    "Grad_Action": 5.179445923229553e-13,
    "Newton_Error": 1.835754172590369e-12,
    "Min_Distance": 0.0004684286686380658,
    "Max_PathLength": 3.842944717022315,
    "Hash": [
        86.21740409917177,
        37.99342919757719,
        59.22616052328955,
        141.33940989828474,
        546.6107410810787
    ],
    "xinf": -0.06979569473125222,
    "xsup": 0.0744564706562961,
    "yinf": -0.07212608269377416,
    "ysup": 0.07212608269377416,
    "loopnb": [
        3
    ],
    "Targets": [
        [
            0,
            1,
            2
        ]
    ],
    "SpaceRotsUn": [
        [
            [
                [
                    1.0,
                    0.0
                ],
                [
                    0.0,
                    1.0
                ]
            ],
            [
                [
                    1.0,
                    0.0
                ],
                [
                    0.0,
                    1.0
                ]
            ],
            [
                [
                    1.0,
                    0.0
                ],
                [
                    0.0,
                    1.0
                ]
            ]
        ]
    ],
    "TimeRevsUn": [
        [
            1,
            1,
            1
        ]
    ],
    "TimeShiftNumUn": [
        [
            0,
            1,
            2
        ]
    ],
    "TimeShiftDenUn": [
        [
            1,
            3,
            3
        ]
    ],
    "RequiresLoopDispUn": [
        [
            true,
            false,
            false
        ]
    ]
}