{
    "nbody": 3,
    "n_int": 49152,
    "mass": [
        1.0,
        1.0,
        1.0
    ],
    "nloop": 1,
    "Action": 73.23973421734361,
    "Grad_Action": 3.503914648389551e-13,
    "Newton_Error": 1.0300008338889851e-13,
    "Min_Distance": 0.01470736796100084,
    "Max_PathLength": 3.7815766149769776,
    "Hash": [
        73.23973421734361,
        33.305145410169466,
        51.79911915599701,
        112.44683465033712,
        320.8236972228963
    ],
    "xinf": -0.08101143523542322,
    "xsup": 0.07745563288984457,
    "yinf": -0.07923353406263386,
    "ysup": 0.07923353406263392,
    "loopnb": [
        3
    ],
    "Targets": [
        [
            0,
            1,
            2
        ]
    ],
    "SpaceRotsUn": [
        [
            [
                [
                    1.0,
                    0.0
                ],
                [
                    0.0,
                    1.0
                ]
            ],
            [
                [
                    1.0,
                    0.0
                ],
                [
                    0.0,
                    1.0
                ]
            ],
            [
                [
                    1.0,
                    0.0
                ],
                [
                    0.0,
                    1.0
                ]
            ]
        ]
    ],
    "TimeRevsUn": [
        [
            1,
            1,
            1
        ]
    ],
    "TimeShiftNumUn": [
        [
            0,
            1,
            2
        ]
    ],
    "TimeShiftDenUn": [
        [
            1,
            3,
            3
        ]
    ],
    "RequiresLoopDispUn": [
        [
            true,
            false,
            false
        ]
    ]
}