{
    "nbody": 3,
    "n_int": 24576,
    "mass": [
        1.0,
        1.0,
        1.0
    ],
    "nloop": 1,
    "Action": 73.56989668020817,
    "Grad_Action": 7.529664043189433e-15,
    "Newton_Error": 1.326830427937677e-14,
    "Min_Distance": 0.009914215179376738,
    "Max_PathLength": 3.7461470846527964,
    "Hash": [
        73.56989668020817,
        33.40530467402152,
        51.94746292250736,
        113.3673213675442,
        328.24944849499417
    ],
    "xinf": -0.08183434313440865,
    "xsup": 0.07779644767547286,
    "yinf": -0.07981539540494076,
    "ysup": 0.07981539540494076,
    "loopnb": [
        3
    ],
    "Targets": [
        [
            0,
            1,
            2
        ]
    ],
    "SpaceRotsUn": [
        [
            [
                [
                    1.0,
                    0.0
                ],
                [
                    0.0,
                    1.0
                ]
            ],
            [
                [
                    1.0,
                    0.0
                ],
                [
                    0.0,
                    1.0
                ]
            ],
            [
                [
                    1.0,
                    0.0
                ],
                [
                    0.0,
                    1.0
                ]
            ]
        ]
    ],
    "TimeRevsUn": [
        [
            1,
            1,
            1
        ]
    ],
    "TimeShiftNumUn": [
        [
            0,
            1,
            2
        ]
    ],
    "TimeShiftDenUn": [
        [
            1,
            3,
            3
        ]
    ],
    "RequiresLoopDispUn": [
        [
            true,
            false,
            false
        ]
    ]
}