{
    "nbody": 3,
    "n_int": 6144,
    "mass": [
        1.0,
        1.0,
        1.0
    ],
    "nloop": 1,
    "Action": 83.06342401172896,
    "Grad_Action": 8.397913797911118e-15,
    "Newton_Error": 2.46985845136363e-14,
    "Min_Distance": 0.019793606104680242,
    "Max_PathLength": 4.084963853165325,
    "Hash": [
        83.06342401172894,
        36.945868052625286,
        57.79544961828242,
        130.8363582465923,
        398.4499380185656
    ],
    "xinf": -0.07755023775802572,
    "xsup": 0.05445346606078219,
    "yinf": -0.06600185190940407,
    "ysup": 0.06600185190940384,
    "loopnb": [
        3
    ],
    "Targets": [
        [
            0,
            1,
            2
        ]
    ],
    "SpaceRotsUn": [
        [
            [
                [
                    1.0,
                    0.0
                ],
                [
                    0.0,
                    1.0
                ]
            ],
            [
                [
                    1.0,
                    0.0
                ],
                [
                    0.0,
                    1.0
                ]
            ],
            [
                [
                    1.0,
                    0.0
                ],
                [
                    0.0,
                    1.0
                ]
            ]
        ]
    ],
    "TimeRevsUn": [
        [
            1,
            1,
            1
        ]
    ],
    "TimeShiftNumUn": [
        [
            0,
            1,
            2
        ]
    ],
    "TimeShiftDenUn": [
        [
            1,
            3,
            3
        ]
    ],
    "RequiresLoopDispUn": [
        [
            true,
            false,
            false
        ]
    ]
}