{
    "nbody": 3,
    "n_int": 24576,
    "mass": [
        1.0,
        1.0,
        1.0
    ],
    "nloop": 1,
    "Action": 74.9608817326834,
    "Grad_Action": 8.00599336099745e-14,
    "Newton_Error": 1.0945601034676722e-13,
    "Min_Distance": 0.008326238352893539,
    "Max_PathLength": 3.5196650258348234,
    "Hash": [
        74.96088173268339,
        32.93198507300387,
        50.868307084289036,
        125.03220614427038,
        461.06965167162264
    ],
    "xinf": -0.23438753311205546,
    "xsup": 0.1270252979659377,
    "yinf": -0.18070641553899663,
    "ysup": 0.18070641553899652,
    "loopnb": [
        3
    ],
    "Targets": [
        [
            0,
            1,
            2
        ]
    ],
    "SpaceRotsUn": [
        [
            [
                [
                    1.0,
                    0.0
                ],
                [
                    0.0,
                    1.0
                ]
            ],
            [
                [
                    1.0,
                    0.0
                ],
                [
                    0.0,
                    1.0
                ]
            ],
            [
                [
                    1.0,
                    0.0
                ],
                [
                    0.0,
                    1.0
                ]
            ]
        ]
    ],
    "TimeRevsUn": [
        [
            1,
            1,
            1
        ]
    ],
    "TimeShiftNumUn": [
        [
            0,
            1,
            2
        ]
    ],
    "TimeShiftDenUn": [
        [
            1,
            3,
            3
        ]
    ],
    "RequiresLoopDispUn": [
        [
            true,
            false,
            false
        ]
    ]
}