{
    "nbody": 3,
    "n_int": 12288,
    "mass": [
        1.0,
        1.0,
        1.0
    ],
    "nloop": 1,
    "Action": 73.24742883501614,
    "Grad_Action": 7.191558537497692e-14,
    "Newton_Error": 3.650526475699239e-14,
    "Min_Distance": 0.015610261280349378,
    "Max_PathLength": 3.797918553961144,
    "Hash": [
        73.24742883501614,
        33.320269445527686,
        51.83243128310007,
        112.30505946096709,
        318.5271695768653
    ],
    "xinf": -0.07667271778529951,
    "xsup": 0.0635433188917393,
    "yinf": -0.07010801833851943,
    "ysup": 0.07010801833851937,
    "loopnb": [
        3
    ],
    "Targets": [
        [
            0,
            1,
            2
        ]
    ],
    "SpaceRotsUn": [
        [
            [
                [
                    1.0,
                    0.0
                ],
                [
                    0.0,
                    1.0
                ]
            ],
            [
                [
                    1.0,
                    0.0
                ],
                [
                    0.0,
                    1.0
                ]
            ],
            [
                [
                    1.0,
                    0.0
                ],
                [
                    0.0,
                    1.0
                ]
            ]
        ]
    ],
    "TimeRevsUn": [
        [
            1,
            1,
            1
        ]
    ],
    "TimeShiftNumUn": [
        [
            0,
            1,
            2
        ]
    ],
    "TimeShiftDenUn": [
        [
            1,
            3,
            3
        ]
    ],
    "RequiresLoopDispUn": [
        [
            true,
            false,
            false
        ]
    ]
}