{
    "nbody": 3,
    "n_int": 98304,
    "mass": [
        1.0,
        1.0,
        1.0
    ],
    "nloop": 1,
    "Action": 73.70339748690361,
    "Grad_Action": 1.1722292048578348e-14,
    "Newton_Error": 7.345560707768189e-15,
    "Min_Distance": 0.011099677321670205,
    "Max_PathLength": 3.774082613277989,
    "Hash": [
        73.70339748690361,
        33.47760433635187,
        52.07958383587954,
        113.35469670514065,
        325.54114087390246
    ],
    "xinf": -0.06348196294928224,
    "xsup": 0.07158681365672784,
    "yinf": -0.0675343883030051,
    "ysup": 0.06753438830300498,
    "loopnb": [
        3
    ],
    "Targets": [
        [
            0,
            1,
            2
        ]
    ],
    "SpaceRotsUn": [
        [
            [
                [
                    1.0,
                    0.0
                ],
                [
                    0.0,
                    1.0
                ]
            ],
            [
                [
                    1.0,
                    0.0
                ],
                [
                    0.0,
                    1.0
                ]
            ],
            [
                [
                    1.0,
                    0.0
                ],
                [
                    0.0,
                    1.0
                ]
            ]
        ]
    ],
    "TimeRevsUn": [
        [
            1,
            1,
            1
        ]
    ],
    "TimeShiftNumUn": [
        [
            0,
            1,
            2
        ]
    ],
    "TimeShiftDenUn": [
        [
            1,
            3,
            3
        ]
    ],
    "RequiresLoopDispUn": [
        [
            true,
            false,
            false
        ]
    ]
}