{
    "nbody": 3,
    "n_int": 3072,
    "mass": [
        1.0,
        1.0,
        1.0
    ],
    "nloop": 1,
    "Action": 39.70961352680439,
    "Grad_Action": 5.968884143051486e-15,
    "Newton_Error": 7.486153287018576e-15,
    "Min_Distance": 0.031943605206298395,
    "Max_PathLength": 2.763890795077364,
    "Hash": [
        39.70961352680439,
        20.012679752154945,
        29.737181936004397,
        56.45281749892695,
        133.94092683932587
    ],
    "xinf": -0.1961242636768092,
    "xsup": 0.12383062581269091,
    "yinf": -0.15997744474475,
    "ysup": 0.15997744474475012,
    "loopnb": [
        3
    ],
    "Targets": [
        [
            0,
            1,
            2
        ]
    ],
    "SpaceRotsUn": [
        [
            [
                [
                    1.0,
                    0.0
                ],
                [
                    0.0,
                    1.0
                ]
            ],
            [
                [
                    1.0,
                    0.0
                ],
                [
                    0.0,
                    1.0
                ]
            ],
            [
                [
                    1.0,
                    0.0
                ],
                [
                    0.0,
                    1.0
                ]
            ]
        ]
    ],
    "TimeRevsUn": [
        [
            1,
            1,
            1
        ]
    ],
    "TimeShiftNumUn": [
        [
            0,
            1,
            2
        ]
    ],
    "TimeShiftDenUn": [
        [
            1,
            3,
            3
        ]
    ],
    "RequiresLoopDispUn": [
        [
            true,
            false,
            false
        ]
    ]
}