{
    "nbody": 3,
    "n_int": 786432,
    "mass": [
        1.0,
        1.0,
        1.0
    ],
    "nloop": 1,
    "Action": 62.08542792034498,
    "Grad_Action": 0.11389348241877187,
    "Newton_Error": 0.09373604788459927,
    "Min_Distance": 0.0011667346257118584,
    "Max_PathLength": 3.3229178651634435,
    "Hash": [
        62.08542792034498,
        28.95980022846052,
        44.505856279945796,
        94.3451206883898,
        282.1235857242179
    ],
    "xinf": -0.09287904830393706,
    "xsup": 0.0806965778813899,
    "yinf": -0.08678781309266353,
    "ysup": 0.08678781309266342,
    "loopnb": [
        3
    ],
    "Targets": [
        [
            0,
            1,
            2
        ]
    ],
    "SpaceRotsUn": [
        [
            [
                [
                    1.0,
                    0.0
                ],
                [
                    0.0,
                    1.0
                ]
            ],
            [
                [
                    1.0,
                    0.0
                ],
                [
                    0.0,
                    1.0
                ]
            ],
            [
                [
                    1.0,
                    0.0
                ],
                [
                    0.0,
                    1.0
                ]
            ]
        ]
    ],
    "TimeRevsUn": [
        [
            1,
            1,
            1
        ]
    ],
    "TimeShiftNumUn": [
        [
            0,
            1,
            2
        ]
    ],
    "TimeShiftDenUn": [
        [
            1,
            3,
            3
        ]
    ],
    "RequiresLoopDispUn": [
        [
            true,
            false,
            false
        ]
    ]
}