{
    "nbody": 3,
    "n_int": 24576,
    "mass": [
        1.0,
        1.0,
        1.0
    ],
    "nloop": 1,
    "Action": 78.47768384429645,
    "Grad_Action": 7.423576569389314e-15,
    "Newton_Error": 3.917771704904161e-13,
    "Min_Distance": 0.00682411042141777,
    "Max_PathLength": 3.8049730334821286,
    "Hash": [
        78.47768384429645,
        35.16487688012235,
        54.79743417081676,
        123.41852099681641,
        381.528498056619
    ],
    "xinf": -0.09723139523019332,
    "xsup": 0.08478333050736238,
    "yinf": -0.09100736286877775,
    "ysup": 0.09100736286877795,
    "loopnb": [
        3
    ],
    "Targets": [
        [
            0,
            1,
            2
        ]
    ],
    "SpaceRotsUn": [
        [
            [
                [
                    1.0,
                    0.0
                ],
                [
                    0.0,
                    1.0
                ]
            ],
            [
                [
                    1.0,
                    0.0
                ],
                [
                    0.0,
                    1.0
                ]
            ],
            [
                [
                    1.0,
                    0.0
                ],
                [
                    0.0,
                    1.0
                ]
            ]
        ]
    ],
    "TimeRevsUn": [
        [
            1,
            1,
            1
        ]
    ],
    "TimeShiftNumUn": [
        [
            0,
            1,
            2
        ]
    ],
    "TimeShiftDenUn": [
        [
            1,
            3,
            3
        ]
    ],
    "RequiresLoopDispUn": [
        [
            true,
            false,
            false
        ]
    ]
}