{
    "nbody": 3,
    "n_int": 49152,
    "mass": [
        1.0,
        1.0,
        1.0
    ],
    "nloop": 1,
    "Action": 90.1301488834322,
    "Grad_Action": 3.730180951486999e-14,
    "Newton_Error": 8.441283168626015e-14,
    "Min_Distance": 0.0058047920985695904,
    "Max_PathLength": 3.985334304204243,
    "Hash": [
        90.1301488834322,
        39.21233017008367,
        61.26888997476168,
        148.91974899786038,
        534.3406952417264
    ],
    "xinf": -0.1408012927702037,
    "xsup": 0.07840329440024246,
    "yinf": -0.10960229358522317,
    "ysup": 0.109602293585223,
    "loopnb": [
        3
    ],
    "Targets": [
        [
            0,
            1,
            2
        ]
    ],
    "SpaceRotsUn": [
        [
            [
                [
                    1.0,
                    0.0
                ],
                [
                    0.0,
                    1.0
                ]
            ],
            [
                [
                    1.0,
                    0.0
                ],
                [
                    0.0,
                    1.0
                ]
            ],
            [
                [
                    1.0,
                    0.0
                ],
                [
                    0.0,
                    1.0
                ]
            ]
        ]
    ],
    "TimeRevsUn": [
        [
            1,
            1,
            1
        ]
    ],
    "TimeShiftNumUn": [
        [
            0,
            1,
            2
        ]
    ],
    "TimeShiftDenUn": [
        [
            1,
            3,
            3
        ]
    ],
    "RequiresLoopDispUn": [
        [
            true,
            false,
            false
        ]
    ]
}