{
    "nbody": 3,
    "n_int": 49152,
    "mass": [
        1.0,
        1.0,
        1.0
    ],
    "nloop": 1,
    "Action": 72.75033173435682,
    "Grad_Action": 2.099628716330462e-14,
    "Newton_Error": 4.185945454557365e-11,
    "Min_Distance": 0.004050104900955296,
    "Max_PathLength": 3.584122404108018,
    "Hash": [
        72.75033173435682,
        32.93843791990455,
        51.05499995651275,
        114.09713292062543,
        359.16149316327676
    ],
    "xinf": -0.09923861133627493,
    "xsup": 0.06711656127868434,
    "yinf": -0.08317758630747983,
    "ysup": 0.08317758630747944,
    "loopnb": [
        3
    ],
    "Targets": [
        [
            0,
            1,
            2
        ]
    ],
    "SpaceRotsUn": [
        [
            [
                [
                    1.0,
                    0.0
                ],
                [
                    0.0,
                    1.0
                ]
            ],
            [
                [
                    1.0,
                    0.0
                ],
                [
                    0.0,
                    1.0
                ]
            ],
            [
                [
                    1.0,
                    0.0
                ],
                [
                    0.0,
                    1.0
                ]
            ]
        ]
    ],
    "TimeRevsUn": [
        [
            1,
            1,
            1
        ]
    ],
    "TimeShiftNumUn": [
        [
            0,
            1,
            2
        ]
    ],
    "TimeShiftDenUn": [
        [
            1,
            3,
            3
        ]
    ],
    "RequiresLoopDispUn": [
        [
            true,
            false,
            false
        ]
    ]
}