{
    "nbody": 3,
    "n_int": 24576,
    "mass": [
        1.0,
        1.0,
        1.0
    ],
    "nloop": 1,
    "Action": 72.75236593817127,
    "Grad_Action": 1.2741762328970339e-14,
    "Newton_Error": 3.6232948031624677e-12,
    "Min_Distance": 0.006570500876300761,
    "Max_PathLength": 3.647675173961734,
    "Hash": [
        72.75236593817127,
        32.97905672821293,
        51.16388459247375,
        113.39025703145411,
        345.6607546877451
    ],
    "xinf": -0.09077566605840676,
    "xsup": 0.0658802886516408,
    "yinf": -0.07832797735502398,
    "ysup": 0.07832797735502359,
    "loopnb": [
        3
    ],
    "Targets": [
        [
            0,
            1,
            2
        ]
    ],
    "SpaceRotsUn": [
        [
            [
                [
                    1.0,
                    0.0
                ],
                [
                    0.0,
                    1.0
                ]
            ],
            [
                [
                    1.0,
                    0.0
                ],
                [
                    0.0,
                    1.0
                ]
            ],
            [
                [
                    1.0,
                    0.0
                ],
                [
                    0.0,
                    1.0
                ]
            ]
        ]
    ],
    "TimeRevsUn": [
        [
            1,
            1,
            1
        ]
    ],
    "TimeShiftNumUn": [
        [
            0,
            1,
            2
        ]
    ],
    "TimeShiftDenUn": [
        [
            1,
            3,
            3
        ]
    ],
    "RequiresLoopDispUn": [
        [
            true,
            false,
            false
        ]
    ]
}