{
    "nbody": 3,
    "n_int": 24576,
    "mass": [
        1.0,
        1.0,
        1.0
    ],
    "nloop": 1,
    "Action": 86.48229220776531,
    "Grad_Action": 9.80622679060259e-15,
    "Newton_Error": 2.272213671114176e-14,
    "Min_Distance": 0.011730881756148072,
    "Max_PathLength": 4.067394124316525,
    "Hash": [
        86.48229220776531,
        38.01950221302444,
        59.44262890532558,
        139.60095062659275,
        461.01531364933635
    ],
    "xinf": -0.10139550201912728,
    "xsup": 0.06578380168370435,
    "yinf": -0.08358965185141579,
    "ysup": 0.08358965185141584,
    "loopnb": [
        3
    ],
    "Targets": [
        [
            0,
            1,
            2
        ]
    ],
    "SpaceRotsUn": [
        [
            [
                [
                    1.0,
                    0.0
                ],
                [
                    0.0,
                    1.0
                ]
            ],
            [
                [
                    1.0,
                    0.0
                ],
                [
                    0.0,
                    1.0
                ]
            ],
            [
                [
                    1.0,
                    0.0
                ],
                [
                    0.0,
                    1.0
                ]
            ]
        ]
    ],
    "TimeRevsUn": [
        [
            1,
            1,
            1
        ]
    ],
    "TimeShiftNumUn": [
        [
            0,
            1,
            2
        ]
    ],
    "TimeShiftDenUn": [
        [
            1,
            3,
            3
        ]
    ],
    "RequiresLoopDispUn": [
        [
            true,
            false,
            false
        ]
    ]
}