{
    "nbody": 3,
    "n_int": 6144,
    "mass": [
        1.0,
        1.0,
        1.0
    ],
    "nloop": 1,
    "Action": 87.53592176898616,
    "Grad_Action": 9.32512919337616e-15,
    "Newton_Error": 2.713197706329034e-13,
    "Min_Distance": 0.014894107061601172,
    "Max_PathLength": 4.16936126650665,
    "Hash": [
        87.53592176898616,
        38.55631071995698,
        60.407431217378935,
        139.89493122866335,
        444.7098566822064
    ],
    "xinf": -0.08274377517958129,
    "xsup": 0.0564594544072359,
    "yinf": -0.06960161479340851,
    "ysup": 0.06960161479340868,
    "loopnb": [
        3
    ],
    "Targets": [
        [
            0,
            1,
            2
        ]
    ],
    "SpaceRotsUn": [
        [
            [
                [
                    1.0,
                    0.0
                ],
                [
                    0.0,
                    1.0
                ]
            ],
            [
                [
                    1.0,
                    0.0
                ],
                [
                    0.0,
                    1.0
                ]
            ],
            [
                [
                    1.0,
                    0.0
                ],
                [
                    0.0,
                    1.0
                ]
            ]
        ]
    ],
    "TimeRevsUn": [
        [
            1,
            1,
            1
        ]
    ],
    "TimeShiftNumUn": [
        [
            0,
            1,
            2
        ]
    ],
    "TimeShiftDenUn": [
        [
            1,
            3,
            3
        ]
    ],
    "RequiresLoopDispUn": [
        [
            true,
            false,
            false
        ]
    ]
}