{
    "nbody": 3,
    "n_int": 786432,
    "mass": [
        1.0,
        1.0,
        1.0
    ],
    "nloop": 1,
    "Action": 86.93018308104304,
    "Grad_Action": 6.601023812554402e-05,
    "Newton_Error": 7.080159310600814e-06,
    "Min_Distance": 0.0054818517079111935,
    "Max_PathLength": 3.877428488543756,
    "Hash": [
        86.93018308104304,
        38.08295869489371,
        59.446916796868074,
        142.14105493946354,
        495.0570704377287
    ],
    "xinf": -0.11010769776779625,
    "xsup": 0.0650563846945956,
    "yinf": -0.08758204123119585,
    "ysup": 0.08758204123119599,
    "loopnb": [
        3
    ],
    "Targets": [
        [
            0,
            1,
            2
        ]
    ],
    "SpaceRotsUn": [
        [
            [
                [
                    1.0,
                    0.0
                ],
                [
                    0.0,
                    1.0
                ]
            ],
            [
                [
                    1.0,
                    0.0
                ],
                [
                    0.0,
                    1.0
                ]
            ],
            [
                [
                    1.0,
                    0.0
                ],
                [
                    0.0,
                    1.0
                ]
            ]
        ]
    ],
    "TimeRevsUn": [
        [
            1,
            1,
            1
        ]
    ],
    "TimeShiftNumUn": [
        [
            0,
            1,
            2
        ]
    ],
    "TimeShiftDenUn": [
        [
            1,
            3,
            3
        ]
    ],
    "RequiresLoopDispUn": [
        [
            true,
            false,
            false
        ]
    ]
}