{
    "nbody": 3,
    "n_int": 98304,
    "mass": [
        1.0,
        1.0,
        1.0
    ],
    "nloop": 1,
    "Action": 54.24636076389461,
    "Grad_Action": 2.72168466588586e-14,
    "Newton_Error": 5.16470255317624e-14,
    "Min_Distance": 0.004401777598985688,
    "Max_PathLength": 3.094568058293471,
    "Hash": [
        54.24636076389461,
        25.688878871573795,
        39.11232379723577,
        81.69572944265474,
        228.96648921487005
    ],
    "xinf": -0.12237412731990996,
    "xsup": 0.14615532193475253,
    "yinf": -0.1342647246273312,
    "ysup": 0.1342647246273313,
    "loopnb": [
        3
    ],
    "Targets": [
        [
            0,
            1,
            2
        ]
    ],
    "SpaceRotsUn": [
        [
            [
                [
                    1.0,
                    0.0
                ],
                [
                    0.0,
                    1.0
                ]
            ],
            [
                [
                    1.0,
                    0.0
                ],
                [
                    0.0,
                    1.0
                ]
            ],
            [
                [
                    1.0,
                    0.0
                ],
                [
                    0.0,
                    1.0
                ]
            ]
        ]
    ],
    "TimeRevsUn": [
        [
            1,
            1,
            1
        ]
    ],
    "TimeShiftNumUn": [
        [
            0,
            1,
            2
        ]
    ],
    "TimeShiftDenUn": [
        [
            1,
            3,
            3
        ]
    ],
    "RequiresLoopDispUn": [
        [
            true,
            false,
            false
        ]
    ]
}