{
    "nbody": 3,
    "n_int": 12288,
    "mass": [
        1.0,
        1.0,
        1.0
    ],
    "nloop": 1,
    "Action": 47.3892729435748,
    "Grad_Action": 4.966493636565172e-15,
    "Newton_Error": 1.3835146573619547e-14,
    "Min_Distance": 0.015752388436145726,
    "Max_PathLength": 2.960696227726296,
    "Hash": [
        47.3892729435748,
        23.161516954576598,
        34.92301497642321,
        68.94071822256771,
        175.25399292355002
    ],
    "xinf": -0.09808236446520331,
    "xsup": 0.13040192939802614,
    "yinf": -0.11424214693161469,
    "ysup": 0.11424214693161475,
    "loopnb": [
        3
    ],
    "Targets": [
        [
            0,
            1,
            2
        ]
    ],
    "SpaceRotsUn": [
        [
            [
                [
                    1.0,
                    0.0
                ],
                [
                    0.0,
                    1.0
                ]
            ],
            [
                [
                    1.0,
                    0.0
                ],
                [
                    0.0,
                    1.0
                ]
            ],
            [
                [
                    1.0,
                    0.0
                ],
                [
                    0.0,
                    1.0
                ]
            ]
        ]
    ],
    "TimeRevsUn": [
        [
            1,
            1,
            1
        ]
    ],
    "TimeShiftNumUn": [
        [
            0,
            1,
            2
        ]
    ],
    "TimeShiftDenUn": [
        [
            1,
            3,
            3
        ]
    ],
    "RequiresLoopDispUn": [
        [
            true,
            false,
            false
        ]
    ]
}