{
    "nbody": 3,
    "n_int": 12288,
    "mass": [
        1.0,
        1.0,
        1.0
    ],
    "nloop": 1,
    "Action": 47.411346381498035,
    "Grad_Action": 5.484412459668754e-15,
    "Newton_Error": 1.1420024433251766e-14,
    "Min_Distance": 0.017621206652408055,
    "Max_PathLength": 2.9544604276480744,
    "Hash": [
        47.41134638149803,
        23.15211265839018,
        34.90155693604633,
        69.14102978923383,
        177.3945502070957
    ],
    "xinf": -0.10440097666154374,
    "xsup": 0.1235495740943589,
    "yinf": -0.1139752753779513,
    "ysup": 0.11397527537795135,
    "loopnb": [
        3
    ],
    "Targets": [
        [
            0,
            1,
            2
        ]
    ],
    "SpaceRotsUn": [
        [
            [
                [
                    1.0,
                    0.0
                ],
                [
                    0.0,
                    1.0
                ]
            ],
            [
                [
                    1.0,
                    0.0
                ],
                [
                    0.0,
                    1.0
                ]
            ],
            [
                [
                    1.0,
                    0.0
                ],
                [
                    0.0,
                    1.0
                ]
            ]
        ]
    ],
    "TimeRevsUn": [
        [
            1,
            1,
            1
        ]
    ],
    "TimeShiftNumUn": [
        [
            0,
            1,
            2
        ]
    ],
    "TimeShiftDenUn": [
        [
            1,
            3,
            3
        ]
    ],
    "RequiresLoopDispUn": [
        [
            true,
            false,
            false
        ]
    ]
}