{
    "nbody": 3,
    "n_int": 6144,
    "mass": [
        1.0,
        1.0,
        1.0
    ],
    "nloop": 1,
    "Action": 63.8926228547486,
    "Grad_Action": 5.348427196180379e-15,
    "Newton_Error": 1.0091627346583549e-14,
    "Min_Distance": 0.021444898855917452,
    "Max_PathLength": 3.5416729203989186,
    "Hash": [
        63.8926228547486,
        29.655731728997633,
        45.73819534396422,
        96.48505018875103,
        264.5106057265542
    ],
    "xinf": -0.10321908892309165,
    "xsup": 0.08836400113463647,
    "yinf": -0.09579154502886417,
    "ysup": 0.09579154502886394,
    "loopnb": [
        3
    ],
    "Targets": [
        [
            0,
            1,
            2
        ]
    ],
    "SpaceRotsUn": [
        [
            [
                [
                    1.0,
                    0.0
                ],
                [
                    0.0,
                    1.0
                ]
            ],
            [
                [
                    1.0,
                    0.0
                ],
                [
                    0.0,
                    1.0
                ]
            ],
            [
                [
                    1.0,
                    0.0
                ],
                [
                    0.0,
                    1.0
                ]
            ]
        ]
    ],
    "TimeRevsUn": [
        [
            1,
            1,
            1
        ]
    ],
    "TimeShiftNumUn": [
        [
            0,
            1,
            2
        ]
    ],
    "TimeShiftDenUn": [
        [
            1,
            3,
            3
        ]
    ],
    "RequiresLoopDispUn": [
        [
            true,
            false,
            false
        ]
    ]
}