{
    "nbody": 3,
    "n_int": 49152,
    "mass": [
        1.0,
        1.0,
        1.0
    ],
    "nloop": 1,
    "Action": 87.7420634851273,
    "Grad_Action": 2.3632400268244793e-12,
    "Newton_Error": 7.465544332233826e-13,
    "Min_Distance": 0.006456478559891391,
    "Max_PathLength": 3.983142143608656,
    "Hash": [
        87.7420634851273,
        38.564012505500905,
        60.3226556481497,
        141.76739424012936,
        474.8301762507556
    ],
    "xinf": -0.062348171644807555,
    "xsup": 0.08612950384381274,
    "yinf": -0.07423883774431014,
    "ysup": 0.07423883774431014,
    "loopnb": [
        3
    ],
    "Targets": [
        [
            0,
            1,
            2
        ]
    ],
    "SpaceRotsUn": [
        [
            [
                [
                    1.0,
                    0.0
                ],
                [
                    0.0,
                    1.0
                ]
            ],
            [
                [
                    1.0,
                    0.0
                ],
                [
                    0.0,
                    1.0
                ]
            ],
            [
                [
                    1.0,
                    0.0
                ],
                [
                    0.0,
                    1.0
                ]
            ]
        ]
    ],
    "TimeRevsUn": [
        [
            1,
            1,
            1
        ]
    ],
    "TimeShiftNumUn": [
        [
            0,
            1,
            2
        ]
    ],
    "TimeShiftDenUn": [
        [
            1,
            3,
            3
        ]
    ],
    "RequiresLoopDispUn": [
        [
            true,
            false,
            false
        ]
    ]
}