{
    "nbody": 3,
    "n_int": 98304,
    "mass": [
        1.0,
        1.0,
        1.0
    ],
    "nloop": 1,
    "Action": 40.63609997867595,
    "Grad_Action": 7.100759500720897e-14,
    "Newton_Error": 7.227109488654427e-14,
    "Min_Distance": 0.0047383205577858425,
    "Max_PathLength": 2.550380992359309,
    "Hash": [
        40.63609997867595,
        20.468328671875906,
        30.420602149569657,
        58.13295031853968,
        147.51102996635024
    ],
    "xinf": -0.11574553242664358,
    "xsup": 0.13191681320868298,
    "yinf": -0.12383117281766326,
    "ysup": 0.12383117281766329,
    "loopnb": [
        3
    ],
    "Targets": [
        [
            0,
            1,
            2
        ]
    ],
    "SpaceRotsUn": [
        [
            [
                [
                    1.0,
                    0.0
                ],
                [
                    0.0,
                    1.0
                ]
            ],
            [
                [
                    1.0,
                    0.0
                ],
                [
                    0.0,
                    1.0
                ]
            ],
            [
                [
                    1.0,
                    0.0
                ],
                [
                    0.0,
                    1.0
                ]
            ]
        ]
    ],
    "TimeRevsUn": [
        [
            1,
            1,
            1
        ]
    ],
    "TimeShiftNumUn": [
        [
            0,
            1,
            2
        ]
    ],
    "TimeShiftDenUn": [
        [
            1,
            3,
            3
        ]
    ],
    "RequiresLoopDispUn": [
        [
            true,
            false,
            false
        ]
    ]
}