{
    "nbody": 3,
    "n_int": 12288,
    "mass": [
        1.0,
        1.0,
        1.0
    ],
    "nloop": 1,
    "Action": 72.78350010696009,
    "Grad_Action": 1.0325976405479083e-14,
    "Newton_Error": 4.632814269577187e-14,
    "Min_Distance": 0.01317783031494399,
    "Max_PathLength": 3.6800088037716447,
    "Hash": [
        72.78350010696009,
        33.02156229557272,
        51.26420020197483,
        112.92686407713859,
        336.3336624427569
    ],
    "xinf": -0.08043407036211818,
    "xsup": 0.06336036239575911,
    "yinf": -0.0718972163789387,
    "ysup": 0.07189721637893859,
    "loopnb": [
        3
    ],
    "Targets": [
        [
            0,
            1,
            2
        ]
    ],
    "SpaceRotsUn": [
        [
            [
                [
                    1.0,
                    0.0
                ],
                [
                    0.0,
                    1.0
                ]
            ],
            [
                [
                    1.0,
                    0.0
                ],
                [
                    0.0,
                    1.0
                ]
            ],
            [
                [
                    1.0,
                    0.0
                ],
                [
                    0.0,
                    1.0
                ]
            ]
        ]
    ],
    "TimeRevsUn": [
        [
            1,
            1,
            1
        ]
    ],
    "TimeShiftNumUn": [
        [
            0,
            1,
            2
        ]
    ],
    "TimeShiftDenUn": [
        [
            1,
            3,
            3
        ]
    ],
    "RequiresLoopDispUn": [
        [
            true,
            false,
            false
        ]
    ]
}