{
    "nbody": 3,
    "n_int": 12288,
    "mass": [
        1.0,
        1.0,
        1.0
    ],
    "nloop": 1,
    "Action": 41.338788688845575,
    "Grad_Action": 2.8965328337338657e-15,
    "Newton_Error": 6.401759282112404e-15,
    "Min_Distance": 0.01606039391518806,
    "Max_PathLength": 2.8217967072669583,
    "Hash": [
        41.338788688845575,
        20.85227407221575,
        31.11013214077915,
        58.10076323507094,
        132.67336785931494
    ],
    "xinf": -0.11750923878484465,
    "xsup": 0.13267501866316372,
    "yinf": -0.12509212872400421,
    "ysup": 0.12509212872400416,
    "loopnb": [
        3
    ],
    "Targets": [
        [
            0,
            1,
            2
        ]
    ],
    "SpaceRotsUn": [
        [
            [
                [
                    1.0,
                    0.0
                ],
                [
                    0.0,
                    1.0
                ]
            ],
            [
                [
                    1.0,
                    0.0
                ],
                [
                    0.0,
                    1.0
                ]
            ],
            [
                [
                    1.0,
                    0.0
                ],
                [
                    0.0,
                    1.0
                ]
            ]
        ]
    ],
    "TimeRevsUn": [
        [
            1,
            1,
            1
        ]
    ],
    "TimeShiftNumUn": [
        [
            0,
            1,
            2
        ]
    ],
    "TimeShiftDenUn": [
        [
            1,
            3,
            3
        ]
    ],
    "RequiresLoopDispUn": [
        [
            true,
            false,
            false
        ]
    ]
}