{
    "nbody": 3,
    "n_int": 12288,
    "mass": [
        1.0,
        1.0,
        1.0
    ],
    "nloop": 1,
    "Action": 61.57544533329259,
    "Grad_Action": 9.943627509276336e-14,
    "Newton_Error": 3.5043931704436986e-14,
    "Min_Distance": 0.016315437786042466,
    "Max_PathLength": 3.3222272405371345,
    "Hash": [
        61.57544533329259,
        28.0955625587325,
        43.06554309673944,
        97.48132597577663,
        309.51573709924963
    ],
    "xinf": -0.22991781375909126,
    "xsup": 0.12904609013435542,
    "yinf": -0.17948195194672328,
    "ysup": 0.1794819519467234,
    "loopnb": [
        3
    ],
    "Targets": [
        [
            0,
            1,
            2
        ]
    ],
    "SpaceRotsUn": [
        [
            [
                [
                    1.0,
                    0.0
                ],
                [
                    0.0,
                    1.0
                ]
            ],
            [
                [
                    1.0,
                    0.0
                ],
                [
                    0.0,
                    1.0
                ]
            ],
            [
                [
                    1.0,
                    0.0
                ],
                [
                    0.0,
                    1.0
                ]
            ]
        ]
    ],
    "TimeRevsUn": [
        [
            1,
            1,
            1
        ]
    ],
    "TimeShiftNumUn": [
        [
            0,
            1,
            2
        ]
    ],
    "TimeShiftDenUn": [
        [
            1,
            3,
            3
        ]
    ],
    "RequiresLoopDispUn": [
        [
            true,
            false,
            false
        ]
    ]
}