{
    "nbody": 3,
    "n_int": 24576,
    "mass": [
        1.0,
        1.0,
        1.0
    ],
    "nloop": 1,
    "Action": 87.22094643606532,
    "Grad_Action": 3.255330080757803e-14,
    "Newton_Error": 6.399610587307807e-14,
    "Min_Distance": 0.007084069846384218,
    "Max_PathLength": 4.0242935114749585,
    "Hash": [
        87.2209464360653,
        38.35340155125202,
        59.991487698694,
        140.70367668640716,
        466.8205463374868
    ],
    "xinf": -0.1012462928988648,
    "xsup": 0.0845660382236631,
    "yinf": -0.09290616556126396,
    "ysup": 0.09290616556126394,
    "loopnb": [
        3
    ],
    "Targets": [
        [
            0,
            1,
            2
        ]
    ],
    "SpaceRotsUn": [
        [
            [
                [
                    1.0,
                    0.0
                ],
                [
                    0.0,
                    1.0
                ]
            ],
            [
                [
                    1.0,
                    0.0
                ],
                [
                    0.0,
                    1.0
                ]
            ],
            [
                [
                    1.0,
                    0.0
                ],
                [
                    0.0,
                    1.0
                ]
            ]
        ]
    ],
    "TimeRevsUn": [
        [
            1,
            1,
            1
        ]
    ],
    "TimeShiftNumUn": [
        [
            0,
            1,
            2
        ]
    ],
    "TimeShiftDenUn": [
        [
            1,
            3,
            3
        ]
    ],
    "RequiresLoopDispUn": [
        [
            true,
            false,
            false
        ]
    ]
}