{
    "nbody": 3,
    "n_int": 24576,
    "mass": [
        1.0,
        1.0,
        1.0
    ],
    "nloop": 1,
    "Action": 72.69048390489331,
    "Grad_Action": 5.43793423819385e-14,
    "Newton_Error": 8.16570657508137e-14,
    "Min_Distance": 0.008704113586127283,
    "Max_PathLength": 3.5605585559020243,
    "Hash": [
        72.69048390489331,
        32.654425570328115,
        50.52648681031658,
        116.08214940263237,
        381.9662308040705
    ],
    "xinf": -0.08422013584804405,
    "xsup": 0.12501446289470514,
    "yinf": -0.10461729937137454,
    "ysup": 0.10461729937137465,
    "loopnb": [
        3
    ],
    "Targets": [
        [
            0,
            1,
            2
        ]
    ],
    "SpaceRotsUn": [
        [
            [
                [
                    1.0,
                    0.0
                ],
                [
                    0.0,
                    1.0
                ]
            ],
            [
                [
                    1.0,
                    0.0
                ],
                [
                    0.0,
                    1.0
                ]
            ],
            [
                [
                    1.0,
                    0.0
                ],
                [
                    0.0,
                    1.0
                ]
            ]
        ]
    ],
    "TimeRevsUn": [
        [
            1,
            1,
            1
        ]
    ],
    "TimeShiftNumUn": [
        [
            0,
            1,
            2
        ]
    ],
    "TimeShiftDenUn": [
        [
            1,
            3,
            3
        ]
    ],
    "RequiresLoopDispUn": [
        [
            true,
            false,
            false
        ]
    ]
}