{
    "nbody": 3,
    "n_int": 12288,
    "mass": [
        1.0,
        1.0,
        1.0
    ],
    "nloop": 1,
    "Action": 86.4713371863284,
    "Grad_Action": 1.2066583013299432e-14,
    "Newton_Error": 3.3728805733630184e-14,
    "Min_Distance": 0.013916698201925592,
    "Max_PathLength": 4.149840402652798,
    "Hash": [
        86.4713371863284,
        38.284644077294914,
        60.01937962169337,
        136.6174460987819,
        419.080452265945
    ],
    "xinf": -0.0615502418827564,
    "xsup": 0.06969411557778332,
    "yinf": -0.06562217873026976,
    "ysup": 0.06562217873026996,
    "loopnb": [
        3
    ],
    "Targets": [
        [
            0,
            1,
            2
        ]
    ],
    "SpaceRotsUn": [
        [
            [
                [
                    1.0,
                    0.0
                ],
                [
                    0.0,
                    1.0
                ]
            ],
            [
                [
                    1.0,
                    0.0
                ],
                [
                    0.0,
                    1.0
                ]
            ],
            [
                [
                    1.0,
                    0.0
                ],
                [
                    0.0,
                    1.0
                ]
            ]
        ]
    ],
    "TimeRevsUn": [
        [
            1,
            1,
            1
        ]
    ],
    "TimeShiftNumUn": [
        [
            0,
            1,
            2
        ]
    ],
    "TimeShiftDenUn": [
        [
            1,
            3,
            3
        ]
    ],
    "RequiresLoopDispUn": [
        [
            true,
            false,
            false
        ]
    ]
}