{
    "nbody": 3,
    "n_int": 12288,
    "mass": [
        1.0,
        1.0,
        1.0
    ],
    "nloop": 1,
    "Action": 73.18859097694946,
    "Grad_Action": 1.86714680189111e-14,
    "Newton_Error": 5.824662148901731e-14,
    "Min_Distance": 0.01178953895961595,
    "Max_PathLength": 3.629207277349474,
    "Hash": [
        73.18859097694946,
        33.11614182291523,
        51.40737370248522,
        114.1373468217465,
        344.9710365413637
    ],
    "xinf": -0.09120167916271651,
    "xsup": 0.07147930925516247,
    "yinf": -0.08134049420893937,
    "ysup": 0.08134049420893961,
    "loopnb": [
        3
    ],
    "Targets": [
        [
            0,
            1,
            2
        ]
    ],
    "SpaceRotsUn": [
        [
            [
                [
                    1.0,
                    0.0
                ],
                [
                    0.0,
                    1.0
                ]
            ],
            [
                [
                    1.0,
                    0.0
                ],
                [
                    0.0,
                    1.0
                ]
            ],
            [
                [
                    1.0,
                    0.0
                ],
                [
                    0.0,
                    1.0
                ]
            ]
        ]
    ],
    "TimeRevsUn": [
        [
            1,
            1,
            1
        ]
    ],
    "TimeShiftNumUn": [
        [
            0,
            1,
            2
        ]
    ],
    "TimeShiftDenUn": [
        [
            1,
            3,
            3
        ]
    ],
    "RequiresLoopDispUn": [
        [
            true,
            false,
            false
        ]
    ]
}