{
    "nbody": 3,
    "n_int": 98304,
    "mass": [
        1.0,
        1.0,
        1.0
    ],
    "nloop": 1,
    "Action": 62.655748570255994,
    "Grad_Action": 2.652689806266821e-10,
    "Newton_Error": 7.411049726866508e-11,
    "Min_Distance": 0.01584189247529321,
    "Max_PathLength": 3.4655396317971583,
    "Hash": [
        62.655748570256,
        29.264864793831652,
        45.12155625588201,
        93.5177788320932,
        246.3772980041003
    ],
    "xinf": -0.09090218927723187,
    "xsup": 0.06429964109422642,
    "yinf": -0.07760091518572904,
    "ysup": 0.07760091518572926,
    "loopnb": [
        3
    ],
    "Targets": [
        [
            0,
            1,
            2
        ]
    ],
    "SpaceRotsUn": [
        [
            [
                [
                    1.0,
                    0.0
                ],
                [
                    0.0,
                    1.0
                ]
            ],
            [
                [
                    1.0,
                    0.0
                ],
                [
                    0.0,
                    1.0
                ]
            ],
            [
                [
                    1.0,
                    0.0
                ],
                [
                    0.0,
                    1.0
                ]
            ]
        ]
    ],
    "TimeRevsUn": [
        [
            1,
            1,
            1
        ]
    ],
    "TimeShiftNumUn": [
        [
            0,
            1,
            2
        ]
    ],
    "TimeShiftDenUn": [
        [
            1,
            3,
            3
        ]
    ],
    "RequiresLoopDispUn": [
        [
            true,
            false,
            false
        ]
    ]
}