{
    "nbody": 3,
    "n_int": 49152,
    "mass": [
        1.0,
        1.0,
        1.0
    ],
    "nloop": 1,
    "Action": 86.29571047274104,
    "Grad_Action": 1.6715484744824638e-14,
    "Newton_Error": 1.5018660094927953e-14,
    "Min_Distance": 0.009148846241470483,
    "Max_PathLength": 4.086583407649473,
    "Hash": [
        86.29571047274104,
        38.180550879290685,
        59.814805151181716,
        136.86742594113534,
        427.31946763454175
    ],
    "xinf": -0.08634836514806603,
    "xsup": 0.05527437776151366,
    "yinf": -0.07081137145478991,
    "ysup": 0.07081137145478977,
    "loopnb": [
        3
    ],
    "Targets": [
        [
            0,
            1,
            2
        ]
    ],
    "SpaceRotsUn": [
        [
            [
                [
                    1.0,
                    0.0
                ],
                [
                    0.0,
                    1.0
                ]
            ],
            [
                [
                    1.0,
                    0.0
                ],
                [
                    0.0,
                    1.0
                ]
            ],
            [
                [
                    1.0,
                    0.0
                ],
                [
                    0.0,
                    1.0
                ]
            ]
        ]
    ],
    "TimeRevsUn": [
        [
            1,
            1,
            1
        ]
    ],
    "TimeShiftNumUn": [
        [
            0,
            1,
            2
        ]
    ],
    "TimeShiftDenUn": [
        [
            1,
            3,
            3
        ]
    ],
    "RequiresLoopDispUn": [
        [
            true,
            false,
            false
        ]
    ]
}