{
    "nbody": 3,
    "n_int": 49152,
    "mass": [
        1.0,
        1.0,
        1.0
    ],
    "nloop": 1,
    "Action": 78.85717317240591,
    "Grad_Action": 5.009246191144923e-14,
    "Newton_Error": 2.5889166914086133e-14,
    "Min_Distance": 0.010279512481542161,
    "Max_PathLength": 3.6929433717427225,
    "Hash": [
        78.85717317240591,
        34.76408057637344,
        53.978921083941025,
        128.880954390914,
        443.84410655719836
    ],
    "xinf": -0.1292345340595356,
    "xsup": 0.15637893796188934,
    "yinf": -0.14280673601071253,
    "ysup": 0.14280673601071242,
    "loopnb": [
        3
    ],
    "Targets": [
        [
            0,
            1,
            2
        ]
    ],
    "SpaceRotsUn": [
        [
            [
                [
                    1.0,
                    0.0
                ],
                [
                    0.0,
                    1.0
                ]
            ],
            [
                [
                    1.0,
                    0.0
                ],
                [
                    0.0,
                    1.0
                ]
            ],
            [
                [
                    1.0,
                    0.0
                ],
                [
                    0.0,
                    1.0
                ]
            ]
        ]
    ],
    "TimeRevsUn": [
        [
            1,
            1,
            1
        ]
    ],
    "TimeShiftNumUn": [
        [
            0,
            1,
            2
        ]
    ],
    "TimeShiftDenUn": [
        [
            1,
            3,
            3
        ]
    ],
    "RequiresLoopDispUn": [
        [
            true,
            false,
            false
        ]
    ]
}