{
    "nbody": 3,
    "n_int": 24576,
    "mass": [
        1.0,
        1.0,
        1.0
    ],
    "nloop": 1,
    "Action": 82.23929619472622,
    "Grad_Action": 1.2887127117777672e-14,
    "Newton_Error": 3.069935918109496e-14,
    "Min_Distance": 0.009004101647940261,
    "Max_PathLength": 4.045894448675783,
    "Hash": [
        82.23929619472622,
        36.79494270292169,
        57.60817677623924,
        127.83399849426442,
        373.950842502524
    ],
    "xinf": -0.05865006301196016,
    "xsup": 0.05857699934720628,
    "yinf": -0.058613531179583164,
    "ysup": 0.058613531179583275,
    "loopnb": [
        3
    ],
    "Targets": [
        [
            0,
            1,
            2
        ]
    ],
    "SpaceRotsUn": [
        [
            [
                [
                    1.0,
                    0.0
                ],
                [
                    0.0,
                    1.0
                ]
            ],
            [
                [
                    1.0,
                    0.0
                ],
                [
                    0.0,
                    1.0
                ]
            ],
            [
                [
                    1.0,
                    0.0
                ],
                [
                    0.0,
                    1.0
                ]
            ]
        ]
    ],
    "TimeRevsUn": [
        [
            1,
            1,
            1
        ]
    ],
    "TimeShiftNumUn": [
        [
            0,
            1,
            2
        ]
    ],
    "TimeShiftDenUn": [
        [
            1,
            3,
            3
        ]
    ],
    "RequiresLoopDispUn": [
        [
            true,
            false,
            false
        ]
    ]
}