{
    "nbody": 3,
    "n_int": 49152,
    "mass": [
        1.0,
        1.0,
        1.0
    ],
    "nloop": 1,
    "Action": 77.67589979474661,
    "Grad_Action": 6.020765472690156e-14,
    "Newton_Error": 7.44118202313022e-14,
    "Min_Distance": 0.005396566212198207,
    "Max_PathLength": 3.661457780622242,
    "Hash": [
        77.67589979474661,
        34.516103478614056,
        53.576664720811735,
        125.61148628306022,
        429.257955507138
    ],
    "xinf": -0.16050971256224034,
    "xsup": 0.08965419408276509,
    "yinf": -0.1250819533225026,
    "ysup": 0.12508195332250283,
    "loopnb": [
        3
    ],
    "Targets": [
        [
            0,
            1,
            2
        ]
    ],
    "SpaceRotsUn": [
        [
            [
                [
                    1.0,
                    0.0
                ],
                [
                    0.0,
                    1.0
                ]
            ],
            [
                [
                    1.0,
                    0.0
                ],
                [
                    0.0,
                    1.0
                ]
            ],
            [
                [
                    1.0,
                    0.0
                ],
                [
                    0.0,
                    1.0
                ]
            ]
        ]
    ],
    "TimeRevsUn": [
        [
            1,
            1,
            1
        ]
    ],
    "TimeShiftNumUn": [
        [
            0,
            1,
            2
        ]
    ],
    "TimeShiftDenUn": [
        [
            1,
            3,
            3
        ]
    ],
    "RequiresLoopDispUn": [
        [
            true,
            false,
            false
        ]
    ]
}