{
    "nbody": 3,
    "n_int": 98304,
    "mass": [
        1.0,
        1.0,
        1.0
    ],
    "nloop": 1,
    "Action": 79.30452622215171,
    "Grad_Action": 2.4770940637129735e-14,
    "Newton_Error": 1.8447754975304504e-14,
    "Min_Distance": 0.011826143138433354,
    "Max_PathLength": 3.9085700701981883,
    "Hash": [
        79.30452622215171,
        35.62182527102589,
        55.63236977759538,
        123.25620184914844,
        363.178093846172
    ],
    "xinf": -0.06136019802175363,
    "xsup": 0.061360198159190193,
    "yinf": -0.06136019809047194,
    "ysup": 0.061360198090471885,
    "loopnb": [
        3
    ],
    "Targets": [
        [
            0,
            1,
            2
        ]
    ],
    "SpaceRotsUn": [
        [
            [
                [
                    1.0,
                    0.0
                ],
                [
                    0.0,
                    1.0
                ]
            ],
            [
                [
                    1.0,
                    0.0
                ],
                [
                    0.0,
                    1.0
                ]
            ],
            [
                [
                    1.0,
                    0.0
                ],
                [
                    0.0,
                    1.0
                ]
            ]
        ]
    ],
    "TimeRevsUn": [
        [
            1,
            1,
            1
        ]
    ],
    "TimeShiftNumUn": [
        [
            0,
            1,
            2
        ]
    ],
    "TimeShiftDenUn": [
        [
            1,
            3,
            3
        ]
    ],
    "RequiresLoopDispUn": [
        [
            true,
            false,
            false
        ]
    ]
}