{
    "nbody": 3,
    "n_int": 3072,
    "mass": [
        1.0,
        1.0,
        1.0
    ],
    "nloop": 1,
    "Action": 39.70961352680439,
    "Grad_Action": 3.4633947177412995e-15,
    "Newton_Error": 7.760374662486477e-15,
    "Min_Distance": 0.0319436052062984,
    "Max_PathLength": 2.763890795077364,
    "Hash": [
        39.70961352680439,
        20.012679752154945,
        29.737181936004404,
        56.452817498926926,
        133.94092683932584
    ],
    "xinf": -0.1961242666000837,
    "xsup": 0.12383062288941621,
    "yinf": -0.1599774447447499,
    "ysup": 0.15997744474475,
    "loopnb": [
        3
    ],
    "Targets": [
        [
            0,
            1,
            2
        ]
    ],
    "SpaceRotsUn": [
        [
            [
                [
                    1.0,
                    0.0
                ],
                [
                    0.0,
                    1.0
                ]
            ],
            [
                [
                    1.0,
                    0.0
                ],
                [
                    0.0,
                    1.0
                ]
            ],
            [
                [
                    1.0,
                    0.0
                ],
                [
                    0.0,
                    1.0
                ]
            ]
        ]
    ],
    "TimeRevsUn": [
        [
            1,
            1,
            1
        ]
    ],
    "TimeShiftNumUn": [
        [
            0,
            1,
            2
        ]
    ],
    "TimeShiftDenUn": [
        [
            1,
            3,
            3
        ]
    ],
    "RequiresLoopDispUn": [
        [
            true,
            false,
            false
        ]
    ]
}