{
    "nbody": 3,
    "n_int": 49152,
    "mass": [
        1.0,
        1.0,
        1.0
    ],
    "nloop": 1,
    "Action": 81.49976967785796,
    "Grad_Action": 1.285938616108471e-14,
    "Newton_Error": 8.047920297963282e-14,
    "Min_Distance": 0.004567423018386809,
    "Max_PathLength": 3.940842728954506,
    "Hash": [
        81.49976967785794,
        36.40122528988533,
        56.88922456067163,
        127.86003152835397,
        389.0562185489521
    ],
    "xinf": -0.077774646440907,
    "xsup": 0.058608882843168245,
    "yinf": -0.0681917646420376,
    "ysup": 0.06819176464203763,
    "loopnb": [
        3
    ],
    "Targets": [
        [
            0,
            1,
            2
        ]
    ],
    "SpaceRotsUn": [
        [
            [
                [
                    1.0,
                    0.0
                ],
                [
                    0.0,
                    1.0
                ]
            ],
            [
                [
                    1.0,
                    0.0
                ],
                [
                    0.0,
                    1.0
                ]
            ],
            [
                [
                    1.0,
                    0.0
                ],
                [
                    0.0,
                    1.0
                ]
            ]
        ]
    ],
    "TimeRevsUn": [
        [
            1,
            1,
            1
        ]
    ],
    "TimeShiftNumUn": [
        [
            0,
            1,
            2
        ]
    ],
    "TimeShiftDenUn": [
        [
            1,
            3,
            3
        ]
    ],
    "RequiresLoopDispUn": [
        [
            true,
            false,
            false
        ]
    ]
}