{
    "nbody": 3,
    "n_int": 49152,
    "mass": [
        1.0,
        1.0,
        1.0
    ],
    "nloop": 1,
    "Action": 63.68115793324753,
    "Grad_Action": 4.050072165724848e-12,
    "Newton_Error": 1.216287139426342e-12,
    "Min_Distance": 0.01277480491946008,
    "Max_PathLength": 3.5122992985007215,
    "Hash": [
        63.68115793324753,
        29.54525420342619,
        45.54236726158367,
        96.42770038097262,
        267.77330311486867
    ],
    "xinf": -0.11876879722017505,
    "xsup": 0.07577290030552866,
    "yinf": -0.09727084876285194,
    "ysup": 0.09727084876285177,
    "loopnb": [
        3
    ],
    "Targets": [
        [
            0,
            1,
            2
        ]
    ],
    "SpaceRotsUn": [
        [
            [
                [
                    1.0,
                    0.0
                ],
                [
                    0.0,
                    1.0
                ]
            ],
            [
                [
                    1.0,
                    0.0
                ],
                [
                    0.0,
                    1.0
                ]
            ],
            [
                [
                    1.0,
                    0.0
                ],
                [
                    0.0,
                    1.0
                ]
            ]
        ]
    ],
    "TimeRevsUn": [
        [
            1,
            1,
            1
        ]
    ],
    "TimeShiftNumUn": [
        [
            0,
            1,
            2
        ]
    ],
    "TimeShiftDenUn": [
        [
            1,
            3,
            3
        ]
    ],
    "RequiresLoopDispUn": [
        [
            true,
            false,
            false
        ]
    ]
}