{
    "nbody": 3,
    "n_int": 49152,
    "mass": [
        1.0,
        1.0,
        1.0
    ],
    "nloop": 1,
    "Action": 86.19798990853036,
    "Grad_Action": 9.588883887453012e-14,
    "Newton_Error": 9.302052377185014e-14,
    "Min_Distance": 0.005181352231798235,
    "Max_PathLength": 3.797678636785145,
    "Hash": [
        86.19798990853036,
        37.73670293235956,
        58.83808651148779,
        141.68197592617483,
        504.96884365582
    ],
    "xinf": -0.14237525215040786,
    "xsup": 0.07897147701917823,
    "yinf": -0.11067336458479302,
    "ysup": 0.11067336458479307,
    "loopnb": [
        3
    ],
    "Targets": [
        [
            0,
            1,
            2
        ]
    ],
    "SpaceRotsUn": [
        [
            [
                [
                    1.0,
                    0.0
                ],
                [
                    0.0,
                    1.0
                ]
            ],
            [
                [
                    1.0,
                    0.0
                ],
                [
                    0.0,
                    1.0
                ]
            ],
            [
                [
                    1.0,
                    0.0
                ],
                [
                    0.0,
                    1.0
                ]
            ]
        ]
    ],
    "TimeRevsUn": [
        [
            1,
            1,
            1
        ]
    ],
    "TimeShiftNumUn": [
        [
            0,
            1,
            2
        ]
    ],
    "TimeShiftDenUn": [
        [
            1,
            3,
            3
        ]
    ],
    "RequiresLoopDispUn": [
        [
            true,
            false,
            false
        ]
    ]
}