{
    "nbody": 3,
    "n_int": 98304,
    "mass": [
        1.0,
        1.0,
        1.0
    ],
    "nloop": 1,
    "Action": 53.986713796776584,
    "Grad_Action": 1.0143546230101053e-14,
    "Newton_Error": 2.9365133651134526e-15,
    "Min_Distance": 0.021330100643341576,
    "Max_PathLength": 3.18227814655846,
    "Hash": [
        53.986713796776584,
        25.684619016702527,
        39.14982394137102,
        80.19511738994429,
        211.72355572509622
    ],
    "xinf": -0.12240536947616143,
    "xsup": 0.14239312261691583,
    "yinf": -0.13239924604653863,
    "ysup": 0.13239924604653863,
    "loopnb": [
        3
    ],
    "Targets": [
        [
            0,
            1,
            2
        ]
    ],
    "SpaceRotsUn": [
        [
            [
                [
                    1.0,
                    0.0
                ],
                [
                    0.0,
                    1.0
                ]
            ],
            [
                [
                    1.0,
                    0.0
                ],
                [
                    0.0,
                    1.0
                ]
            ],
            [
                [
                    1.0,
                    0.0
                ],
                [
                    0.0,
                    1.0
                ]
            ]
        ]
    ],
    "TimeRevsUn": [
        [
            1,
            1,
            1
        ]
    ],
    "TimeShiftNumUn": [
        [
            0,
            1,
            2
        ]
    ],
    "TimeShiftDenUn": [
        [
            1,
            3,
            3
        ]
    ],
    "RequiresLoopDispUn": [
        [
            true,
            false,
            false
        ]
    ]
}