{
    "nbody": 3,
    "n_int": 196608,
    "mass": [
        1.0,
        1.0,
        1.0
    ],
    "nloop": 1,
    "Action": 81.83939950303672,
    "Grad_Action": 4.0274978603245874e-14,
    "Newton_Error": 6.777554499758552e-14,
    "Min_Distance": 0.0030549632547620005,
    "Max_PathLength": 3.7558304470166783,
    "Hash": [
        81.8393995030367,
        36.265931252702366,
        56.464806657556025,
        132.17601473981938,
        453.1407596118817
    ],
    "xinf": -0.10634722577395686,
    "xsup": 0.061918182594361465,
    "yinf": -0.08413270418415918,
    "ysup": 0.08413270418415915,
    "loopnb": [
        3
    ],
    "Targets": [
        [
            0,
            1,
            2
        ]
    ],
    "SpaceRotsUn": [
        [
            [
                [
                    1.0,
                    0.0
                ],
                [
                    0.0,
                    1.0
                ]
            ],
            [
                [
                    1.0,
                    0.0
                ],
                [
                    0.0,
                    1.0
                ]
            ],
            [
                [
                    1.0,
                    0.0
                ],
                [
                    0.0,
                    1.0
                ]
            ]
        ]
    ],
    "TimeRevsUn": [
        [
            1,
            1,
            1
        ]
    ],
    "TimeShiftNumUn": [
        [
            0,
            1,
            2
        ]
    ],
    "TimeShiftDenUn": [
        [
            1,
            3,
            3
        ]
    ],
    "RequiresLoopDispUn": [
        [
            true,
            false,
            false
        ]
    ]
}