{
    "nbody": 3,
    "n_int": 49152,
    "mass": [
        1.0,
        1.0,
        1.0
    ],
    "nloop": 1,
    "Action": 78.30518485418882,
    "Grad_Action": 9.073489704566084e-14,
    "Newton_Error": 3.429327926039674e-12,
    "Min_Distance": 0.0042381550667571835,
    "Max_PathLength": 3.645071732246431,
    "Hash": [
        78.30518485418882,
        34.80927527165294,
        54.02889124733426,
        126.7651178430913,
        438.92956848785417
    ],
    "xinf": -0.1364273182467837,
    "xsup": 0.07717642714265066,
    "yinf": -0.10680187269471714,
    "ysup": 0.10680187269471722,
    "loopnb": [
        3
    ],
    "Targets": [
        [
            0,
            1,
            2
        ]
    ],
    "SpaceRotsUn": [
        [
            [
                [
                    1.0,
                    0.0
                ],
                [
                    0.0,
                    1.0
                ]
            ],
            [
                [
                    1.0,
                    0.0
                ],
                [
                    0.0,
                    1.0
                ]
            ],
            [
                [
                    1.0,
                    0.0
                ],
                [
                    0.0,
                    1.0
                ]
            ]
        ]
    ],
    "TimeRevsUn": [
        [
            1,
            1,
            1
        ]
    ],
    "TimeShiftNumUn": [
        [
            0,
            1,
            2
        ]
    ],
    "TimeShiftDenUn": [
        [
            1,
            3,
            3
        ]
    ],
    "RequiresLoopDispUn": [
        [
            true,
            false,
            false
        ]
    ]
}