{
    "nbody": 3,
    "n_int": 12288,
    "mass": [
        1.0,
        1.0,
        1.0
    ],
    "nloop": 1,
    "Action": 87.80488160855502,
    "Grad_Action": 2.564930276883306e-14,
    "Newton_Error": 6.07600343353594e-14,
    "Min_Distance": 0.010902621004175564,
    "Max_PathLength": 4.135367747396836,
    "Hash": [
        87.80488160855502,
        38.65639135077959,
        60.55759525355723,
        140.55841086516082,
        450.49394645339527
    ],
    "xinf": -0.07055293640225135,
    "xsup": 0.08874282813878603,
    "yinf": -0.0796478822705187,
    "ysup": 0.0796478822705187,
    "loopnb": [
        3
    ],
    "Targets": [
        [
            0,
            1,
            2
        ]
    ],
    "SpaceRotsUn": [
        [
            [
                [
                    1.0,
                    0.0
                ],
                [
                    0.0,
                    1.0
                ]
            ],
            [
                [
                    1.0,
                    0.0
                ],
                [
                    0.0,
                    1.0
                ]
            ],
            [
                [
                    1.0,
                    0.0
                ],
                [
                    0.0,
                    1.0
                ]
            ]
        ]
    ],
    "TimeRevsUn": [
        [
            1,
            1,
            1
        ]
    ],
    "TimeShiftNumUn": [
        [
            0,
            1,
            2
        ]
    ],
    "TimeShiftDenUn": [
        [
            1,
            3,
            3
        ]
    ],
    "RequiresLoopDispUn": [
        [
            true,
            false,
            false
        ]
    ]
}