{
    "nbody": 3,
    "n_int": 98304,
    "mass": [
        1.0,
        1.0,
        1.0
    ],
    "nloop": 1,
    "Action": 88.6193846350212,
    "Grad_Action": 3.185641221251184e-14,
    "Newton_Error": 1.881150222455276e-14,
    "Min_Distance": 0.007028965556613582,
    "Max_PathLength": 4.08210971197577,
    "Hash": [
        88.6193846350212,
        38.992233198522044,
        61.10265344305111,
        142.02835851707457,
        459.69366257503737
    ],
    "xinf": -0.08691375485585028,
    "xsup": 0.0727354761056049,
    "yinf": -0.07982461548072756,
    "ysup": 0.07982461548072761,
    "loopnb": [
        3
    ],
    "Targets": [
        [
            0,
            1,
            2
        ]
    ],
    "SpaceRotsUn": [
        [
            [
                [
                    1.0,
                    0.0
                ],
                [
                    0.0,
                    1.0
                ]
            ],
            [
                [
                    1.0,
                    0.0
                ],
                [
                    0.0,
                    1.0
                ]
            ],
            [
                [
                    1.0,
                    0.0
                ],
                [
                    0.0,
                    1.0
                ]
            ]
        ]
    ],
    "TimeRevsUn": [
        [
            1,
            1,
            1
        ]
    ],
    "TimeShiftNumUn": [
        [
            0,
            1,
            2
        ]
    ],
    "TimeShiftDenUn": [
        [
            1,
            3,
            3
        ]
    ],
    "RequiresLoopDispUn": [
        [
            true,
            false,
            false
        ]
    ]
}