{
    "nbody": 3,
    "n_int": 49152,
    "mass": [
        1.0,
        1.0,
        1.0
    ],
    "nloop": 1,
    "Action": 78.37024290284693,
    "Grad_Action": 1.1328690257808857e-14,
    "Newton_Error": 1.478036372924008e-14,
    "Min_Distance": 0.008356897664397032,
    "Max_PathLength": 3.8822787438887874,
    "Hash": [
        78.37024290284693,
        35.185405988811986,
        54.868822893684985,
        122.46879050546043,
        369.0212783561692
    ],
    "xinf": -0.08043965031785108,
    "xsup": 0.07803298971690126,
    "yinf": -0.07923632001737636,
    "ysup": 0.07923632001737597,
    "loopnb": [
        3
    ],
    "Targets": [
        [
            0,
            1,
            2
        ]
    ],
    "SpaceRotsUn": [
        [
            [
                [
                    1.0,
                    0.0
                ],
                [
                    0.0,
                    1.0
                ]
            ],
            [
                [
                    1.0,
                    0.0
                ],
                [
                    0.0,
                    1.0
                ]
            ],
            [
                [
                    1.0,
                    0.0
                ],
                [
                    0.0,
                    1.0
                ]
            ]
        ]
    ],
    "TimeRevsUn": [
        [
            1,
            1,
            1
        ]
    ],
    "TimeShiftNumUn": [
        [
            0,
            1,
            2
        ]
    ],
    "TimeShiftDenUn": [
        [
            1,
            3,
            3
        ]
    ],
    "RequiresLoopDispUn": [
        [
            true,
            false,
            false
        ]
    ]
}