{
    "nbody": 3,
    "n_int": 12288,
    "mass": [
        1.0,
        1.0,
        1.0
    ],
    "nloop": 1,
    "Action": 87.52516590913838,
    "Grad_Action": 2.6240604810461225e-14,
    "Newton_Error": 7.493223049111338e-14,
    "Min_Distance": 0.011625171695801476,
    "Max_PathLength": 4.135005066782213,
    "Hash": [
        87.52516590913837,
        38.53714322363594,
        60.35714491158024,
        140.1717321943851,
        450.12393000276325
    ],
    "xinf": -0.08690073592396876,
    "xsup": 0.09302469885641255,
    "yinf": -0.08996271739019077,
    "ysup": 0.08996271739019054,
    "loopnb": [
        3
    ],
    "Targets": [
        [
            0,
            1,
            2
        ]
    ],
    "SpaceRotsUn": [
        [
            [
                [
                    1.0,
                    0.0
                ],
                [
                    0.0,
                    1.0
                ]
            ],
            [
                [
                    1.0,
                    0.0
                ],
                [
                    0.0,
                    1.0
                ]
            ],
            [
                [
                    1.0,
                    0.0
                ],
                [
                    0.0,
                    1.0
                ]
            ]
        ]
    ],
    "TimeRevsUn": [
        [
            1,
            1,
            1
        ]
    ],
    "TimeShiftNumUn": [
        [
            0,
            1,
            2
        ]
    ],
    "TimeShiftDenUn": [
        [
            1,
            3,
            3
        ]
    ],
    "RequiresLoopDispUn": [
        [
            true,
            false,
            false
        ]
    ]
}