{
    "nbody": 3,
    "n_int": 24576,
    "mass": [
        1.0,
        1.0,
        1.0
    ],
    "nloop": 1,
    "Action": 88.70540475577606,
    "Grad_Action": 2.193001287430083e-14,
    "Newton_Error": 8.243419163934733e-14,
    "Min_Distance": 0.008793740047863426,
    "Max_PathLength": 4.156990504808031,
    "Hash": [
        88.70540475577606,
        39.07571369480551,
        61.28086873760875,
        141.4503899053763,
        448.0202956914841
    ],
    "xinf": -0.07068433537403328,
    "xsup": 0.06977200750346392,
    "yinf": -0.07022817143874865,
    "ysup": 0.07022817143874854,
    "loopnb": [
        3
    ],
    "Targets": [
        [
            0,
            1,
            2
        ]
    ],
    "SpaceRotsUn": [
        [
            [
                [
                    1.0,
                    0.0
                ],
                [
                    0.0,
                    1.0
                ]
            ],
            [
                [
                    1.0,
                    0.0
                ],
                [
                    0.0,
                    1.0
                ]
            ],
            [
                [
                    1.0,
                    0.0
                ],
                [
                    0.0,
                    1.0
                ]
            ]
        ]
    ],
    "TimeRevsUn": [
        [
            1,
            1,
            1
        ]
    ],
    "TimeShiftNumUn": [
        [
            0,
            1,
            2
        ]
    ],
    "TimeShiftDenUn": [
        [
            1,
            3,
            3
        ]
    ],
    "RequiresLoopDispUn": [
        [
            true,
            false,
            false
        ]
    ]
}