{
    "nbody": 3,
    "n_int": 49152,
    "mass": [
        1.0,
        1.0,
        1.0
    ],
    "nloop": 1,
    "Action": 87.29828374303145,
    "Grad_Action": 5.746638704077517e-15,
    "Newton_Error": 6.9585827895559445e-15,
    "Min_Distance": 0.010625179333665847,
    "Max_PathLength": 4.1413544798518185,
    "Hash": [
        87.29828374303145,
        38.649843380278064,
        60.6462161941857,
        137.59261343836428,
        418.4545629017791
    ],
    "xinf": -0.05568840498840427,
    "xsup": 0.06082667831357594,
    "yinf": -0.05825754165099002,
    "ysup": 0.05825754165099019,
    "loopnb": [
        3
    ],
    "Targets": [
        [
            0,
            1,
            2
        ]
    ],
    "SpaceRotsUn": [
        [
            [
                [
                    1.0,
                    0.0
                ],
                [
                    0.0,
                    1.0
                ]
            ],
            [
                [
                    1.0,
                    0.0
                ],
                [
                    0.0,
                    1.0
                ]
            ],
            [
                [
                    1.0,
                    0.0
                ],
                [
                    0.0,
                    1.0
                ]
            ]
        ]
    ],
    "TimeRevsUn": [
        [
            1,
            1,
            1
        ]
    ],
    "TimeShiftNumUn": [
        [
            0,
            1,
            2
        ]
    ],
    "TimeShiftDenUn": [
        [
            1,
            3,
            3
        ]
    ],
    "RequiresLoopDispUn": [
        [
            true,
            false,
            false
        ]
    ]
}