{
    "nbody": 3,
    "n_int": 12288,
    "mass": [
        1.0,
        1.0,
        1.0
    ],
    "nloop": 1,
    "Action": 44.26479665141968,
    "Grad_Action": 4.713336915977993e-15,
    "Newton_Error": 9.41814198896362e-15,
    "Min_Distance": 0.016147317648452942,
    "Max_PathLength": 2.8914284948598596,
    "Hash": [
        44.26479665141968,
        21.96530837954068,
        32.946695739908556,
        63.37334126177129,
        153.58267625496129
    ],
    "xinf": -0.11838230430899853,
    "xsup": 0.10682173287236581,
    "yinf": -0.11260201859068221,
    "ysup": 0.11260201859068213,
    "loopnb": [
        3
    ],
    "Targets": [
        [
            0,
            1,
            2
        ]
    ],
    "SpaceRotsUn": [
        [
            [
                [
                    1.0,
                    0.0
                ],
                [
                    0.0,
                    1.0
                ]
            ],
            [
                [
                    1.0,
                    0.0
                ],
                [
                    0.0,
                    1.0
                ]
            ],
            [
                [
                    1.0,
                    0.0
                ],
                [
                    0.0,
                    1.0
                ]
            ]
        ]
    ],
    "TimeRevsUn": [
        [
            1,
            1,
            1
        ]
    ],
    "TimeShiftNumUn": [
        [
            0,
            1,
            2
        ]
    ],
    "TimeShiftDenUn": [
        [
            1,
            3,
            3
        ]
    ],
    "RequiresLoopDispUn": [
        [
            true,
            false,
            false
        ]
    ]
}