{
    "nbody": 3,
    "n_int": 12288,
    "mass": [
        1.0,
        1.0,
        1.0
    ],
    "nloop": 1,
    "Action": 67.96031912287367,
    "Grad_Action": 3.0242338304275005e-14,
    "Newton_Error": 5.2275953281748244e-14,
    "Min_Distance": 0.012287567497997805,
    "Max_PathLength": 3.523615202780793,
    "Hash": [
        67.96031912287367,
        30.94242854527705,
        47.766653456240256,
        106.32582034524833,
        327.4152644656826
    ],
    "xinf": -0.08703623922628352,
    "xsup": 0.12314011293714287,
    "yinf": -0.10508817608171303,
    "ysup": 0.10508817608171336,
    "loopnb": [
        3
    ],
    "Targets": [
        [
            0,
            1,
            2
        ]
    ],
    "SpaceRotsUn": [
        [
            [
                [
                    1.0,
                    0.0
                ],
                [
                    0.0,
                    1.0
                ]
            ],
            [
                [
                    1.0,
                    0.0
                ],
                [
                    0.0,
                    1.0
                ]
            ],
            [
                [
                    1.0,
                    0.0
                ],
                [
                    0.0,
                    1.0
                ]
            ]
        ]
    ],
    "TimeRevsUn": [
        [
            1,
            1,
            1
        ]
    ],
    "TimeShiftNumUn": [
        [
            0,
            1,
            2
        ]
    ],
    "TimeShiftDenUn": [
        [
            1,
            3,
            3
        ]
    ],
    "RequiresLoopDispUn": [
        [
            true,
            false,
            false
        ]
    ]
}