{
    "nbody": 3,
    "n_int": 49152,
    "mass": [
        1.0,
        1.0,
        1.0
    ],
    "nloop": 1,
    "Action": 86.6773780261606,
    "Grad_Action": 7.265841928138033e-14,
    "Newton_Error": 3.687219124534058e-14,
    "Min_Distance": 0.0070625734745747085,
    "Max_PathLength": 4.012015237696712,
    "Hash": [
        86.6773780261606,
        38.06253556066031,
        59.48050105234309,
        140.50535482920316,
        472.62291346239965
    ],
    "xinf": -0.11336691121523079,
    "xsup": 0.06885616599182048,
    "yinf": -0.09111153860352562,
    "ysup": 0.09111153860352565,
    "loopnb": [
        3
    ],
    "Targets": [
        [
            0,
            1,
            2
        ]
    ],
    "SpaceRotsUn": [
        [
            [
                [
                    1.0,
                    0.0
                ],
                [
                    0.0,
                    1.0
                ]
            ],
            [
                [
                    1.0,
                    0.0
                ],
                [
                    0.0,
                    1.0
                ]
            ],
            [
                [
                    1.0,
                    0.0
                ],
                [
                    0.0,
                    1.0
                ]
            ]
        ]
    ],
    "TimeRevsUn": [
        [
            1,
            1,
            1
        ]
    ],
    "TimeShiftNumUn": [
        [
            0,
            1,
            2
        ]
    ],
    "TimeShiftDenUn": [
        [
            1,
            3,
            3
        ]
    ],
    "RequiresLoopDispUn": [
        [
            true,
            false,
            false
        ]
    ]
}