{
    "nbody": 3,
    "n_int": 12288,
    "mass": [
        1.0,
        1.0,
        1.0
    ],
    "nloop": 1,
    "Action": 74.3934616398461,
    "Grad_Action": 2.4764598277159222e-14,
    "Newton_Error": 6.742623628579421e-14,
    "Min_Distance": 0.011351085520257057,
    "Max_PathLength": 3.6085330384968253,
    "Hash": [
        74.3934616398461,
        33.151239981585505,
        51.36655338178954,
        119.82071202811706,
        396.52476826357247
    ],
    "xinf": -0.12857954014942996,
    "xsup": 0.15462006440973675,
    "yinf": -0.1415998022795833,
    "ysup": 0.1415998022795834,
    "loopnb": [
        3
    ],
    "Targets": [
        [
            0,
            1,
            2
        ]
    ],
    "SpaceRotsUn": [
        [
            [
                [
                    1.0,
                    0.0
                ],
                [
                    0.0,
                    1.0
                ]
            ],
            [
                [
                    1.0,
                    0.0
                ],
                [
                    0.0,
                    1.0
                ]
            ],
            [
                [
                    1.0,
                    0.0
                ],
                [
                    0.0,
                    1.0
                ]
            ]
        ]
    ],
    "TimeRevsUn": [
        [
            1,
            1,
            1
        ]
    ],
    "TimeShiftNumUn": [
        [
            0,
            1,
            2
        ]
    ],
    "TimeShiftDenUn": [
        [
            1,
            3,
            3
        ]
    ],
    "RequiresLoopDispUn": [
        [
            true,
            false,
            false
        ]
    ]
}