{
    "nbody": 3,
    "n_int": 12288,
    "mass": [
        1.0,
        1.0,
        1.0
    ],
    "nloop": 1,
    "Action": 69.72760051783126,
    "Grad_Action": 3.0447039941386185e-14,
    "Newton_Error": 9.766564136335374e-14,
    "Min_Distance": 0.012733612993818715,
    "Max_PathLength": 3.517986716287884,
    "Hash": [
        69.72760051783126,
        31.459030003705728,
        48.61644523122166,
        110.48395710492314,
        349.5366040092032
    ],
    "xinf": -0.12785150950615182,
    "xsup": 0.1524595956892812,
    "yinf": -0.14015555259771645,
    "ysup": 0.14015555259771656,
    "loopnb": [
        3
    ],
    "Targets": [
        [
            0,
            1,
            2
        ]
    ],
    "SpaceRotsUn": [
        [
            [
                [
                    1.0,
                    0.0
                ],
                [
                    0.0,
                    1.0
                ]
            ],
            [
                [
                    1.0,
                    0.0
                ],
                [
                    0.0,
                    1.0
                ]
            ],
            [
                [
                    1.0,
                    0.0
                ],
                [
                    0.0,
                    1.0
                ]
            ]
        ]
    ],
    "TimeRevsUn": [
        [
            1,
            1,
            1
        ]
    ],
    "TimeShiftNumUn": [
        [
            0,
            1,
            2
        ]
    ],
    "TimeShiftDenUn": [
        [
            1,
            3,
            3
        ]
    ],
    "RequiresLoopDispUn": [
        [
            true,
            false,
            false
        ]
    ]
}