{
    "nbody": 3,
    "n_int": 3072,
    "mass": [
        1.0,
        1.0,
        1.0
    ],
    "nloop": 1,
    "Action": 60.231313486158285,
    "Grad_Action": 7.661142480975875e-15,
    "Newton_Error": 9.6962005221787e-15,
    "Min_Distance": 0.036130076315423615,
    "Max_PathLength": 3.4663711751254276,
    "Hash": [
        60.231313486158285,
        28.151870917687145,
        43.25046099284909,
        90.6071460567964,
        245.4703019924759
    ],
    "xinf": -0.12279826445455544,
    "xsup": 0.12279826398328911,
    "yinf": -0.12279826421892227,
    "ysup": 0.12279826421892227,
    "loopnb": [
        3
    ],
    "Targets": [
        [
            0,
            1,
            2
        ]
    ],
    "SpaceRotsUn": [
        [
            [
                [
                    1.0,
                    0.0
                ],
                [
                    0.0,
                    1.0
                ]
            ],
            [
                [
                    1.0,
                    0.0
                ],
                [
                    0.0,
                    1.0
                ]
            ],
            [
                [
                    1.0,
                    0.0
                ],
                [
                    0.0,
                    1.0
                ]
            ]
        ]
    ],
    "TimeRevsUn": [
        [
            1,
            1,
            1
        ]
    ],
    "TimeShiftNumUn": [
        [
            0,
            1,
            2
        ]
    ],
    "TimeShiftDenUn": [
        [
            1,
            3,
            3
        ]
    ],
    "RequiresLoopDispUn": [
        [
            true,
            false,
            false
        ]
    ]
}