{
    "nbody": 3,
    "n_int": 49152,
    "mass": [
        1.0,
        1.0,
        1.0
    ],
    "nloop": 1,
    "Action": 81.88976321537828,
    "Grad_Action": 4.872105189067433e-14,
    "Newton_Error": 1.6264627997103758e-13,
    "Min_Distance": 0.004500410517398663,
    "Max_PathLength": 3.701215595161469,
    "Hash": [
        81.88976321537828,
        35.99847096455448,
        55.94761730118404,
        134.77932610357502,
        486.2506411538481
    ],
    "xinf": -0.16920253015443937,
    "xsup": 0.09289135423258758,
    "yinf": -0.13104694219351326,
    "ysup": 0.1310469421935137,
    "loopnb": [
        3
    ],
    "Targets": [
        [
            0,
            1,
            2
        ]
    ],
    "SpaceRotsUn": [
        [
            [
                [
                    1.0,
                    0.0
                ],
                [
                    0.0,
                    1.0
                ]
            ],
            [
                [
                    1.0,
                    0.0
                ],
                [
                    0.0,
                    1.0
                ]
            ],
            [
                [
                    1.0,
                    0.0
                ],
                [
                    0.0,
                    1.0
                ]
            ]
        ]
    ],
    "TimeRevsUn": [
        [
            1,
            1,
            1
        ]
    ],
    "TimeShiftNumUn": [
        [
            0,
            1,
            2
        ]
    ],
    "TimeShiftDenUn": [
        [
            1,
            3,
            3
        ]
    ],
    "RequiresLoopDispUn": [
        [
            true,
            false,
            false
        ]
    ]
}