{
    "nbody": 3,
    "n_int": 98304,
    "mass": [
        1.0,
        1.0,
        1.0
    ],
    "nloop": 1,
    "Action": 78.16519332461986,
    "Grad_Action": 1.9013076411963206e-14,
    "Newton_Error": 4.239960829601124e-14,
    "Min_Distance": 0.0040827998012534445,
    "Max_PathLength": 3.7500637871037967,
    "Hash": [
        78.16519332461986,
        35.03147660793103,
        54.53782489415738,
        123.40174354142381,
        391.4600344145513
    ],
    "xinf": -0.09618871152319199,
    "xsup": 0.07861199377381504,
    "yinf": -0.08740035264850358,
    "ysup": 0.08740035264850345,
    "loopnb": [
        3
    ],
    "Targets": [
        [
            0,
            1,
            2
        ]
    ],
    "SpaceRotsUn": [
        [
            [
                [
                    1.0,
                    0.0
                ],
                [
                    0.0,
                    1.0
                ]
            ],
            [
                [
                    1.0,
                    0.0
                ],
                [
                    0.0,
                    1.0
                ]
            ],
            [
                [
                    1.0,
                    0.0
                ],
                [
                    0.0,
                    1.0
                ]
            ]
        ]
    ],
    "TimeRevsUn": [
        [
            1,
            1,
            1
        ]
    ],
    "TimeShiftNumUn": [
        [
            0,
            1,
            2
        ]
    ],
    "TimeShiftDenUn": [
        [
            1,
            3,
            3
        ]
    ],
    "RequiresLoopDispUn": [
        [
            true,
            false,
            false
        ]
    ]
}