{
    "nbody": 3,
    "n_int": 12288,
    "mass": [
        1.0,
        1.0,
        1.0
    ],
    "nloop": 1,
    "Action": 87.50107725753435,
    "Grad_Action": 9.1007040312417e-14,
    "Newton_Error": 3.38335558403014e-13,
    "Min_Distance": 0.013246867135923697,
    "Max_PathLength": 4.142713149964927,
    "Hash": [
        87.50107725753435,
        38.544894825705896,
        60.37507585834454,
        139.97754193006486,
        448.02177023268837
    ],
    "xinf": -0.07926646787369901,
    "xsup": 0.09216367264251463,
    "yinf": -0.08571507025810682,
    "ysup": 0.08571507025810682,
    "loopnb": [
        3
    ],
    "Targets": [
        [
            0,
            1,
            2
        ]
    ],
    "SpaceRotsUn": [
        [
            [
                [
                    1.0,
                    0.0
                ],
                [
                    0.0,
                    1.0
                ]
            ],
            [
                [
                    1.0,
                    0.0
                ],
                [
                    0.0,
                    1.0
                ]
            ],
            [
                [
                    1.0,
                    0.0
                ],
                [
                    0.0,
                    1.0
                ]
            ]
        ]
    ],
    "TimeRevsUn": [
        [
            1,
            1,
            1
        ]
    ],
    "TimeShiftNumUn": [
        [
            0,
            1,
            2
        ]
    ],
    "TimeShiftDenUn": [
        [
            1,
            3,
            3
        ]
    ],
    "RequiresLoopDispUn": [
        [
            true,
            false,
            false
        ]
    ]
}