{
    "nbody": 3,
    "n_int": 6144,
    "mass": [
        1.0,
        1.0,
        1.0
    ],
    "nloop": 1,
    "Action": 79.32831410346014,
    "Grad_Action": 3.1882934389410515e-14,
    "Newton_Error": 7.838486417220544e-14,
    "Min_Distance": 0.017191123867699894,
    "Max_PathLength": 3.8810463363054066,
    "Hash": [
        79.32831410346014,
        35.107754986931454,
        54.61909884473445,
        127.97411030642986,
        421.5368436203955
    ],
    "xinf": -0.1474593760146804,
    "xsup": 0.12074445805655426,
    "yinf": -0.13410191703561736,
    "ysup": 0.1341019170356173,
    "loopnb": [
        3
    ],
    "Targets": [
        [
            0,
            1,
            2
        ]
    ],
    "SpaceRotsUn": [
        [
            [
                [
                    1.0,
                    0.0
                ],
                [
                    0.0,
                    1.0
                ]
            ],
            [
                [
                    1.0,
                    0.0
                ],
                [
                    0.0,
                    1.0
                ]
            ],
            [
                [
                    1.0,
                    0.0
                ],
                [
                    0.0,
                    1.0
                ]
            ]
        ]
    ],
    "TimeRevsUn": [
        [
            1,
            1,
            1
        ]
    ],
    "TimeShiftNumUn": [
        [
            0,
            1,
            2
        ]
    ],
    "TimeShiftDenUn": [
        [
            1,
            3,
            3
        ]
    ],
    "RequiresLoopDispUn": [
        [
            true,
            false,
            false
        ]
    ]
}