{
    "nbody": 3,
    "n_int": 12288,
    "mass": [
        1.0,
        1.0,
        1.0
    ],
    "nloop": 1,
    "Action": 58.226825537422606,
    "Grad_Action": 8.337938312739196e-14,
    "Newton_Error": 5.879769956476219e-14,
    "Min_Distance": 0.023569546856018798,
    "Max_PathLength": 3.424152775097652,
    "Hash": [
        58.226825537422606,
        27.55847105325257,
        42.28318125016952,
        85.86021582166885,
        219.30356380542207
    ],
    "xinf": -0.09368094281598036,
    "xsup": 0.0688229716506071,
    "yinf": -0.08125195723329373,
    "ysup": 0.08125195723329373,
    "loopnb": [
        3
    ],
    "Targets": [
        [
            0,
            1,
            2
        ]
    ],
    "SpaceRotsUn": [
        [
            [
                [
                    1.0,
                    0.0
                ],
                [
                    0.0,
                    1.0
                ]
            ],
            [
                [
                    1.0,
                    0.0
                ],
                [
                    0.0,
                    1.0
                ]
            ],
            [
                [
                    1.0,
                    0.0
                ],
                [
                    0.0,
                    1.0
                ]
            ]
        ]
    ],
    "TimeRevsUn": [
        [
            1,
            1,
            1
        ]
    ],
    "TimeShiftNumUn": [
        [
            0,
            1,
            2
        ]
    ],
    "TimeShiftDenUn": [
        [
            1,
            3,
            3
        ]
    ],
    "RequiresLoopDispUn": [
        [
            true,
            false,
            false
        ]
    ]
}