{
    "nbody": 3,
    "n_int": 196608,
    "mass": [
        1.0,
        1.0,
        1.0
    ],
    "nloop": 1,
    "Action": 90.18911866071423,
    "Grad_Action": 1.8139963148885546e-08,
    "Newton_Error": 9.267164841350902e-09,
    "Min_Distance": 0.004206896636143434,
    "Max_PathLength": 4.072952193487529,
    "Hash": [
        90.18911866071423,
        39.497390608603524,
        61.86546511091251,
        146.2293097154994,
        496.1746462908497
    ],
    "xinf": -0.11104716035422416,
    "xsup": 0.0630839117208086,
    "yinf": -0.08706553603751628,
    "ysup": 0.08706553603751647,
    "loopnb": [
        3
    ],
    "Targets": [
        [
            0,
            1,
            2
        ]
    ],
    "SpaceRotsUn": [
        [
            [
                [
                    1.0,
                    0.0
                ],
                [
                    0.0,
                    1.0
                ]
            ],
            [
                [
                    1.0,
                    0.0
                ],
                [
                    0.0,
                    1.0
                ]
            ],
            [
                [
                    1.0,
                    0.0
                ],
                [
                    0.0,
                    1.0
                ]
            ]
        ]
    ],
    "TimeRevsUn": [
        [
            1,
            1,
            1
        ]
    ],
    "TimeShiftNumUn": [
        [
            0,
            1,
            2
        ]
    ],
    "TimeShiftDenUn": [
        [
            1,
            3,
            3
        ]
    ],
    "RequiresLoopDispUn": [
        [
            true,
            false,
            false
        ]
    ]
}