{
    "nbody": 3,
    "n_int": 49152,
    "mass": [
        1.0,
        1.0,
        1.0
    ],
    "nloop": 1,
    "Action": 62.941956890080434,
    "Grad_Action": 3.8190853686078716e-11,
    "Newton_Error": 8.689487199551208e-12,
    "Min_Distance": 0.01170428232808458,
    "Max_PathLength": 3.3877572376882563,
    "Hash": [
        62.941956890080434,
        29.09376011459285,
        44.72956269067254,
        96.77156762098811,
        284.90458878200144
    ],
    "xinf": -0.0873018282344778,
    "xsup": 0.11782683610640393,
    "yinf": -0.10256433217044084,
    "ysup": 0.10256433217044089,
    "loopnb": [
        3
    ],
    "Targets": [
        [
            0,
            1,
            2
        ]
    ],
    "SpaceRotsUn": [
        [
            [
                [
                    1.0,
                    0.0
                ],
                [
                    0.0,
                    1.0
                ]
            ],
            [
                [
                    1.0,
                    0.0
                ],
                [
                    0.0,
                    1.0
                ]
            ],
            [
                [
                    1.0,
                    0.0
                ],
                [
                    0.0,
                    1.0
                ]
            ]
        ]
    ],
    "TimeRevsUn": [
        [
            1,
            1,
            1
        ]
    ],
    "TimeShiftNumUn": [
        [
            0,
            1,
            2
        ]
    ],
    "TimeShiftDenUn": [
        [
            1,
            3,
            3
        ]
    ],
    "RequiresLoopDispUn": [
        [
            true,
            false,
            false
        ]
    ]
}