{
    "nbody": 3,
    "n_int": 12288,
    "mass": [
        1.0,
        1.0,
        1.0
    ],
    "nloop": 1,
    "Action": 45.70423556709003,
    "Grad_Action": 1.5618412216395394e-14,
    "Newton_Error": 1.386182035859409e-14,
    "Min_Distance": 0.016215079815939344,
    "Max_PathLength": 2.913122696008263,
    "Hash": [
        45.70423556709004,
        22.306319907117025,
        33.518118685000076,
        67.22143919201675,
        177.11146680598446
    ],
    "xinf": -0.1987122133153113,
    "xsup": 0.11861384327848723,
    "yinf": -0.15866302829689927,
    "ysup": 0.15866302829689927,
    "loopnb": [
        3
    ],
    "Targets": [
        [
            0,
            1,
            2
        ]
    ],
    "SpaceRotsUn": [
        [
            [
                [
                    1.0,
                    0.0
                ],
                [
                    0.0,
                    1.0
                ]
            ],
            [
                [
                    1.0,
                    0.0
                ],
                [
                    0.0,
                    1.0
                ]
            ],
            [
                [
                    1.0,
                    0.0
                ],
                [
                    0.0,
                    1.0
                ]
            ]
        ]
    ],
    "TimeRevsUn": [
        [
            1,
            1,
            1
        ]
    ],
    "TimeShiftNumUn": [
        [
            0,
            1,
            2
        ]
    ],
    "TimeShiftDenUn": [
        [
            1,
            3,
            3
        ]
    ],
    "RequiresLoopDispUn": [
        [
            true,
            false,
            false
        ]
    ]
}