{
    "nbody": 3,
    "n_int": 24576,
    "mass": [
        1.0,
        1.0,
        1.0
    ],
    "nloop": 1,
    "Action": 84.0407449806455,
    "Grad_Action": 6.594002585796239e-14,
    "Newton_Error": 4.903736240719325e-14,
    "Min_Distance": 0.009170184342902711,
    "Max_PathLength": 4.023286608062366,
    "Hash": [
        84.04074498064548,
        37.36188406396091,
        58.471222715749796,
        132.50286378553233,
        407.850158717814
    ],
    "xinf": -0.06611681739591758,
    "xsup": 0.06137055502666401,
    "yinf": -0.06374368621129081,
    "ysup": 0.06374368621129078,
    "loopnb": [
        3
    ],
    "Targets": [
        [
            0,
            1,
            2
        ]
    ],
    "SpaceRotsUn": [
        [
            [
                [
                    1.0,
                    0.0
                ],
                [
                    0.0,
                    1.0
                ]
            ],
            [
                [
                    1.0,
                    0.0
                ],
                [
                    0.0,
                    1.0
                ]
            ],
            [
                [
                    1.0,
                    0.0
                ],
                [
                    0.0,
                    1.0
                ]
            ]
        ]
    ],
    "TimeRevsUn": [
        [
            1,
            1,
            1
        ]
    ],
    "TimeShiftNumUn": [
        [
            0,
            1,
            2
        ]
    ],
    "TimeShiftDenUn": [
        [
            1,
            3,
            3
        ]
    ],
    "RequiresLoopDispUn": [
        [
            true,
            false,
            false
        ]
    ]
}