{
    "nbody": 3,
    "n_int": 3072,
    "mass": [
        1.0,
        1.0,
        1.0
    ],
    "nloop": 1,
    "Action": 67.65495490315804,
    "Grad_Action": 3.125098872144918e-15,
    "Newton_Error": 1.043189162388362e-13,
    "Min_Distance": 0.02549162958364136,
    "Max_PathLength": 3.70187087677857,
    "Hash": [
        67.65495490315804,
        31.25889775884671,
        48.443556629699984,
        101.6930580822646,
        271.87006483658513
    ],
    "xinf": -0.05849151065521593,
    "xsup": 0.060241472479531814,
    "yinf": -0.059366491567373794,
    "ysup": 0.05936649156737395,
    "loopnb": [
        3
    ],
    "Targets": [
        [
            0,
            1,
            2
        ]
    ],
    "SpaceRotsUn": [
        [
            [
                [
                    1.0,
                    0.0
                ],
                [
                    0.0,
                    1.0
                ]
            ],
            [
                [
                    1.0,
                    0.0
                ],
                [
                    0.0,
                    1.0
                ]
            ],
            [
                [
                    1.0,
                    0.0
                ],
                [
                    0.0,
                    1.0
                ]
            ]
        ]
    ],
    "TimeRevsUn": [
        [
            1,
            1,
            1
        ]
    ],
    "TimeShiftNumUn": [
        [
            0,
            1,
            2
        ]
    ],
    "TimeShiftDenUn": [
        [
            1,
            3,
            3
        ]
    ],
    "RequiresLoopDispUn": [
        [
            true,
            false,
            false
        ]
    ]
}