{
    "nbody": 3,
    "n_int": 98304,
    "mass": [
        1.0,
        1.0,
        1.0
    ],
    "nloop": 1,
    "Action": 81.88976321537737,
    "Grad_Action": 9.79956424379705e-14,
    "Newton_Error": 8.717918942859868e-14,
    "Min_Distance": 0.004500410517398551,
    "Max_PathLength": 3.7012306626582943,
    "Hash": [
        81.88976321537737,
        35.99847096455456,
        55.947617301184465,
        134.77932610357607,
        486.2506411538437
    ],
    "xinf": -0.16920253015433617,
    "xsup": 0.09289135585378681,
    "yinf": -0.13104694300406128,
    "ysup": 0.13104694300406172,
    "loopnb": [
        3
    ],
    "Targets": [
        [
            0,
            1,
            2
        ]
    ],
    "SpaceRotsUn": [
        [
            [
                [
                    1.0,
                    0.0
                ],
                [
                    0.0,
                    1.0
                ]
            ],
            [
                [
                    1.0,
                    0.0
                ],
                [
                    0.0,
                    1.0
                ]
            ],
            [
                [
                    1.0,
                    0.0
                ],
                [
                    0.0,
                    1.0
                ]
            ]
        ]
    ],
    "TimeRevsUn": [
        [
            1,
            1,
            1
        ]
    ],
    "TimeShiftNumUn": [
        [
            0,
            1,
            2
        ]
    ],
    "TimeShiftDenUn": [
        [
            1,
            3,
            3
        ]
    ],
    "RequiresLoopDispUn": [
        [
            true,
            false,
            false
        ]
    ]
}