{
    "nbody": 3,
    "n_int": 24576,
    "mass": [
        1.0,
        1.0,
        1.0
    ],
    "nloop": 1,
    "Action": 77.25939324621756,
    "Grad_Action": 6.612025547882242e-14,
    "Newton_Error": 3.5158777071712534e-14,
    "Min_Distance": 0.011479495830044458,
    "Max_PathLength": 3.7390855598074775,
    "Hash": [
        77.25939324621757,
        34.32759703924458,
        53.28989094834261,
        124.65311869879066,
        416.3616136575808
    ],
    "xinf": -0.08516619304620429,
    "xsup": 0.13058879192511005,
    "yinf": -0.10787749248565712,
    "ysup": 0.10787749248565723,
    "loopnb": [
        3
    ],
    "Targets": [
        [
            0,
            1,
            2
        ]
    ],
    "SpaceRotsUn": [
        [
            [
                [
                    1.0,
                    0.0
                ],
                [
                    0.0,
                    1.0
                ]
            ],
            [
                [
                    1.0,
                    0.0
                ],
                [
                    0.0,
                    1.0
                ]
            ],
            [
                [
                    1.0,
                    0.0
                ],
                [
                    0.0,
                    1.0
                ]
            ]
        ]
    ],
    "TimeRevsUn": [
        [
            1,
            1,
            1
        ]
    ],
    "TimeShiftNumUn": [
        [
            0,
            1,
            2
        ]
    ],
    "TimeShiftDenUn": [
        [
            1,
            3,
            3
        ]
    ],
    "RequiresLoopDispUn": [
        [
            true,
            false,
            false
        ]
    ]
}