{
    "nbody": 3,
    "n_int": 49152,
    "mass": [
        1.0,
        1.0,
        1.0
    ],
    "nloop": 1,
    "Action": 64.65062464677085,
    "Grad_Action": 1.8171181598690255e-13,
    "Newton_Error": 8.02204755349926e-14,
    "Min_Distance": 0.011434392154595152,
    "Max_PathLength": 3.4718553181810003,
    "Hash": [
        64.65062464677086,
        29.97328817524824,
        46.25135226380146,
        97.81032394262671,
        271.59519432171084
    ],
    "xinf": -0.09882906496907992,
    "xsup": 0.08672694604016079,
    "yinf": -0.09277800550462034,
    "ysup": 0.09277800550462037,
    "loopnb": [
        3
    ],
    "Targets": [
        [
            0,
            1,
            2
        ]
    ],
    "SpaceRotsUn": [
        [
            [
                [
                    1.0,
                    0.0
                ],
                [
                    0.0,
                    1.0
                ]
            ],
            [
                [
                    1.0,
                    0.0
                ],
                [
                    0.0,
                    1.0
                ]
            ],
            [
                [
                    1.0,
                    0.0
                ],
                [
                    0.0,
                    1.0
                ]
            ]
        ]
    ],
    "TimeRevsUn": [
        [
            1,
            1,
            1
        ]
    ],
    "TimeShiftNumUn": [
        [
            0,
            1,
            2
        ]
    ],
    "TimeShiftDenUn": [
        [
            1,
            3,
            3
        ]
    ],
    "RequiresLoopDispUn": [
        [
            true,
            false,
            false
        ]
    ]
}