{
    "nbody": 3,
    "n_int": 98304,
    "mass": [
        1.0,
        1.0,
        1.0
    ],
    "nloop": 1,
    "Action": 89.88559116398525,
    "Grad_Action": 1.1471897770357814e-09,
    "Newton_Error": 8.515750009298504e-10,
    "Min_Distance": 0.008244616568218874,
    "Max_PathLength": 3.945020827507546,
    "Hash": [
        89.88559116398525,
        38.863369509937705,
        60.597236996387494,
        150.90065614505653,
        563.1946020114194
    ],
    "xinf": -0.08321425728328016,
    "xsup": 0.13594408923073847,
    "yinf": -0.10957917325700924,
    "ysup": 0.1095791732570094,
    "loopnb": [
        3
    ],
    "Targets": [
        [
            0,
            1,
            2
        ]
    ],
    "SpaceRotsUn": [
        [
            [
                [
                    1.0,
                    0.0
                ],
                [
                    0.0,
                    1.0
                ]
            ],
            [
                [
                    1.0,
                    0.0
                ],
                [
                    0.0,
                    1.0
                ]
            ],
            [
                [
                    1.0,
                    0.0
                ],
                [
                    0.0,
                    1.0
                ]
            ]
        ]
    ],
    "TimeRevsUn": [
        [
            1,
            1,
            1
        ]
    ],
    "TimeShiftNumUn": [
        [
            0,
            1,
            2
        ]
    ],
    "TimeShiftDenUn": [
        [
            1,
            3,
            3
        ]
    ],
    "RequiresLoopDispUn": [
        [
            true,
            false,
            false
        ]
    ]
}