{
    "nbody": 3,
    "n_int": 1536,
    "mass": [
        1.0,
        1.0,
        1.0
    ],
    "nloop": 1,
    "Action": 31.856319884488418,
    "Grad_Action": 1.0234063310817303e-15,
    "Newton_Error": 2.3847041919323865e-15,
    "Min_Distance": 0.05744816442482233,
    "Max_PathLength": 2.580733279411228,
    "Hash": [
        31.856319884488418,
        17.083302832997138,
        24.82952703062425,
        42.53372809928746,
        83.94848805539358
    ],
    "xinf": -0.1514592508652937,
    "xsup": 0.10417210008775982,
    "yinf": -0.12781567547652672,
    "ysup": 0.12781567547652678,
    "loopnb": [
        3
    ],
    "Targets": [
        [
            0,
            1,
            2
        ]
    ],
    "SpaceRotsUn": [
        [
            [
                [
                    1.0,
                    0.0
                ],
                [
                    0.0,
                    1.0
                ]
            ],
            [
                [
                    1.0,
                    0.0
                ],
                [
                    0.0,
                    1.0
                ]
            ],
            [
                [
                    1.0,
                    0.0
                ],
                [
                    0.0,
                    1.0
                ]
            ]
        ]
    ],
    "TimeRevsUn": [
        [
            1,
            1,
            1
        ]
    ],
    "TimeShiftNumUn": [
        [
            0,
            1,
            2
        ]
    ],
    "TimeShiftDenUn": [
        [
            1,
            3,
            3
        ]
    ],
    "RequiresLoopDispUn": [
        [
            true,
            false,
            false
        ]
    ]
}