{
    "nbody": 3,
    "n_int": 24576,
    "mass": [
        1.0,
        1.0,
        1.0
    ],
    "nloop": 1,
    "Action": 87.27513971925617,
    "Grad_Action": 1.0560004912612219e-14,
    "Newton_Error": 4.832264462271185e-14,
    "Min_Distance": 0.007106811989885156,
    "Max_PathLength": 4.102082422300116,
    "Hash": [
        87.27513971925616,
        38.61864888658216,
        60.574003271127935,
        137.90446730437802,
        424.3659083850607
    ],
    "xinf": -0.05264553676087057,
    "xsup": 0.06385486841122631,
    "yinf": -0.05825020258604845,
    "ysup": 0.05825020258604843,
    "loopnb": [
        3
    ],
    "Targets": [
        [
            0,
            1,
            2
        ]
    ],
    "SpaceRotsUn": [
        [
            [
                [
                    1.0,
                    0.0
                ],
                [
                    0.0,
                    1.0
                ]
            ],
            [
                [
                    1.0,
                    0.0
                ],
                [
                    0.0,
                    1.0
                ]
            ],
            [
                [
                    1.0,
                    0.0
                ],
                [
                    0.0,
                    1.0
                ]
            ]
        ]
    ],
    "TimeRevsUn": [
        [
            1,
            1,
            1
        ]
    ],
    "TimeShiftNumUn": [
        [
            0,
            1,
            2
        ]
    ],
    "TimeShiftDenUn": [
        [
            1,
            3,
            3
        ]
    ],
    "RequiresLoopDispUn": [
        [
            true,
            false,
            false
        ]
    ]
}