{
    "nbody": 3,
    "n_int": 49152,
    "mass": [
        1.0,
        1.0,
        1.0
    ],
    "nloop": 1,
    "Action": 72.71786048392127,
    "Grad_Action": 8.920037986215015e-14,
    "Newton_Error": 2.7667705448007648e-14,
    "Min_Distance": 0.012034012352349308,
    "Max_PathLength": 3.6384907395012154,
    "Hash": [
        72.71786048392127,
        32.67961435739609,
        50.60682597855194,
        115.61263486090851,
        371.40169374436846
    ],
    "xinf": -0.08529758583402641,
    "xsup": 0.1272803433856683,
    "yinf": -0.10628896460984726,
    "ysup": 0.10628896460984745,
    "loopnb": [
        3
    ],
    "Targets": [
        [
            0,
            1,
            2
        ]
    ],
    "SpaceRotsUn": [
        [
            [
                [
                    1.0,
                    0.0
                ],
                [
                    0.0,
                    1.0
                ]
            ],
            [
                [
                    1.0,
                    0.0
                ],
                [
                    0.0,
                    1.0
                ]
            ],
            [
                [
                    1.0,
                    0.0
                ],
                [
                    0.0,
                    1.0
                ]
            ]
        ]
    ],
    "TimeRevsUn": [
        [
            1,
            1,
            1
        ]
    ],
    "TimeShiftNumUn": [
        [
            0,
            1,
            2
        ]
    ],
    "TimeShiftDenUn": [
        [
            1,
            3,
            3
        ]
    ],
    "RequiresLoopDispUn": [
        [
            true,
            false,
            false
        ]
    ]
}