{
    "nbody": 3,
    "n_int": 6144,
    "mass": [
        1.0,
        1.0,
        1.0
    ],
    "nloop": 1,
    "Action": 47.41134638149791,
    "Grad_Action": 4.2171331755610554e-15,
    "Newton_Error": 2.0603600360904628e-14,
    "Min_Distance": 0.01762120665240794,
    "Max_PathLength": 2.954413543055742,
    "Hash": [
        47.41134638149791,
        23.152112658390124,
        34.9015569360463,
        69.14102978923371,
        177.39455020709667
    ],
    "xinf": -0.1044008400492692,
    "xsup": 0.12354943827132384,
    "yinf": -0.11397513916029652,
    "ysup": 0.11397513916029652,
    "loopnb": [
        3
    ],
    "Targets": [
        [
            0,
            1,
            2
        ]
    ],
    "SpaceRotsUn": [
        [
            [
                [
                    1.0,
                    0.0
                ],
                [
                    0.0,
                    1.0
                ]
            ],
            [
                [
                    1.0,
                    0.0
                ],
                [
                    0.0,
                    1.0
                ]
            ],
            [
                [
                    1.0,
                    0.0
                ],
                [
                    0.0,
                    1.0
                ]
            ]
        ]
    ],
    "TimeRevsUn": [
        [
            1,
            1,
            1
        ]
    ],
    "TimeShiftNumUn": [
        [
            0,
            1,
            2
        ]
    ],
    "TimeShiftDenUn": [
        [
            1,
            3,
            3
        ]
    ],
    "RequiresLoopDispUn": [
        [
            true,
            false,
            false
        ]
    ]
}