{
    "nbody": 3,
    "n_int": 12288,
    "mass": [
        1.0,
        1.0,
        1.0
    ],
    "nloop": 1,
    "Action": 63.681157933247775,
    "Grad_Action": 1.7082346981547526e-14,
    "Newton_Error": 6.499788556762482e-14,
    "Min_Distance": 0.01277925627171939,
    "Max_PathLength": 3.5122703953609045,
    "Hash": [
        63.68115793324779,
        29.5452542034264,
        45.54236726158396,
        96.42770038097206,
        267.77330311486094
    ],
    "xinf": -0.11876878660244246,
    "xsup": 0.07577264665785595,
    "yinf": -0.0972707166301493,
    "ysup": 0.0972707166301491,
    "loopnb": [
        3
    ],
    "Targets": [
        [
            0,
            1,
            2
        ]
    ],
    "SpaceRotsUn": [
        [
            [
                [
                    1.0,
                    0.0
                ],
                [
                    0.0,
                    1.0
                ]
            ],
            [
                [
                    1.0,
                    0.0
                ],
                [
                    0.0,
                    1.0
                ]
            ],
            [
                [
                    1.0,
                    0.0
                ],
                [
                    0.0,
                    1.0
                ]
            ]
        ]
    ],
    "TimeRevsUn": [
        [
            1,
            1,
            1
        ]
    ],
    "TimeShiftNumUn": [
        [
            0,
            1,
            2
        ]
    ],
    "TimeShiftDenUn": [
        [
            1,
            3,
            3
        ]
    ],
    "RequiresLoopDispUn": [
        [
            true,
            false,
            false
        ]
    ]
}