{
    "nbody": 3,
    "n_int": 98304,
    "mass": [
        1.0,
        1.0,
        1.0
    ],
    "nloop": 1,
    "Action": 83.35604981600518,
    "Grad_Action": 4.187796316698052e-15,
    "Newton_Error": 6.273321531408951e-15,
    "Min_Distance": 0.01150881353502362,
    "Max_PathLength": 4.025852576556456,
    "Hash": [
        83.35604981600518,
        37.01659683970504,
        57.88438483145471,
        131.893427625924,
        408.8605018005331
    ],
    "xinf": -0.08030526749782528,
    "xsup": 0.09456164496706161,
    "yinf": -0.08743345623244339,
    "ysup": 0.0874334562324435,
    "loopnb": [
        3
    ],
    "Targets": [
        [
            0,
            1,
            2
        ]
    ],
    "SpaceRotsUn": [
        [
            [
                [
                    1.0,
                    0.0
                ],
                [
                    0.0,
                    1.0
                ]
            ],
            [
                [
                    1.0,
                    0.0
                ],
                [
                    0.0,
                    1.0
                ]
            ],
            [
                [
                    1.0,
                    0.0
                ],
                [
                    0.0,
                    1.0
                ]
            ]
        ]
    ],
    "TimeRevsUn": [
        [
            1,
            1,
            1
        ]
    ],
    "TimeShiftNumUn": [
        [
            0,
            1,
            2
        ]
    ],
    "TimeShiftDenUn": [
        [
            1,
            3,
            3
        ]
    ],
    "RequiresLoopDispUn": [
        [
            true,
            false,
            false
        ]
    ]
}