{
    "nbody": 3,
    "n_int": 49152,
    "mass": [
        1.0,
        1.0,
        1.0
    ],
    "nloop": 1,
    "Action": 58.14083536225691,
    "Grad_Action": 6.681949866556519e-14,
    "Newton_Error": 1.1560624198483634e-14,
    "Min_Distance": 0.014185638179816388,
    "Max_PathLength": 3.3153011958866787,
    "Hash": [
        58.14083536225691,
        27.469794748655215,
        42.10457826664537,
        86.35241113717653,
        227.93213132130768
    ],
    "xinf": -0.08115553227697331,
    "xsup": 0.10123110666218921,
    "yinf": -0.09119331946958129,
    "ysup": 0.09119331946958123,
    "loopnb": [
        3
    ],
    "Targets": [
        [
            0,
            1,
            2
        ]
    ],
    "SpaceRotsUn": [
        [
            [
                [
                    1.0,
                    0.0
                ],
                [
                    0.0,
                    1.0
                ]
            ],
            [
                [
                    1.0,
                    0.0
                ],
                [
                    0.0,
                    1.0
                ]
            ],
            [
                [
                    1.0,
                    0.0
                ],
                [
                    0.0,
                    1.0
                ]
            ]
        ]
    ],
    "TimeRevsUn": [
        [
            1,
            1,
            1
        ]
    ],
    "TimeShiftNumUn": [
        [
            0,
            1,
            2
        ]
    ],
    "TimeShiftDenUn": [
        [
            1,
            3,
            3
        ]
    ],
    "RequiresLoopDispUn": [
        [
            true,
            false,
            false
        ]
    ]
}