{
    "nbody": 3,
    "n_int": 12288,
    "mass": [
        1.0,
        1.0,
        1.0
    ],
    "nloop": 1,
    "Action": 67.48779149921701,
    "Grad_Action": 2.6404620161735817e-14,
    "Newton_Error": 2.507720079952044e-14,
    "Min_Distance": 0.012701518885116801,
    "Max_PathLength": 3.6179655425137955,
    "Hash": [
        67.487791499217,
        31.090355123621592,
        48.12212857130634,
        102.42941095053678,
        284.40087090457774
    ],
    "xinf": -0.07249714073909394,
    "xsup": 0.08015115057657662,
    "yinf": -0.07632414565783516,
    "ysup": 0.07632414565783541,
    "loopnb": [
        3
    ],
    "Targets": [
        [
            0,
            1,
            2
        ]
    ],
    "SpaceRotsUn": [
        [
            [
                [
                    1.0,
                    0.0
                ],
                [
                    0.0,
                    1.0
                ]
            ],
            [
                [
                    1.0,
                    0.0
                ],
                [
                    0.0,
                    1.0
                ]
            ],
            [
                [
                    1.0,
                    0.0
                ],
                [
                    0.0,
                    1.0
                ]
            ]
        ]
    ],
    "TimeRevsUn": [
        [
            1,
            1,
            1
        ]
    ],
    "TimeShiftNumUn": [
        [
            0,
            1,
            2
        ]
    ],
    "TimeShiftDenUn": [
        [
            1,
            3,
            3
        ]
    ],
    "RequiresLoopDispUn": [
        [
            true,
            false,
            false
        ]
    ]
}