{
    "nbody": 3,
    "n_int": 12288,
    "mass": [
        1.0,
        1.0,
        1.0
    ],
    "nloop": 1,
    "Action": 86.81017886980976,
    "Grad_Action": 2.449612538199034e-14,
    "Newton_Error": 6.25544828833239e-14,
    "Min_Distance": 0.012595838682026645,
    "Max_PathLength": 3.9821681290319897,
    "Hash": [
        86.81017886980976,
        38.067609438436556,
        59.49330816785483,
        140.93007033223006,
        473.1341787019297
    ],
    "xinf": -0.10936127741144196,
    "xsup": 0.0722268112976774,
    "yinf": -0.09079404435455966,
    "ysup": 0.09079404435455969,
    "loopnb": [
        3
    ],
    "Targets": [
        [
            0,
            1,
            2
        ]
    ],
    "SpaceRotsUn": [
        [
            [
                [
                    1.0,
                    0.0
                ],
                [
                    0.0,
                    1.0
                ]
            ],
            [
                [
                    1.0,
                    0.0
                ],
                [
                    0.0,
                    1.0
                ]
            ],
            [
                [
                    1.0,
                    0.0
                ],
                [
                    0.0,
                    1.0
                ]
            ]
        ]
    ],
    "TimeRevsUn": [
        [
            1,
            1,
            1
        ]
    ],
    "TimeShiftNumUn": [
        [
            0,
            1,
            2
        ]
    ],
    "TimeShiftDenUn": [
        [
            1,
            3,
            3
        ]
    ],
    "RequiresLoopDispUn": [
        [
            true,
            false,
            false
        ]
    ]
}