{
    "nbody": 3,
    "n_int": 12288,
    "mass": [
        1.0,
        1.0,
        1.0
    ],
    "nloop": 1,
    "Action": 64.6506246467703,
    "Grad_Action": 2.3332682798238716e-14,
    "Newton_Error": 4.02547169357115e-14,
    "Min_Distance": 0.011438744627171473,
    "Max_PathLength": 3.4718225981821975,
    "Hash": [
        64.6506246467703,
        29.97328817524825,
        46.25135226380164,
        97.81032394262708,
        271.5951943217102
    ],
    "xinf": -0.09882902272611062,
    "xsup": 0.08672679580245522,
    "yinf": -0.09277790926428289,
    "ysup": 0.09277790926428295,
    "loopnb": [
        3
    ],
    "Targets": [
        [
            0,
            1,
            2
        ]
    ],
    "SpaceRotsUn": [
        [
            [
                [
                    1.0,
                    0.0
                ],
                [
                    0.0,
                    1.0
                ]
            ],
            [
                [
                    1.0,
                    0.0
                ],
                [
                    0.0,
                    1.0
                ]
            ],
            [
                [
                    1.0,
                    0.0
                ],
                [
                    0.0,
                    1.0
                ]
            ]
        ]
    ],
    "TimeRevsUn": [
        [
            1,
            1,
            1
        ]
    ],
    "TimeShiftNumUn": [
        [
            0,
            1,
            2
        ]
    ],
    "TimeShiftDenUn": [
        [
            1,
            3,
            3
        ]
    ],
    "RequiresLoopDispUn": [
        [
            true,
            false,
            false
        ]
    ]
}