{
    "nbody": 3,
    "n_int": 24576,
    "mass": [
        1.0,
        1.0,
        1.0
    ],
    "nloop": 1,
    "Action": 73.91875689362462,
    "Grad_Action": 2.938199537731255e-14,
    "Newton_Error": 7.636433530660038e-14,
    "Min_Distance": 0.008392566953133444,
    "Max_PathLength": 3.6985498606871916,
    "Hash": [
        73.91875689362462,
        33.29590459244269,
        51.65422162833591,
        116.54157201216,
        366.0693955951268
    ],
    "xinf": -0.11096605528504574,
    "xsup": 0.09776192735833439,
    "yinf": -0.10436399132169004,
    "ysup": 0.1043639913216901,
    "loopnb": [
        3
    ],
    "Targets": [
        [
            0,
            1,
            2
        ]
    ],
    "SpaceRotsUn": [
        [
            [
                [
                    1.0,
                    0.0
                ],
                [
                    0.0,
                    1.0
                ]
            ],
            [
                [
                    1.0,
                    0.0
                ],
                [
                    0.0,
                    1.0
                ]
            ],
            [
                [
                    1.0,
                    0.0
                ],
                [
                    0.0,
                    1.0
                ]
            ]
        ]
    ],
    "TimeRevsUn": [
        [
            1,
            1,
            1
        ]
    ],
    "TimeShiftNumUn": [
        [
            0,
            1,
            2
        ]
    ],
    "TimeShiftDenUn": [
        [
            1,
            3,
            3
        ]
    ],
    "RequiresLoopDispUn": [
        [
            true,
            false,
            false
        ]
    ]
}