{
    "nbody": 3,
    "n_int": 6144,
    "mass": [
        1.0,
        1.0,
        1.0
    ],
    "nloop": 1,
    "Action": 87.7480025305867,
    "Grad_Action": 3.071549447202736e-14,
    "Newton_Error": 8.8557848800217e-14,
    "Min_Distance": 0.01568809985911342,
    "Max_PathLength": 4.066619415720454,
    "Hash": [
        87.74800253058669,
        38.140891909148294,
        59.53967365501009,
        145.01658005607055,
        508.63005927046714
    ],
    "xinf": -0.1519783311757424,
    "xsup": 0.1253832082514587,
    "yinf": -0.13868076971360055,
    "ysup": 0.13868076971360055,
    "loopnb": [
        3
    ],
    "Targets": [
        [
            0,
            1,
            2
        ]
    ],
    "SpaceRotsUn": [
        [
            [
                [
                    1.0,
                    0.0
                ],
                [
                    0.0,
                    1.0
                ]
            ],
            [
                [
                    1.0,
                    0.0
                ],
                [
                    0.0,
                    1.0
                ]
            ],
            [
                [
                    1.0,
                    0.0
                ],
                [
                    0.0,
                    1.0
                ]
            ]
        ]
    ],
    "TimeRevsUn": [
        [
            1,
            1,
            1
        ]
    ],
    "TimeShiftNumUn": [
        [
            0,
            1,
            2
        ]
    ],
    "TimeShiftDenUn": [
        [
            1,
            3,
            3
        ]
    ],
    "RequiresLoopDispUn": [
        [
            true,
            false,
            false
        ]
    ]
}