{
    "nbody": 3,
    "n_int": 24576,
    "mass": [
        1.0,
        1.0,
        1.0
    ],
    "nloop": 1,
    "Action": 74.96088173268326,
    "Grad_Action": 9.510394091631763e-14,
    "Newton_Error": 1.1189922234148545e-13,
    "Min_Distance": 0.008326238352893514,
    "Max_PathLength": 3.519665025834819,
    "Hash": [
        74.96088173268325,
        32.9319850730039,
        50.8683070842891,
        125.03220614427016,
        461.06965167162195
    ],
    "xinf": -0.23438753311201566,
    "xsup": 0.1270252979659781,
    "yinf": -0.1807064155389969,
    "ysup": 0.18070641553899686,
    "loopnb": [
        3
    ],
    "Targets": [
        [
            0,
            1,
            2
        ]
    ],
    "SpaceRotsUn": [
        [
            [
                [
                    1.0,
                    0.0
                ],
                [
                    0.0,
                    1.0
                ]
            ],
            [
                [
                    1.0,
                    0.0
                ],
                [
                    0.0,
                    1.0
                ]
            ],
            [
                [
                    1.0,
                    0.0
                ],
                [
                    0.0,
                    1.0
                ]
            ]
        ]
    ],
    "TimeRevsUn": [
        [
            1,
            1,
            1
        ]
    ],
    "TimeShiftNumUn": [
        [
            0,
            1,
            2
        ]
    ],
    "TimeShiftDenUn": [
        [
            1,
            3,
            3
        ]
    ],
    "RequiresLoopDispUn": [
        [
            true,
            false,
            false
        ]
    ]
}