{
    "nbody": 3,
    "n_int": 24576,
    "mass": [
        1.0,
        1.0,
        1.0
    ],
    "nloop": 1,
    "Action": 73.274807902689,
    "Grad_Action": 2.4385803138973476e-14,
    "Newton_Error": 8.26689626342073e-13,
    "Min_Distance": 0.006711549953473654,
    "Max_PathLength": 3.618593510541559,
    "Hash": [
        73.27480790268899,
        32.962880403278774,
        51.081296164651924,
        116.2002655136062,
        373.59835230336023
    ],
    "xinf": -0.1498684382304522,
    "xsup": 0.08583728035184579,
    "yinf": -0.117852859291149,
    "ysup": 0.117852859291149,
    "loopnb": [
        3
    ],
    "Targets": [
        [
            0,
            1,
            2
        ]
    ],
    "SpaceRotsUn": [
        [
            [
                [
                    1.0,
                    0.0
                ],
                [
                    0.0,
                    1.0
                ]
            ],
            [
                [
                    1.0,
                    0.0
                ],
                [
                    0.0,
                    1.0
                ]
            ],
            [
                [
                    1.0,
                    0.0
                ],
                [
                    0.0,
                    1.0
                ]
            ]
        ]
    ],
    "TimeRevsUn": [
        [
            1,
            1,
            1
        ]
    ],
    "TimeShiftNumUn": [
        [
            0,
            1,
            2
        ]
    ],
    "TimeShiftDenUn": [
        [
            1,
            3,
            3
        ]
    ],
    "RequiresLoopDispUn": [
        [
            true,
            false,
            false
        ]
    ]
}