{
    "nbody": 3,
    "n_int": 49152,
    "mass": [
        1.0,
        1.0,
        1.0
    ],
    "nloop": 1,
    "Action": 86.72005346023272,
    "Grad_Action": 3.1680650066439e-14,
    "Newton_Error": 2.737438192066237e-14,
    "Min_Distance": 0.009468033117554146,
    "Max_PathLength": 4.043842170789336,
    "Hash": [
        86.72005346023272,
        38.10427573216306,
        59.56726353400742,
        140.23062443166023,
        466.8809346124784
    ],
    "xinf": -0.09393163323529219,
    "xsup": 0.06735738296128863,
    "yinf": -0.08064450809829024,
    "ysup": 0.08064450809829057,
    "loopnb": [
        3
    ],
    "Targets": [
        [
            0,
            1,
            2
        ]
    ],
    "SpaceRotsUn": [
        [
            [
                [
                    1.0,
                    0.0
                ],
                [
                    0.0,
                    1.0
                ]
            ],
            [
                [
                    1.0,
                    0.0
                ],
                [
                    0.0,
                    1.0
                ]
            ],
            [
                [
                    1.0,
                    0.0
                ],
                [
                    0.0,
                    1.0
                ]
            ]
        ]
    ],
    "TimeRevsUn": [
        [
            1,
            1,
            1
        ]
    ],
    "TimeShiftNumUn": [
        [
            0,
            1,
            2
        ]
    ],
    "TimeShiftDenUn": [
        [
            1,
            3,
            3
        ]
    ],
    "RequiresLoopDispUn": [
        [
            true,
            false,
            false
        ]
    ]
}