{
    "nbody": 3,
    "n_int": 98304,
    "mass": [
        1.0,
        1.0,
        1.0
    ],
    "nloop": 1,
    "Action": 84.06947929101759,
    "Grad_Action": 1.3556247056020045e-14,
    "Newton_Error": 1.3685406904229795e-14,
    "Min_Distance": 0.007350175871571835,
    "Max_PathLength": 3.9658326872776763,
    "Hash": [
        84.06947929101759,
        37.3331590487805,
        58.398032007574386,
        133.05754761968123,
        415.94102293353063
    ],
    "xinf": -0.07915654930630284,
    "xsup": 0.06719628259038413,
    "yinf": -0.07317641594834348,
    "ysup": 0.07317641594834348,
    "loopnb": [
        3
    ],
    "Targets": [
        [
            0,
            1,
            2
        ]
    ],
    "SpaceRotsUn": [
        [
            [
                [
                    1.0,
                    0.0
                ],
                [
                    0.0,
                    1.0
                ]
            ],
            [
                [
                    1.0,
                    0.0
                ],
                [
                    0.0,
                    1.0
                ]
            ],
            [
                [
                    1.0,
                    0.0
                ],
                [
                    0.0,
                    1.0
                ]
            ]
        ]
    ],
    "TimeRevsUn": [
        [
            1,
            1,
            1
        ]
    ],
    "TimeShiftNumUn": [
        [
            0,
            1,
            2
        ]
    ],
    "TimeShiftDenUn": [
        [
            1,
            3,
            3
        ]
    ],
    "RequiresLoopDispUn": [
        [
            true,
            false,
            false
        ]
    ]
}