{
    "nbody": 3,
    "n_int": 6144,
    "mass": [
        1.0,
        1.0,
        1.0
    ],
    "nloop": 1,
    "Action": 78.39797332077308,
    "Grad_Action": 1.435784863862634e-14,
    "Newton_Error": 3.2197454664192453e-14,
    "Min_Distance": 0.02001015548814512,
    "Max_PathLength": 3.978664960233754,
    "Hash": [
        78.39797332077308,
        35.25190427116331,
        55.02705466024989,
        121.6827739717355,
        355.44607884585923
    ],
    "xinf": -0.07055583464332836,
    "xsup": 0.06262800162116706,
    "yinf": -0.06659191813224766,
    "ysup": 0.06659191813224777,
    "loopnb": [
        3
    ],
    "Targets": [
        [
            0,
            1,
            2
        ]
    ],
    "SpaceRotsUn": [
        [
            [
                [
                    1.0,
                    0.0
                ],
                [
                    0.0,
                    1.0
                ]
            ],
            [
                [
                    1.0,
                    0.0
                ],
                [
                    0.0,
                    1.0
                ]
            ],
            [
                [
                    1.0,
                    0.0
                ],
                [
                    0.0,
                    1.0
                ]
            ]
        ]
    ],
    "TimeRevsUn": [
        [
            1,
            1,
            1
        ]
    ],
    "TimeShiftNumUn": [
        [
            0,
            1,
            2
        ]
    ],
    "TimeShiftDenUn": [
        [
            1,
            3,
            3
        ]
    ],
    "RequiresLoopDispUn": [
        [
            true,
            false,
            false
        ]
    ]
}