{
    "nbody": 3,
    "n_int": 49152,
    "mass": [
        1.0,
        1.0,
        1.0
    ],
    "nloop": 1,
    "Action": 48.15962052578874,
    "Grad_Action": 2.6746823413512198e-08,
    "Newton_Error": 1.5904468073351887e-08,
    "Min_Distance": 0.007429281587294454,
    "Max_PathLength": 2.9787486359820576,
    "Hash": [
        48.15962052578874,
        23.42837158622638,
        35.38571356178134,
        70.32167313350834,
        179.95023598125383
    ],
    "xinf": -0.12317211859551683,
    "xsup": 0.13962603616088096,
    "yinf": -0.1313990773781989,
    "ysup": 0.1313990773781989,
    "loopnb": [
        3
    ],
    "Targets": [
        [
            0,
            1,
            2
        ]
    ],
    "SpaceRotsUn": [
        [
            [
                [
                    1.0,
                    0.0
                ],
                [
                    0.0,
                    1.0
                ]
            ],
            [
                [
                    1.0,
                    0.0
                ],
                [
                    0.0,
                    1.0
                ]
            ],
            [
                [
                    1.0,
                    0.0
                ],
                [
                    0.0,
                    1.0
                ]
            ]
        ]
    ],
    "TimeRevsUn": [
        [
            1,
            1,
            1
        ]
    ],
    "TimeShiftNumUn": [
        [
            0,
            1,
            2
        ]
    ],
    "TimeShiftDenUn": [
        [
            1,
            3,
            3
        ]
    ],
    "RequiresLoopDispUn": [
        [
            true,
            false,
            false
        ]
    ]
}