{
    "nbody": 3,
    "n_int": 49152,
    "mass": [
        1.0,
        1.0,
        1.0
    ],
    "nloop": 1,
    "Action": 81.61865259726781,
    "Grad_Action": 6.542493830352786e-14,
    "Newton_Error": 3.494715767738857e-14,
    "Min_Distance": 0.010835343715253598,
    "Max_PathLength": 3.829438204009479,
    "Hash": [
        81.61865259726781,
        35.90196212117156,
        55.843564298682345,
        133.47343057565377,
        462.05601116499383
    ],
    "xinf": -0.08453583193808958,
    "xsup": 0.13327752214803254,
    "yinf": -0.108906677043061,
    "ysup": 0.10890667704306112,
    "loopnb": [
        3
    ],
    "Targets": [
        [
            0,
            1,
            2
        ]
    ],
    "SpaceRotsUn": [
        [
            [
                [
                    1.0,
                    0.0
                ],
                [
                    0.0,
                    1.0
                ]
            ],
            [
                [
                    1.0,
                    0.0
                ],
                [
                    0.0,
                    1.0
                ]
            ],
            [
                [
                    1.0,
                    0.0
                ],
                [
                    0.0,
                    1.0
                ]
            ]
        ]
    ],
    "TimeRevsUn": [
        [
            1,
            1,
            1
        ]
    ],
    "TimeShiftNumUn": [
        [
            0,
            1,
            2
        ]
    ],
    "TimeShiftDenUn": [
        [
            1,
            3,
            3
        ]
    ],
    "RequiresLoopDispUn": [
        [
            true,
            false,
            false
        ]
    ]
}