{
    "nbody": 3,
    "n_int": 24576,
    "mass": [
        1.0,
        1.0,
        1.0
    ],
    "nloop": 1,
    "Action": 86.09775771724728,
    "Grad_Action": 5.3042924009542596e-14,
    "Newton_Error": 1.0219621524788277e-12,
    "Min_Distance": 0.0065849342767108745,
    "Max_PathLength": 3.933330157597721,
    "Hash": [
        86.09775771724729,
        37.79262728314306,
        58.99470129502452,
        140.21537945571907,
        481.9444546710171
    ],
    "xinf": -0.13056355719012872,
    "xsup": 0.07407251645323762,
    "yinf": -0.10231803682168313,
    "ysup": 0.10231803682168321,
    "loopnb": [
        3
    ],
    "Targets": [
        [
            0,
            1,
            2
        ]
    ],
    "SpaceRotsUn": [
        [
            [
                [
                    1.0,
                    0.0
                ],
                [
                    0.0,
                    1.0
                ]
            ],
            [
                [
                    1.0,
                    0.0
                ],
                [
                    0.0,
                    1.0
                ]
            ],
            [
                [
                    1.0,
                    0.0
                ],
                [
                    0.0,
                    1.0
                ]
            ]
        ]
    ],
    "TimeRevsUn": [
        [
            1,
            1,
            1
        ]
    ],
    "TimeShiftNumUn": [
        [
            0,
            1,
            2
        ]
    ],
    "TimeShiftDenUn": [
        [
            1,
            3,
            3
        ]
    ],
    "RequiresLoopDispUn": [
        [
            true,
            false,
            false
        ]
    ]
}