{
    "nbody": 3,
    "n_int": 24576,
    "mass": [
        1.0,
        1.0,
        1.0
    ],
    "nloop": 1,
    "Action": 87.46232332546829,
    "Grad_Action": 9.734766554928937e-14,
    "Newton_Error": 6.401331392919387e-14,
    "Min_Distance": 0.010964634303190939,
    "Max_PathLength": 4.1196360389226285,
    "Hash": [
        87.46232332546829,
        38.51559641122092,
        60.311264437605196,
        140.15624899976802,
        452.0349793292293
    ],
    "xinf": -0.08436329424345042,
    "xsup": 0.0878839959135679,
    "yinf": -0.08612364507850918,
    "ysup": 0.08612364507850913,
    "loopnb": [
        3
    ],
    "Targets": [
        [
            0,
            1,
            2
        ]
    ],
    "SpaceRotsUn": [
        [
            [
                [
                    1.0,
                    0.0
                ],
                [
                    0.0,
                    1.0
                ]
            ],
            [
                [
                    1.0,
                    0.0
                ],
                [
                    0.0,
                    1.0
                ]
            ],
            [
                [
                    1.0,
                    0.0
                ],
                [
                    0.0,
                    1.0
                ]
            ]
        ]
    ],
    "TimeRevsUn": [
        [
            1,
            1,
            1
        ]
    ],
    "TimeShiftNumUn": [
        [
            0,
            1,
            2
        ]
    ],
    "TimeShiftDenUn": [
        [
            1,
            3,
            3
        ]
    ],
    "RequiresLoopDispUn": [
        [
            true,
            false,
            false
        ]
    ]
}