{
    "nbody": 3,
    "n_int": 49152,
    "mass": [
        1.0,
        1.0,
        1.0
    ],
    "nloop": 1,
    "Action": 78.32271032101018,
    "Grad_Action": 4.325460999858612e-14,
    "Newton_Error": 7.806035971396176e-14,
    "Min_Distance": 0.004853381569557545,
    "Max_PathLength": 3.657011070747364,
    "Hash": [
        78.32271032101018,
        34.81409641536838,
        54.03679583947676,
        126.78531219978225,
        438.02470148957053
    ],
    "xinf": -0.13372582850747153,
    "xsup": 0.07600297658398955,
    "yinf": -0.10486440254573061,
    "ysup": 0.10486440254573047,
    "loopnb": [
        3
    ],
    "Targets": [
        [
            0,
            1,
            2
        ]
    ],
    "SpaceRotsUn": [
        [
            [
                [
                    1.0,
                    0.0
                ],
                [
                    0.0,
                    1.0
                ]
            ],
            [
                [
                    1.0,
                    0.0
                ],
                [
                    0.0,
                    1.0
                ]
            ],
            [
                [
                    1.0,
                    0.0
                ],
                [
                    0.0,
                    1.0
                ]
            ]
        ]
    ],
    "TimeRevsUn": [
        [
            1,
            1,
            1
        ]
    ],
    "TimeShiftNumUn": [
        [
            0,
            1,
            2
        ]
    ],
    "TimeShiftDenUn": [
        [
            1,
            3,
            3
        ]
    ],
    "RequiresLoopDispUn": [
        [
            true,
            false,
            false
        ]
    ]
}