{
    "nbody": 3,
    "n_int": 49152,
    "mass": [
        1.0,
        1.0,
        1.0
    ],
    "nloop": 1,
    "Action": 73.85307152034424,
    "Grad_Action": 3.187455042835641e-14,
    "Newton_Error": 4.8189985201068784e-14,
    "Min_Distance": 0.005861419786392123,
    "Max_PathLength": 3.60086405544439,
    "Hash": [
        73.85307152034424,
        33.223037653844784,
        51.476526224859164,
        117.33948806490325,
        382.6572133224463
    ],
    "xinf": -0.1198385423354151,
    "xsup": 0.07073264112875285,
    "yinf": -0.09528559173208408,
    "ysup": 0.09528559173208388,
    "loopnb": [
        3
    ],
    "Targets": [
        [
            0,
            1,
            2
        ]
    ],
    "SpaceRotsUn": [
        [
            [
                [
                    1.0,
                    0.0
                ],
                [
                    0.0,
                    1.0
                ]
            ],
            [
                [
                    1.0,
                    0.0
                ],
                [
                    0.0,
                    1.0
                ]
            ],
            [
                [
                    1.0,
                    0.0
                ],
                [
                    0.0,
                    1.0
                ]
            ]
        ]
    ],
    "TimeRevsUn": [
        [
            1,
            1,
            1
        ]
    ],
    "TimeShiftNumUn": [
        [
            0,
            1,
            2
        ]
    ],
    "TimeShiftDenUn": [
        [
            1,
            3,
            3
        ]
    ],
    "RequiresLoopDispUn": [
        [
            true,
            false,
            false
        ]
    ]
}