{
    "nbody": 3,
    "n_int": 6144,
    "mass": [
        1.0,
        1.0,
        1.0
    ],
    "nloop": 1,
    "Action": 62.65574857025611,
    "Grad_Action": 3.704565449225473e-15,
    "Newton_Error": 1.6579051357518877e-13,
    "Min_Distance": 0.0158418924746589,
    "Max_PathLength": 3.4654777623343005,
    "Hash": [
        62.65574857025611,
        29.264864793797656,
        45.121556255858614,
        93.51777883215497,
        246.37729800472002
    ],
    "xinf": -0.09090148371244797,
    "xsup": 0.06429891751289737,
    "yinf": -0.07760020061267255,
    "ysup": 0.0776002006126728,
    "loopnb": [
        3
    ],
    "Targets": [
        [
            0,
            1,
            2
        ]
    ],
    "SpaceRotsUn": [
        [
            [
                [
                    1.0,
                    0.0
                ],
                [
                    0.0,
                    1.0
                ]
            ],
            [
                [
                    1.0,
                    0.0
                ],
                [
                    0.0,
                    1.0
                ]
            ],
            [
                [
                    1.0,
                    0.0
                ],
                [
                    0.0,
                    1.0
                ]
            ]
        ]
    ],
    "TimeRevsUn": [
        [
            1,
            1,
            1
        ]
    ],
    "TimeShiftNumUn": [
        [
            0,
            1,
            2
        ]
    ],
    "TimeShiftDenUn": [
        [
            1,
            3,
            3
        ]
    ],
    "RequiresLoopDispUn": [
        [
            true,
            false,
            false
        ]
    ]
}