{
    "nbody": 3,
    "n_int": 24576,
    "mass": [
        1.0,
        1.0,
        1.0
    ],
    "nloop": 1,
    "Action": 68.63761837855866,
    "Grad_Action": 2.072659496798068e-14,
    "Newton_Error": 5.1770718399514194e-14,
    "Min_Distance": 0.008818416154916854,
    "Max_PathLength": 3.5705636536403715,
    "Hash": [
        68.63761837855866,
        31.3182468647842,
        48.425009723590755,
        106.49680740543928,
        319.58866125396645
    ],
    "xinf": -0.13644238523515506,
    "xsup": 0.08128350133306439,
    "yinf": -0.10886294328410986,
    "ysup": 0.10886294328410959,
    "loopnb": [
        3
    ],
    "Targets": [
        [
            0,
            1,
            2
        ]
    ],
    "SpaceRotsUn": [
        [
            [
                [
                    1.0,
                    0.0
                ],
                [
                    0.0,
                    1.0
                ]
            ],
            [
                [
                    1.0,
                    0.0
                ],
                [
                    0.0,
                    1.0
                ]
            ],
            [
                [
                    1.0,
                    0.0
                ],
                [
                    0.0,
                    1.0
                ]
            ]
        ]
    ],
    "TimeRevsUn": [
        [
            1,
            1,
            1
        ]
    ],
    "TimeShiftNumUn": [
        [
            0,
            1,
            2
        ]
    ],
    "TimeShiftDenUn": [
        [
            1,
            3,
            3
        ]
    ],
    "RequiresLoopDispUn": [
        [
            true,
            false,
            false
        ]
    ]
}