{
    "nbody": 3,
    "n_int": 24576,
    "mass": [
        1.0,
        1.0,
        1.0
    ],
    "nloop": 1,
    "Action": 48.56783227214841,
    "Grad_Action": 1.4681674255578328e-11,
    "Newton_Error": 8.884382865731648e-12,
    "Min_Distance": 0.020126751273488026,
    "Max_PathLength": 3.0335000307234727,
    "Hash": [
        48.56783227214841,
        23.74226118326215,
        35.91816396853818,
        69.91876916728388,
        169.48866142711196
    ],
    "xinf": -0.0919099382912355,
    "xsup": 0.10431601731028212,
    "yinf": -0.09811297780075881,
    "ysup": 0.09811297780075881,
    "loopnb": [
        3
    ],
    "Targets": [
        [
            0,
            1,
            2
        ]
    ],
    "SpaceRotsUn": [
        [
            [
                [
                    1.0,
                    0.0
                ],
                [
                    0.0,
                    1.0
                ]
            ],
            [
                [
                    1.0,
                    0.0
                ],
                [
                    0.0,
                    1.0
                ]
            ],
            [
                [
                    1.0,
                    0.0
                ],
                [
                    0.0,
                    1.0
                ]
            ]
        ]
    ],
    "TimeRevsUn": [
        [
            1,
            1,
            1
        ]
    ],
    "TimeShiftNumUn": [
        [
            0,
            1,
            2
        ]
    ],
    "TimeShiftDenUn": [
        [
            1,
            3,
            3
        ]
    ],
    "RequiresLoopDispUn": [
        [
            true,
            false,
            false
        ]
    ]
}