{
    "nbody": 3,
    "n_int": 12288,
    "mass": [
        1.0,
        1.0,
        1.0
    ],
    "nloop": 1,
    "Action": 77.25939324621817,
    "Grad_Action": 1.9196352506925934e-14,
    "Newton_Error": 8.078374305667245e-14,
    "Min_Distance": 0.01147949583004379,
    "Max_PathLength": 3.739000448765879,
    "Hash": [
        77.25939324621817,
        34.327597039244644,
        53.28989094834269,
        124.6531186987918,
        416.36161365758136
    ],
    "xinf": -0.0851657703962686,
    "xsup": 0.13058879134437068,
    "yinf": -0.10787728087031959,
    "ysup": 0.1078772808703197,
    "loopnb": [
        3
    ],
    "Targets": [
        [
            0,
            1,
            2
        ]
    ],
    "SpaceRotsUn": [
        [
            [
                [
                    1.0,
                    0.0
                ],
                [
                    0.0,
                    1.0
                ]
            ],
            [
                [
                    1.0,
                    0.0
                ],
                [
                    0.0,
                    1.0
                ]
            ],
            [
                [
                    1.0,
                    0.0
                ],
                [
                    0.0,
                    1.0
                ]
            ]
        ]
    ],
    "TimeRevsUn": [
        [
            1,
            1,
            1
        ]
    ],
    "TimeShiftNumUn": [
        [
            0,
            1,
            2
        ]
    ],
    "TimeShiftDenUn": [
        [
            1,
            3,
            3
        ]
    ],
    "RequiresLoopDispUn": [
        [
            true,
            false,
            false
        ]
    ]
}