{
    "nbody": 3,
    "n_int": 98304,
    "mass": [
        1.0,
        1.0,
        1.0
    ],
    "nloop": 1,
    "Action": 82.5801204351256,
    "Grad_Action": 4.762293396692158e-14,
    "Newton_Error": 9.734818783200578e-14,
    "Min_Distance": 0.004127998196014346,
    "Max_PathLength": 3.7071241479783583,
    "Hash": [
        82.5801204351256,
        36.32068826501807,
        56.45010493309556,
        135.9695927759906,
        494.87273312618663
    ],
    "xinf": -0.14489649638419969,
    "xsup": 0.08043135154036432,
    "yinf": -0.11266392396228203,
    "ysup": 0.11266392396228198,
    "loopnb": [
        3
    ],
    "Targets": [
        [
            0,
            1,
            2
        ]
    ],
    "SpaceRotsUn": [
        [
            [
                [
                    1.0,
                    0.0
                ],
                [
                    0.0,
                    1.0
                ]
            ],
            [
                [
                    1.0,
                    0.0
                ],
                [
                    0.0,
                    1.0
                ]
            ],
            [
                [
                    1.0,
                    0.0
                ],
                [
                    0.0,
                    1.0
                ]
            ]
        ]
    ],
    "TimeRevsUn": [
        [
            1,
            1,
            1
        ]
    ],
    "TimeShiftNumUn": [
        [
            0,
            1,
            2
        ]
    ],
    "TimeShiftDenUn": [
        [
            1,
            3,
            3
        ]
    ],
    "RequiresLoopDispUn": [
        [
            true,
            false,
            false
        ]
    ]
}