{
    "nbody": 3,
    "n_int": 6144,
    "mass": [
        1.0,
        1.0,
        1.0
    ],
    "nloop": 1,
    "Action": 56.67413768282846,
    "Grad_Action": 3.0460758637787977e-14,
    "Newton_Error": 4.621248933703326e-14,
    "Min_Distance": 0.01883629124065808,
    "Max_PathLength": 3.2118819709961777,
    "Hash": [
        56.67413768282846,
        26.3073266335298,
        40.13967870003516,
        87.92571204151938,
        264.5772639382344
    ],
    "xinf": -0.22543264100060628,
    "xsup": 0.1285104293890545,
    "yinf": -0.17697153519483041,
    "ysup": 0.17697153519483036,
    "loopnb": [
        3
    ],
    "Targets": [
        [
            0,
            1,
            2
        ]
    ],
    "SpaceRotsUn": [
        [
            [
                [
                    1.0,
                    0.0
                ],
                [
                    0.0,
                    1.0
                ]
            ],
            [
                [
                    1.0,
                    0.0
                ],
                [
                    0.0,
                    1.0
                ]
            ],
            [
                [
                    1.0,
                    0.0
                ],
                [
                    0.0,
                    1.0
                ]
            ]
        ]
    ],
    "TimeRevsUn": [
        [
            1,
            1,
            1
        ]
    ],
    "TimeShiftNumUn": [
        [
            0,
            1,
            2
        ]
    ],
    "TimeShiftDenUn": [
        [
            1,
            3,
            3
        ]
    ],
    "RequiresLoopDispUn": [
        [
            true,
            false,
            false
        ]
    ]
}