{
    "nbody": 3,
    "n_int": 49152,
    "mass": [
        1.0,
        1.0,
        1.0
    ],
    "nloop": 1,
    "Action": 83.66640992281006,
    "Grad_Action": 1.9120980980204815e-14,
    "Newton_Error": 1.2042576383766046e-14,
    "Min_Distance": 0.022211957225396435,
    "Max_PathLength": 4.0292389126642325,
    "Hash": [
        83.66640992281006,
        36.68030819391893,
        57.20130369228225,
        136.36890212678972,
        458.7143564370722
    ],
    "xinf": -0.14103480432809082,
    "xsup": 0.14103480432807267,
    "yinf": -0.14103480432808174,
    "ysup": 0.14103480432808174,
    "loopnb": [
        3
    ],
    "Targets": [
        [
            0,
            1,
            2
        ]
    ],
    "SpaceRotsUn": [
        [
            [
                [
                    1.0,
                    0.0
                ],
                [
                    0.0,
                    1.0
                ]
            ],
            [
                [
                    1.0,
                    0.0
                ],
                [
                    0.0,
                    1.0
                ]
            ],
            [
                [
                    1.0,
                    0.0
                ],
                [
                    0.0,
                    1.0
                ]
            ]
        ]
    ],
    "TimeRevsUn": [
        [
            1,
            1,
            1
        ]
    ],
    "TimeShiftNumUn": [
        [
            0,
            1,
            2
        ]
    ],
    "TimeShiftDenUn": [
        [
            1,
            3,
            3
        ]
    ],
    "RequiresLoopDispUn": [
        [
            true,
            false,
            false
        ]
    ]
}