{
    "nbody": 3,
    "n_int": 24576,
    "mass": [
        1.0,
        1.0,
        1.0
    ],
    "nloop": 1,
    "Action": 75.16322838634058,
    "Grad_Action": 2.2782085771157234e-14,
    "Newton_Error": 2.5272608258945053e-14,
    "Min_Distance": 0.008737294136795309,
    "Max_PathLength": 3.7480469897490227,
    "Hash": [
        75.16322838634058,
        33.88551211865996,
        52.670718901012876,
        117.67465315570695,
        360.48964950172245
    ],
    "xinf": -0.0834529333356599,
    "xsup": 0.08880757766448538,
    "yinf": -0.08613025550007272,
    "ysup": 0.08613025550007256,
    "loopnb": [
        3
    ],
    "Targets": [
        [
            0,
            1,
            2
        ]
    ],
    "SpaceRotsUn": [
        [
            [
                [
                    1.0,
                    0.0
                ],
                [
                    0.0,
                    1.0
                ]
            ],
            [
                [
                    1.0,
                    0.0
                ],
                [
                    0.0,
                    1.0
                ]
            ],
            [
                [
                    1.0,
                    0.0
                ],
                [
                    0.0,
                    1.0
                ]
            ]
        ]
    ],
    "TimeRevsUn": [
        [
            1,
            1,
            1
        ]
    ],
    "TimeShiftNumUn": [
        [
            0,
            1,
            2
        ]
    ],
    "TimeShiftDenUn": [
        [
            1,
            3,
            3
        ]
    ],
    "RequiresLoopDispUn": [
        [
            true,
            false,
            false
        ]
    ]
}