{
    "nbody": 3,
    "n_int": 6144,
    "mass": [
        1.0,
        1.0,
        1.0
    ],
    "nloop": 1,
    "Action": 67.45676709259281,
    "Grad_Action": 8.60434937432743e-15,
    "Newton_Error": 4.243221750756294e-14,
    "Min_Distance": 0.017088733053597094,
    "Max_PathLength": 3.6145175637832754,
    "Hash": [
        67.45676709259281,
        31.07688798328712,
        48.100007085170695,
        102.37872630008293,
        284.09321543847386
    ],
    "xinf": -0.06779871847040825,
    "xsup": 0.07793939377478237,
    "yinf": -0.07286905612259544,
    "ysup": 0.07286905612259519,
    "loopnb": [
        3
    ],
    "Targets": [
        [
            0,
            1,
            2
        ]
    ],
    "SpaceRotsUn": [
        [
            [
                [
                    1.0,
                    0.0
                ],
                [
                    0.0,
                    1.0
                ]
            ],
            [
                [
                    1.0,
                    0.0
                ],
                [
                    0.0,
                    1.0
                ]
            ],
            [
                [
                    1.0,
                    0.0
                ],
                [
                    0.0,
                    1.0
                ]
            ]
        ]
    ],
    "TimeRevsUn": [
        [
            1,
            1,
            1
        ]
    ],
    "TimeShiftNumUn": [
        [
            0,
            1,
            2
        ]
    ],
    "TimeShiftDenUn": [
        [
            1,
            3,
            3
        ]
    ],
    "RequiresLoopDispUn": [
        [
            true,
            false,
            false
        ]
    ]
}