{
    "nbody": 3,
    "n_int": 12288,
    "mass": [
        1.0,
        1.0,
        1.0
    ],
    "nloop": 1,
    "Action": 69.01056022421307,
    "Grad_Action": 2.1421850199247187e-14,
    "Newton_Error": 1.9579627334450835e-14,
    "Min_Distance": 0.0146730413644713,
    "Max_PathLength": 3.6227202673968417,
    "Hash": [
        69.01056022421307,
        31.531859989805753,
        48.80408747381813,
        106.44638879955794,
        311.6981890265507
    ],
    "xinf": -0.11071346879136512,
    "xsup": 0.08914388820391503,
    "yinf": -0.09992867849764016,
    "ysup": 0.09992867849763999,
    "loopnb": [
        3
    ],
    "Targets": [
        [
            0,
            1,
            2
        ]
    ],
    "SpaceRotsUn": [
        [
            [
                [
                    1.0,
                    0.0
                ],
                [
                    0.0,
                    1.0
                ]
            ],
            [
                [
                    1.0,
                    0.0
                ],
                [
                    0.0,
                    1.0
                ]
            ],
            [
                [
                    1.0,
                    0.0
                ],
                [
                    0.0,
                    1.0
                ]
            ]
        ]
    ],
    "TimeRevsUn": [
        [
            1,
            1,
            1
        ]
    ],
    "TimeShiftNumUn": [
        [
            0,
            1,
            2
        ]
    ],
    "TimeShiftDenUn": [
        [
            1,
            3,
            3
        ]
    ],
    "RequiresLoopDispUn": [
        [
            true,
            false,
            false
        ]
    ]
}