{
    "nbody": 3,
    "n_int": 12288,
    "mass": [
        1.0,
        1.0,
        1.0
    ],
    "nloop": 1,
    "Action": 67.4444328598556,
    "Grad_Action": 1.7415413544425483e-14,
    "Newton_Error": 3.148469180276617e-14,
    "Min_Distance": 0.011667199451288055,
    "Max_PathLength": 3.6004144921025585,
    "Hash": [
        67.4444328598556,
        31.05976770010838,
        48.06441407754919,
        102.50739663808167,
        286.33026417326886
    ],
    "xinf": -0.07365164303798108,
    "xsup": 0.08698206226882746,
    "yinf": -0.08031685265340424,
    "ysup": 0.0803168526534043,
    "loopnb": [
        3
    ],
    "Targets": [
        [
            0,
            1,
            2
        ]
    ],
    "SpaceRotsUn": [
        [
            [
                [
                    1.0,
                    0.0
                ],
                [
                    0.0,
                    1.0
                ]
            ],
            [
                [
                    1.0,
                    0.0
                ],
                [
                    0.0,
                    1.0
                ]
            ],
            [
                [
                    1.0,
                    0.0
                ],
                [
                    0.0,
                    1.0
                ]
            ]
        ]
    ],
    "TimeRevsUn": [
        [
            1,
            1,
            1
        ]
    ],
    "TimeShiftNumUn": [
        [
            0,
            1,
            2
        ]
    ],
    "TimeShiftDenUn": [
        [
            1,
            3,
            3
        ]
    ],
    "RequiresLoopDispUn": [
        [
            true,
            false,
            false
        ]
    ]
}