{
    "nbody": 3,
    "n_int": 6144,
    "mass": [
        1.0,
        1.0,
        1.0
    ],
    "nloop": 1,
    "Action": 44.070694263143665,
    "Grad_Action": 1.6459119610731754e-15,
    "Newton_Error": 6.938018865345866e-15,
    "Min_Distance": 0.024573520593413615,
    "Max_PathLength": 2.920823340934155,
    "Hash": [
        44.070694263143665,
        21.88841929067879,
        32.8350992613913,
        62.90861122277123,
        149.94892378835968
    ],
    "xinf": -0.14574319996374244,
    "xsup": 0.0955017470297182,
    "yinf": -0.12062247349673028,
    "ysup": 0.12062247349673036,
    "loopnb": [
        3
    ],
    "Targets": [
        [
            0,
            1,
            2
        ]
    ],
    "SpaceRotsUn": [
        [
            [
                [
                    1.0,
                    0.0
                ],
                [
                    0.0,
                    1.0
                ]
            ],
            [
                [
                    1.0,
                    0.0
                ],
                [
                    0.0,
                    1.0
                ]
            ],
            [
                [
                    1.0,
                    0.0
                ],
                [
                    0.0,
                    1.0
                ]
            ]
        ]
    ],
    "TimeRevsUn": [
        [
            1,
            1,
            1
        ]
    ],
    "TimeShiftNumUn": [
        [
            0,
            1,
            2
        ]
    ],
    "TimeShiftDenUn": [
        [
            1,
            3,
            3
        ]
    ],
    "RequiresLoopDispUn": [
        [
            true,
            false,
            false
        ]
    ]
}