{
    "nbody": 3,
    "n_int": 12288,
    "mass": [
        1.0,
        1.0,
        1.0
    ],
    "nloop": 1,
    "Action": 62.94195689008048,
    "Grad_Action": 1.9025590513011223e-14,
    "Newton_Error": 3.382784270498369e-14,
    "Min_Distance": 0.011704282328307407,
    "Max_PathLength": 3.3877129952046547,
    "Hash": [
        62.94195689008048,
        29.093760114592772,
        44.729562690676275,
        96.77156762096222,
        284.9045887815465
    ],
    "xinf": -0.08730161164620903,
    "xsup": 0.11782688094653407,
    "yinf": -0.10256424629637152,
    "ysup": 0.10256424629637158,
    "loopnb": [
        3
    ],
    "Targets": [
        [
            0,
            1,
            2
        ]
    ],
    "SpaceRotsUn": [
        [
            [
                [
                    1.0,
                    0.0
                ],
                [
                    0.0,
                    1.0
                ]
            ],
            [
                [
                    1.0,
                    0.0
                ],
                [
                    0.0,
                    1.0
                ]
            ],
            [
                [
                    1.0,
                    0.0
                ],
                [
                    0.0,
                    1.0
                ]
            ]
        ]
    ],
    "TimeRevsUn": [
        [
            1,
            1,
            1
        ]
    ],
    "TimeShiftNumUn": [
        [
            0,
            1,
            2
        ]
    ],
    "TimeShiftDenUn": [
        [
            1,
            3,
            3
        ]
    ],
    "RequiresLoopDispUn": [
        [
            true,
            false,
            false
        ]
    ]
}