{
    "nbody": 3,
    "n_int": 98304,
    "mass": [
        1.0,
        1.0,
        1.0
    ],
    "nloop": 1,
    "Action": 86.41534067366997,
    "Grad_Action": 5.6427641427553726e-14,
    "Newton_Error": 7.114535722936717e-14,
    "Min_Distance": 0.003832765049080945,
    "Max_PathLength": 3.969950550115555,
    "Hash": [
        86.41534067366997,
        37.91445627286797,
        59.20999392041937,
        140.63682801218368,
        481.4211692073927
    ],
    "xinf": -0.13337300552453457,
    "xsup": 0.07819982103657022,
    "yinf": -0.1057864132805524,
    "ysup": 0.1057864132805524,
    "loopnb": [
        3
    ],
    "Targets": [
        [
            0,
            1,
            2
        ]
    ],
    "SpaceRotsUn": [
        [
            [
                [
                    1.0,
                    0.0
                ],
                [
                    0.0,
                    1.0
                ]
            ],
            [
                [
                    1.0,
                    0.0
                ],
                [
                    0.0,
                    1.0
                ]
            ],
            [
                [
                    1.0,
                    0.0
                ],
                [
                    0.0,
                    1.0
                ]
            ]
        ]
    ],
    "TimeRevsUn": [
        [
            1,
            1,
            1
        ]
    ],
    "TimeShiftNumUn": [
        [
            0,
            1,
            2
        ]
    ],
    "TimeShiftDenUn": [
        [
            1,
            3,
            3
        ]
    ],
    "RequiresLoopDispUn": [
        [
            true,
            false,
            false
        ]
    ]
}