{
    "nbody": 3,
    "n_int": 24576,
    "mass": [
        1.0,
        1.0,
        1.0
    ],
    "nloop": 1,
    "Action": 83.08777164148923,
    "Grad_Action": 7.603110313582698e-15,
    "Newton_Error": 1.1198443203460401e-14,
    "Min_Distance": 0.014568683178944719,
    "Max_PathLength": 4.056582762405076,
    "Hash": [
        83.08777164148923,
        36.94188381619138,
        57.77271683367237,
        131.13025760314017,
        403.04569570001587
    ],
    "xinf": -0.0808548369333279,
    "xsup": 0.08658251923215354,
    "yinf": -0.08371867808274082,
    "ysup": 0.08371867808274062,
    "loopnb": [
        3
    ],
    "Targets": [
        [
            0,
            1,
            2
        ]
    ],
    "SpaceRotsUn": [
        [
            [
                [
                    1.0,
                    0.0
                ],
                [
                    0.0,
                    1.0
                ]
            ],
            [
                [
                    1.0,
                    0.0
                ],
                [
                    0.0,
                    1.0
                ]
            ],
            [
                [
                    1.0,
                    0.0
                ],
                [
                    0.0,
                    1.0
                ]
            ]
        ]
    ],
    "TimeRevsUn": [
        [
            1,
            1,
            1
        ]
    ],
    "TimeShiftNumUn": [
        [
            0,
            1,
            2
        ]
    ],
    "TimeShiftDenUn": [
        [
            1,
            3,
            3
        ]
    ],
    "RequiresLoopDispUn": [
        [
            true,
            false,
            false
        ]
    ]
}