{
    "nbody": 3,
    "n_int": 24576,
    "mass": [
        1.0,
        1.0,
        1.0
    ],
    "nloop": 1,
    "Action": 70.16479233750957,
    "Grad_Action": 4.766309820990013e-15,
    "Newton_Error": 1.691716281934242e-14,
    "Min_Distance": 0.010106299830003182,
    "Max_PathLength": 3.5771360258510496,
    "Hash": [
        70.16479233750957,
        32.04378309538202,
        49.65624011008493,
        108.05012461574401,
        315.8394489789434
    ],
    "xinf": -0.080832188496197,
    "xsup": 0.08797638834246174,
    "yinf": -0.08440428841932947,
    "ysup": 0.08440428841932927,
    "loopnb": [
        3
    ],
    "Targets": [
        [
            0,
            1,
            2
        ]
    ],
    "SpaceRotsUn": [
        [
            [
                [
                    1.0,
                    0.0
                ],
                [
                    0.0,
                    1.0
                ]
            ],
            [
                [
                    1.0,
                    0.0
                ],
                [
                    0.0,
                    1.0
                ]
            ],
            [
                [
                    1.0,
                    0.0
                ],
                [
                    0.0,
                    1.0
                ]
            ]
        ]
    ],
    "TimeRevsUn": [
        [
            1,
            1,
            1
        ]
    ],
    "TimeShiftNumUn": [
        [
            0,
            1,
            2
        ]
    ],
    "TimeShiftDenUn": [
        [
            1,
            3,
            3
        ]
    ],
    "RequiresLoopDispUn": [
        [
            true,
            false,
            false
        ]
    ]
}