{
    "nbody": 3,
    "n_int": 49152,
    "mass": [
        1.0,
        1.0,
        1.0
    ],
    "nloop": 1,
    "Action": 86.8101788698106,
    "Grad_Action": 3.271665921377598e-14,
    "Newton_Error": 1.7133497130568016e-14,
    "Min_Distance": 0.01259378165797571,
    "Max_PathLength": 3.982280899428997,
    "Hash": [
        86.8101788698106,
        38.06760943843664,
        59.493308167854856,
        140.93007033223049,
        473.13417870192893
    ],
    "xinf": -0.10936127741139998,
    "xsup": 0.07222738925207059,
    "yinf": -0.09079433333173527,
    "ysup": 0.0907943333317353,
    "loopnb": [
        3
    ],
    "Targets": [
        [
            0,
            1,
            2
        ]
    ],
    "SpaceRotsUn": [
        [
            [
                [
                    1.0,
                    0.0
                ],
                [
                    0.0,
                    1.0
                ]
            ],
            [
                [
                    1.0,
                    0.0
                ],
                [
                    0.0,
                    1.0
                ]
            ],
            [
                [
                    1.0,
                    0.0
                ],
                [
                    0.0,
                    1.0
                ]
            ]
        ]
    ],
    "TimeRevsUn": [
        [
            1,
            1,
            1
        ]
    ],
    "TimeShiftNumUn": [
        [
            0,
            1,
            2
        ]
    ],
    "TimeShiftDenUn": [
        [
            1,
            3,
            3
        ]
    ],
    "RequiresLoopDispUn": [
        [
            true,
            false,
            false
        ]
    ]
}