{
    "nbody": 3,
    "n_int": 12288,
    "mass": [
        1.0,
        1.0,
        1.0
    ],
    "nloop": 1,
    "Action": 47.13335338124909,
    "Grad_Action": 8.773650263002125e-15,
    "Newton_Error": 1.3589524602791412e-14,
    "Min_Distance": 0.015882783168079298,
    "Max_PathLength": 2.9569011555834814,
    "Hash": [
        47.13335338124909,
        23.003183353735967,
        34.66937933313852,
        68.80319349113596,
        176.47570337957006
    ],
    "xinf": -0.1559303666504936,
    "xsup": 0.09879270921565253,
    "yinf": -0.12736153793307303,
    "ysup": 0.1273615379330731,
    "loopnb": [
        3
    ],
    "Targets": [
        [
            0,
            1,
            2
        ]
    ],
    "SpaceRotsUn": [
        [
            [
                [
                    1.0,
                    0.0
                ],
                [
                    0.0,
                    1.0
                ]
            ],
            [
                [
                    1.0,
                    0.0
                ],
                [
                    0.0,
                    1.0
                ]
            ],
            [
                [
                    1.0,
                    0.0
                ],
                [
                    0.0,
                    1.0
                ]
            ]
        ]
    ],
    "TimeRevsUn": [
        [
            1,
            1,
            1
        ]
    ],
    "TimeShiftNumUn": [
        [
            0,
            1,
            2
        ]
    ],
    "TimeShiftDenUn": [
        [
            1,
            3,
            3
        ]
    ],
    "RequiresLoopDispUn": [
        [
            true,
            false,
            false
        ]
    ]
}