{
    "nbody": 3,
    "n_int": 24576,
    "mass": [
        1.0,
        1.0,
        1.0
    ],
    "nloop": 1,
    "Action": 88.6193846350204,
    "Grad_Action": 1.7964658164616617e-14,
    "Newton_Error": 6.479577709254564e-14,
    "Min_Distance": 0.007034304625126102,
    "Max_PathLength": 4.082080393782007,
    "Hash": [
        88.6193846350204,
        38.992233198522,
        61.10265344305066,
        142.02835851707286,
        459.6936625750386
    ],
    "xinf": -0.08691375559046832,
    "xsup": 0.07273545234971701,
    "yinf": -0.07982460397009267,
    "ysup": 0.07982460397009267,
    "loopnb": [
        3
    ],
    "Targets": [
        [
            0,
            1,
            2
        ]
    ],
    "SpaceRotsUn": [
        [
            [
                [
                    1.0,
                    0.0
                ],
                [
                    0.0,
                    1.0
                ]
            ],
            [
                [
                    1.0,
                    0.0
                ],
                [
                    0.0,
                    1.0
                ]
            ],
            [
                [
                    1.0,
                    0.0
                ],
                [
                    0.0,
                    1.0
                ]
            ]
        ]
    ],
    "TimeRevsUn": [
        [
            1,
            1,
            1
        ]
    ],
    "TimeShiftNumUn": [
        [
            0,
            1,
            2
        ]
    ],
    "TimeShiftDenUn": [
        [
            1,
            3,
            3
        ]
    ],
    "RequiresLoopDispUn": [
        [
            true,
            false,
            false
        ]
    ]
}