{
    "nbody": 3,
    "n_int": 24576,
    "mass": [
        1.0,
        1.0,
        1.0
    ],
    "nloop": 1,
    "Action": 86.3721711370914,
    "Grad_Action": 1.866926135650159e-14,
    "Newton_Error": 7.153249190259652e-14,
    "Min_Distance": 0.007127972749310553,
    "Max_PathLength": 4.054032002770719,
    "Hash": [
        86.3721711370914,
        38.18866203375974,
        59.81130373493467,
        137.31096542851637,
        433.0302306648392
    ],
    "xinf": -0.079750151419032,
    "xsup": 0.0698906376432765,
    "yinf": -0.07482039453115416,
    "ysup": 0.07482039453115433,
    "loopnb": [
        3
    ],
    "Targets": [
        [
            0,
            1,
            2
        ]
    ],
    "SpaceRotsUn": [
        [
            [
                [
                    1.0,
                    0.0
                ],
                [
                    0.0,
                    1.0
                ]
            ],
            [
                [
                    1.0,
                    0.0
                ],
                [
                    0.0,
                    1.0
                ]
            ],
            [
                [
                    1.0,
                    0.0
                ],
                [
                    0.0,
                    1.0
                ]
            ]
        ]
    ],
    "TimeRevsUn": [
        [
            1,
            1,
            1
        ]
    ],
    "TimeShiftNumUn": [
        [
            0,
            1,
            2
        ]
    ],
    "TimeShiftDenUn": [
        [
            1,
            3,
            3
        ]
    ],
    "RequiresLoopDispUn": [
        [
            true,
            false,
            false
        ]
    ]
}