{
    "nbody": 3,
    "n_int": 98304,
    "mass": [
        1.0,
        1.0,
        1.0
    ],
    "nloop": 1,
    "Action": 77.67589979474687,
    "Grad_Action": 3.085506669043747e-14,
    "Newton_Error": 5.097706010495609e-14,
    "Min_Distance": 0.005395806058925438,
    "Max_PathLength": 3.661467329652535,
    "Hash": [
        77.67589979474687,
        34.51610347861407,
        53.576664720811955,
        125.61148628306204,
        429.2579555071399
    ],
    "xinf": -0.16050971256214436,
    "xsup": 0.0896541940828619,
    "yinf": -0.12508195332250302,
    "ysup": 0.12508195332250324,
    "loopnb": [
        3
    ],
    "Targets": [
        [
            0,
            1,
            2
        ]
    ],
    "SpaceRotsUn": [
        [
            [
                [
                    1.0,
                    0.0
                ],
                [
                    0.0,
                    1.0
                ]
            ],
            [
                [
                    1.0,
                    0.0
                ],
                [
                    0.0,
                    1.0
                ]
            ],
            [
                [
                    1.0,
                    0.0
                ],
                [
                    0.0,
                    1.0
                ]
            ]
        ]
    ],
    "TimeRevsUn": [
        [
            1,
            1,
            1
        ]
    ],
    "TimeShiftNumUn": [
        [
            0,
            1,
            2
        ]
    ],
    "TimeShiftDenUn": [
        [
            1,
            3,
            3
        ]
    ],
    "RequiresLoopDispUn": [
        [
            true,
            false,
            false
        ]
    ]
}