{
    "nbody": 3,
    "n_int": 12288,
    "mass": [
        1.0,
        1.0,
        1.0
    ],
    "nloop": 1,
    "Action": 47.35076492205998,
    "Grad_Action": 1.7060473958128136e-14,
    "Newton_Error": 3.4703944913215363e-12,
    "Min_Distance": 0.010375626014071663,
    "Max_PathLength": 2.945984604934205,
    "Hash": [
        47.35076492205997,
        23.114161362754682,
        34.83119589248023,
        69.21083825278487,
        179.8939020918869
    ],
    "xinf": -0.12833834387566762,
    "xsup": 0.09336954576004314,
    "yinf": -0.11085394481785538,
    "ysup": 0.11085394481785538,
    "loopnb": [
        3
    ],
    "Targets": [
        [
            0,
            1,
            2
        ]
    ],
    "SpaceRotsUn": [
        [
            [
                [
                    1.0,
                    0.0
                ],
                [
                    0.0,
                    1.0
                ]
            ],
            [
                [
                    1.0,
                    0.0
                ],
                [
                    0.0,
                    1.0
                ]
            ],
            [
                [
                    1.0,
                    0.0
                ],
                [
                    0.0,
                    1.0
                ]
            ]
        ]
    ],
    "TimeRevsUn": [
        [
            1,
            1,
            1
        ]
    ],
    "TimeShiftNumUn": [
        [
            0,
            1,
            2
        ]
    ],
    "TimeShiftDenUn": [
        [
            1,
            3,
            3
        ]
    ],
    "RequiresLoopDispUn": [
        [
            true,
            false,
            false
        ]
    ]
}