{
    "nbody": 3,
    "n_int": 3072,
    "mass": [
        1.0,
        1.0,
        1.0
    ],
    "nloop": 1,
    "Action": 65.4131367878993,
    "Grad_Action": 7.934855150474027e-15,
    "Newton_Error": 1.5589916543215642e-14,
    "Min_Distance": 0.031681182117641205,
    "Max_PathLength": 3.601846497313481,
    "Hash": [
        65.4131367878993,
        30.05681046519513,
        46.387843285579606,
        100.40733725332429,
        287.5429886693849
    ],
    "xinf": -0.12854978804292755,
    "xsup": 0.128549788042927,
    "yinf": -0.12854978804292727,
    "ysup": 0.12854978804292727,
    "loopnb": [
        3
    ],
    "Targets": [
        [
            0,
            1,
            2
        ]
    ],
    "SpaceRotsUn": [
        [
            [
                [
                    1.0,
                    0.0
                ],
                [
                    0.0,
                    1.0
                ]
            ],
            [
                [
                    1.0,
                    0.0
                ],
                [
                    0.0,
                    1.0
                ]
            ],
            [
                [
                    1.0,
                    0.0
                ],
                [
                    0.0,
                    1.0
                ]
            ]
        ]
    ],
    "TimeRevsUn": [
        [
            1,
            1,
            1
        ]
    ],
    "TimeShiftNumUn": [
        [
            0,
            1,
            2
        ]
    ],
    "TimeShiftDenUn": [
        [
            1,
            3,
            3
        ]
    ],
    "RequiresLoopDispUn": [
        [
            true,
            false,
            false
        ]
    ]
}