{
    "nbody": 3,
    "n_int": 98304,
    "mass": [
        1.0,
        1.0,
        1.0
    ],
    "nloop": 1,
    "Action": 67.25200855530537,
    "Grad_Action": 9.554726617714631e-14,
    "Newton_Error": 1.4995909619190907e-13,
    "Min_Distance": 0.004539092239129134,
    "Max_PathLength": 3.5303522229995568,
    "Hash": [
        67.25200855530535,
        30.933337259827674,
        47.797229028380244,
        103.11784834891192,
        302.5654473300773
    ],
    "xinf": -0.09670632173233615,
    "xsup": 0.05894472323466393,
    "yinf": -0.0778255224835001,
    "ysup": 0.07782552248349998,
    "loopnb": [
        3
    ],
    "Targets": [
        [
            0,
            1,
            2
        ]
    ],
    "SpaceRotsUn": [
        [
            [
                [
                    1.0,
                    0.0
                ],
                [
                    0.0,
                    1.0
                ]
            ],
            [
                [
                    1.0,
                    0.0
                ],
                [
                    0.0,
                    1.0
                ]
            ],
            [
                [
                    1.0,
                    0.0
                ],
                [
                    0.0,
                    1.0
                ]
            ]
        ]
    ],
    "TimeRevsUn": [
        [
            1,
            1,
            1
        ]
    ],
    "TimeShiftNumUn": [
        [
            0,
            1,
            2
        ]
    ],
    "TimeShiftDenUn": [
        [
            1,
            3,
            3
        ]
    ],
    "RequiresLoopDispUn": [
        [
            true,
            false,
            false
        ]
    ]
}