{
    "nbody": 3,
    "n_int": 24576,
    "mass": [
        1.0,
        1.0,
        1.0
    ],
    "nloop": 1,
    "Action": 81.89361697347675,
    "Grad_Action": 2.0958237584985852e-14,
    "Newton_Error": 4.119220647652514e-14,
    "Min_Distance": 0.007642649410785628,
    "Max_PathLength": 3.8754141293616975,
    "Hash": [
        81.89361697347675,
        36.305148363447465,
        56.602342715474016,
        131.29404173758292,
        430.5019294957894
    ],
    "xinf": -0.11810595391026914,
    "xsup": 0.06885183431376506,
    "yinf": -0.09347889411201707,
    "ysup": 0.09347889411201712,
    "loopnb": [
        3
    ],
    "Targets": [
        [
            0,
            1,
            2
        ]
    ],
    "SpaceRotsUn": [
        [
            [
                [
                    1.0,
                    0.0
                ],
                [
                    0.0,
                    1.0
                ]
            ],
            [
                [
                    1.0,
                    0.0
                ],
                [
                    0.0,
                    1.0
                ]
            ],
            [
                [
                    1.0,
                    0.0
                ],
                [
                    0.0,
                    1.0
                ]
            ]
        ]
    ],
    "TimeRevsUn": [
        [
            1,
            1,
            1
        ]
    ],
    "TimeShiftNumUn": [
        [
            0,
            1,
            2
        ]
    ],
    "TimeShiftDenUn": [
        [
            1,
            3,
            3
        ]
    ],
    "RequiresLoopDispUn": [
        [
            true,
            false,
            false
        ]
    ]
}