{
    "nbody": 3,
    "n_int": 3072,
    "mass": [
        1.0,
        1.0,
        1.0
    ],
    "nloop": 1,
    "Action": 36.92667885096943,
    "Grad_Action": 1.7066977769883084e-15,
    "Newton_Error": 3.2727884273798237e-15,
    "Min_Distance": 0.03911209656598446,
    "Max_PathLength": 2.709297934572417,
    "Hash": [
        36.926678850969424,
        19.143570878640556,
        28.257573600339267,
        50.601601893584096,
        107.32298391727417
    ],
    "xinf": -0.09925637290348105,
    "xsup": 0.11281398308339108,
    "yinf": -0.10603517799343606,
    "ysup": 0.10603517799343606,
    "loopnb": [
        3
    ],
    "Targets": [
        [
            0,
            1,
            2
        ]
    ],
    "SpaceRotsUn": [
        [
            [
                [
                    1.0,
                    0.0
                ],
                [
                    0.0,
                    1.0
                ]
            ],
            [
                [
                    1.0,
                    0.0
                ],
                [
                    0.0,
                    1.0
                ]
            ],
            [
                [
                    1.0,
                    0.0
                ],
                [
                    0.0,
                    1.0
                ]
            ]
        ]
    ],
    "TimeRevsUn": [
        [
            1,
            1,
            1
        ]
    ],
    "TimeShiftNumUn": [
        [
            0,
            1,
            2
        ]
    ],
    "TimeShiftDenUn": [
        [
            1,
            3,
            3
        ]
    ],
    "RequiresLoopDispUn": [
        [
            true,
            false,
            false
        ]
    ]
}