{
    "nbody": 3,
    "n_int": 49152,
    "mass": [
        1.0,
        1.0,
        1.0
    ],
    "nloop": 1,
    "Action": 69.10223058032271,
    "Grad_Action": 1.7594915162181992e-14,
    "Newton_Error": 3.173212724883549e-14,
    "Min_Distance": 0.007140214092341336,
    "Max_PathLength": 3.5328679487929193,
    "Hash": [
        69.10223058032271,
        31.515038500969787,
        48.711485123279175,
        107.5935687510062,
        329.7293033965535
    ],
    "xinf": -0.10207834583659606,
    "xsup": 0.0645034832988158,
    "yinf": -0.08329091456770589,
    "ysup": 0.08329091456770597,
    "loopnb": [
        3
    ],
    "Targets": [
        [
            0,
            1,
            2
        ]
    ],
    "SpaceRotsUn": [
        [
            [
                [
                    1.0,
                    0.0
                ],
                [
                    0.0,
                    1.0
                ]
            ],
            [
                [
                    1.0,
                    0.0
                ],
                [
                    0.0,
                    1.0
                ]
            ],
            [
                [
                    1.0,
                    0.0
                ],
                [
                    0.0,
                    1.0
                ]
            ]
        ]
    ],
    "TimeRevsUn": [
        [
            1,
            1,
            1
        ]
    ],
    "TimeShiftNumUn": [
        [
            0,
            1,
            2
        ]
    ],
    "TimeShiftDenUn": [
        [
            1,
            3,
            3
        ]
    ],
    "RequiresLoopDispUn": [
        [
            true,
            false,
            false
        ]
    ]
}