{
    "nbody": 3,
    "n_int": 12288,
    "mass": [
        1.0,
        1.0,
        1.0
    ],
    "nloop": 1,
    "Action": 70.68815649278919,
    "Grad_Action": 5.452975099621458e-14,
    "Newton_Error": 1.388351789361947e-13,
    "Min_Distance": 0.012916273513530765,
    "Max_PathLength": 3.512483158175936,
    "Hash": [
        70.68815649278919,
        31.396951585256,
        48.43579586560208,
        115.70345570658586,
        401.0326742960946
    ],
    "xinf": -0.2361824584516213,
    "xsup": 0.12976513422998856,
    "yinf": -0.18297379634080485,
    "ysup": 0.18297379634080502,
    "loopnb": [
        3
    ],
    "Targets": [
        [
            0,
            1,
            2
        ]
    ],
    "SpaceRotsUn": [
        [
            [
                [
                    1.0,
                    0.0
                ],
                [
                    0.0,
                    1.0
                ]
            ],
            [
                [
                    1.0,
                    0.0
                ],
                [
                    0.0,
                    1.0
                ]
            ],
            [
                [
                    1.0,
                    0.0
                ],
                [
                    0.0,
                    1.0
                ]
            ]
        ]
    ],
    "TimeRevsUn": [
        [
            1,
            1,
            1
        ]
    ],
    "TimeShiftNumUn": [
        [
            0,
            1,
            2
        ]
    ],
    "TimeShiftDenUn": [
        [
            1,
            3,
            3
        ]
    ],
    "RequiresLoopDispUn": [
        [
            true,
            false,
            false
        ]
    ]
}