{
    "nbody": 3,
    "n_int": 24576,
    "mass": [
        1.0,
        1.0,
        1.0
    ],
    "nloop": 1,
    "Action": 78.54440034858641,
    "Grad_Action": 1.7140074453753388e-14,
    "Newton_Error": 3.8638721868107874e-14,
    "Min_Distance": 0.009238164865681603,
    "Max_PathLength": 3.8658175358614257,
    "Hash": [
        78.54440034858641,
        35.2330206949086,
        54.9371391395073,
        122.99516737855329,
        373.3374971013313
    ],
    "xinf": -0.08153811251899781,
    "xsup": 0.0589653512762742,
    "yinf": -0.07025173189763595,
    "ysup": 0.07025173189763606,
    "loopnb": [
        3
    ],
    "Targets": [
        [
            0,
            1,
            2
        ]
    ],
    "SpaceRotsUn": [
        [
            [
                [
                    1.0,
                    0.0
                ],
                [
                    0.0,
                    1.0
                ]
            ],
            [
                [
                    1.0,
                    0.0
                ],
                [
                    0.0,
                    1.0
                ]
            ],
            [
                [
                    1.0,
                    0.0
                ],
                [
                    0.0,
                    1.0
                ]
            ]
        ]
    ],
    "TimeRevsUn": [
        [
            1,
            1,
            1
        ]
    ],
    "TimeShiftNumUn": [
        [
            0,
            1,
            2
        ]
    ],
    "TimeShiftDenUn": [
        [
            1,
            3,
            3
        ]
    ],
    "RequiresLoopDispUn": [
        [
            true,
            false,
            false
        ]
    ]
}