{
    "nbody": 3,
    "n_int": 49152,
    "mass": [
        1.0,
        1.0,
        1.0
    ],
    "nloop": 1,
    "Action": 86.1979899085302,
    "Grad_Action": 9.91087923003327e-14,
    "Newton_Error": 8.452608086166241e-14,
    "Min_Distance": 0.005181352231798388,
    "Max_PathLength": 3.797678636785156,
    "Hash": [
        86.1979899085302,
        37.736702932359506,
        58.83808651148776,
        141.68197592617472,
        504.9688436558163
    ],
    "xinf": -0.1423752521521773,
    "xsup": 0.0789714770174095,
    "yinf": -0.11067336458479339,
    "ysup": 0.11067336458479342,
    "loopnb": [
        3
    ],
    "Targets": [
        [
            0,
            1,
            2
        ]
    ],
    "SpaceRotsUn": [
        [
            [
                [
                    1.0,
                    0.0
                ],
                [
                    0.0,
                    1.0
                ]
            ],
            [
                [
                    1.0,
                    0.0
                ],
                [
                    0.0,
                    1.0
                ]
            ],
            [
                [
                    1.0,
                    0.0
                ],
                [
                    0.0,
                    1.0
                ]
            ]
        ]
    ],
    "TimeRevsUn": [
        [
            1,
            1,
            1
        ]
    ],
    "TimeShiftNumUn": [
        [
            0,
            1,
            2
        ]
    ],
    "TimeShiftDenUn": [
        [
            1,
            3,
            3
        ]
    ],
    "RequiresLoopDispUn": [
        [
            true,
            false,
            false
        ]
    ]
}