{
    "nbody": 3,
    "n_int": 98304,
    "mass": [
        1.0,
        1.0,
        1.0
    ],
    "nloop": 1,
    "Action": 78.33369355560696,
    "Grad_Action": 8.659762723065065e-15,
    "Newton_Error": 3.990545763329911e-15,
    "Min_Distance": 0.01623155060363977,
    "Max_PathLength": 3.91631672355021,
    "Hash": [
        78.33369355560696,
        35.21038412453833,
        54.94786957976585,
        121.7853502258465,
        358.4991732535495
    ],
    "xinf": -0.0642433153929642,
    "xsup": 0.08670736425710827,
    "yinf": -0.07547533982503629,
    "ysup": 0.07547533982503618,
    "loopnb": [
        3
    ],
    "Targets": [
        [
            0,
            1,
            2
        ]
    ],
    "SpaceRotsUn": [
        [
            [
                [
                    1.0,
                    0.0
                ],
                [
                    0.0,
                    1.0
                ]
            ],
            [
                [
                    1.0,
                    0.0
                ],
                [
                    0.0,
                    1.0
                ]
            ],
            [
                [
                    1.0,
                    0.0
                ],
                [
                    0.0,
                    1.0
                ]
            ]
        ]
    ],
    "TimeRevsUn": [
        [
            1,
            1,
            1
        ]
    ],
    "TimeShiftNumUn": [
        [
            0,
            1,
            2
        ]
    ],
    "TimeShiftDenUn": [
        [
            1,
            3,
            3
        ]
    ],
    "RequiresLoopDispUn": [
        [
            true,
            false,
            false
        ]
    ]
}