{
    "nbody": 3,
    "n_int": 1536,
    "mass": [
        1.0,
        1.0,
        1.0
    ],
    "nloop": 1,
    "Action": 42.601724223999135,
    "Grad_Action": 2.234185143660975e-15,
    "Newton_Error": 7.425628074731552e-15,
    "Min_Distance": 0.04010617718351158,
    "Max_PathLength": 2.77591344136591,
    "Hash": [
        42.601724223999135,
        21.437644836190003,
        32.09369521039423,
        59.56798073222291,
        132.20631759581224
    ],
    "xinf": -0.1146736970603513,
    "xsup": 0.10660193698001824,
    "yinf": -0.11063781702018478,
    "ysup": 0.11063781702018476,
    "loopnb": [
        3
    ],
    "Targets": [
        [
            0,
            1,
            2
        ]
    ],
    "SpaceRotsUn": [
        [
            [
                [
                    1.0,
                    0.0
                ],
                [
                    0.0,
                    1.0
                ]
            ],
            [
                [
                    1.0,
                    0.0
                ],
                [
                    0.0,
                    1.0
                ]
            ],
            [
                [
                    1.0,
                    0.0
                ],
                [
                    0.0,
                    1.0
                ]
            ]
        ]
    ],
    "TimeRevsUn": [
        [
            1,
            1,
            1
        ]
    ],
    "TimeShiftNumUn": [
        [
            0,
            1,
            2
        ]
    ],
    "TimeShiftDenUn": [
        [
            1,
            3,
            3
        ]
    ],
    "RequiresLoopDispUn": [
        [
            true,
            false,
            false
        ]
    ]
}