{
    "nbody": 3,
    "n_int": 393216,
    "mass": [
        1.0,
        1.0,
        1.0
    ],
    "nloop": 1,
    "Action": 69.90133335440716,
    "Grad_Action": 5.391698208733672e-14,
    "Newton_Error": 2.781352976858574e-13,
    "Min_Distance": 0.0014319616549794895,
    "Max_PathLength": 3.348577397898878,
    "Hash": [
        69.90133335440716,
        31.405341325535442,
        48.42792869453156,
        112.6325484316837,
        384.1633040963816
    ],
    "xinf": -0.12417373496505413,
    "xsup": 0.15243359461980222,
    "yinf": -0.13830366479242814,
    "ysup": 0.1383036647924282,
    "loopnb": [
        3
    ],
    "Targets": [
        [
            0,
            1,
            2
        ]
    ],
    "SpaceRotsUn": [
        [
            [
                [
                    1.0,
                    0.0
                ],
                [
                    0.0,
                    1.0
                ]
            ],
            [
                [
                    1.0,
                    0.0
                ],
                [
                    0.0,
                    1.0
                ]
            ],
            [
                [
                    1.0,
                    0.0
                ],
                [
                    0.0,
                    1.0
                ]
            ]
        ]
    ],
    "TimeRevsUn": [
        [
            1,
            1,
            1
        ]
    ],
    "TimeShiftNumUn": [
        [
            0,
            1,
            2
        ]
    ],
    "TimeShiftDenUn": [
        [
            1,
            3,
            3
        ]
    ],
    "RequiresLoopDispUn": [
        [
            true,
            false,
            false
        ]
    ]
}