{
    "nbody": 3,
    "n_int": 393216,
    "mass": [
        1.0,
        1.0,
        1.0
    ],
    "nloop": 1,
    "Action": 82.59176405970138,
    "Grad_Action": 9.366047641605378e-14,
    "Newton_Error": 1.746678385684992e-14,
    "Min_Distance": 0.007230790902977213,
    "Max_PathLength": 3.8146769079005383,
    "Hash": [
        82.59176405970136,
        36.5286246460956,
        56.94943786139035,
        133.0103256010717,
        441.8713003895677
    ],
    "xinf": -0.0957957847661054,
    "xsup": 0.06837929885955502,
    "yinf": -0.08208754181283023,
    "ysup": 0.08208754181283018,
    "loopnb": [
        3
    ],
    "Targets": [
        [
            0,
            1,
            2
        ]
    ],
    "SpaceRotsUn": [
        [
            [
                [
                    1.0,
                    0.0
                ],
                [
                    0.0,
                    1.0
                ]
            ],
            [
                [
                    1.0,
                    0.0
                ],
                [
                    0.0,
                    1.0
                ]
            ],
            [
                [
                    1.0,
                    0.0
                ],
                [
                    0.0,
                    1.0
                ]
            ]
        ]
    ],
    "TimeRevsUn": [
        [
            1,
            1,
            1
        ]
    ],
    "TimeShiftNumUn": [
        [
            0,
            1,
            2
        ]
    ],
    "TimeShiftDenUn": [
        [
            1,
            3,
            3
        ]
    ],
    "RequiresLoopDispUn": [
        [
            true,
            false,
            false
        ]
    ]
}