{
    "nbody": 3,
    "n_int": 49152,
    "mass": [
        1.0,
        1.0,
        1.0
    ],
    "nloop": 1,
    "Action": 72.7411896758899,
    "Grad_Action": 5.114916821684739e-13,
    "Newton_Error": 1.458410893745373e-13,
    "Min_Distance": 0.010187028882121611,
    "Max_PathLength": 3.7149990208656543,
    "Hash": [
        72.7411896758899,
        33.01582387510515,
        51.263348243540676,
        112.70845070930618,
        333.9886421660485
    ],
    "xinf": -0.08251293361877514,
    "xsup": 0.061794327308784605,
    "yinf": -0.07215363046378007,
    "ysup": 0.07215363046377968,
    "loopnb": [
        3
    ],
    "Targets": [
        [
            0,
            1,
            2
        ]
    ],
    "SpaceRotsUn": [
        [
            [
                [
                    1.0,
                    0.0
                ],
                [
                    0.0,
                    1.0
                ]
            ],
            [
                [
                    1.0,
                    0.0
                ],
                [
                    0.0,
                    1.0
                ]
            ],
            [
                [
                    1.0,
                    0.0
                ],
                [
                    0.0,
                    1.0
                ]
            ]
        ]
    ],
    "TimeRevsUn": [
        [
            1,
            1,
            1
        ]
    ],
    "TimeShiftNumUn": [
        [
            0,
            1,
            2
        ]
    ],
    "TimeShiftDenUn": [
        [
            1,
            3,
            3
        ]
    ],
    "RequiresLoopDispUn": [
        [
            true,
            false,
            false
        ]
    ]
}