{
    "nbody": 3,
    "n_int": 49152,
    "mass": [
        1.0,
        1.0,
        1.0
    ],
    "nloop": 1,
    "Action": 57.4678045753558,
    "Grad_Action": 1.9645740598728025e-14,
    "Newton_Error": 1.8920065113706752e-14,
    "Min_Distance": 0.009809348519872883,
    "Max_PathLength": 3.1887633307981122,
    "Hash": [
        57.4678045753558,
        27.06544347332879,
        41.37906262308504,
        86.60632656739044,
        243.11411085130663
    ],
    "xinf": -0.08420384415936992,
    "xsup": 0.11549037655690027,
    "yinf": -0.09984711035813508,
    "ysup": 0.09984711035813511,
    "loopnb": [
        3
    ],
    "Targets": [
        [
            0,
            1,
            2
        ]
    ],
    "SpaceRotsUn": [
        [
            [
                [
                    1.0,
                    0.0
                ],
                [
                    0.0,
                    1.0
                ]
            ],
            [
                [
                    1.0,
                    0.0
                ],
                [
                    0.0,
                    1.0
                ]
            ],
            [
                [
                    1.0,
                    0.0
                ],
                [
                    0.0,
                    1.0
                ]
            ]
        ]
    ],
    "TimeRevsUn": [
        [
            1,
            1,
            1
        ]
    ],
    "TimeShiftNumUn": [
        [
            0,
            1,
            2
        ]
    ],
    "TimeShiftDenUn": [
        [
            1,
            3,
            3
        ]
    ],
    "RequiresLoopDispUn": [
        [
            true,
            false,
            false
        ]
    ]
}