{
    "nbody": 3,
    "n_int": 98304,
    "mass": [
        1.0,
        1.0,
        1.0
    ],
    "nloop": 1,
    "Action": 78.30518485418895,
    "Grad_Action": 5.573026586034825e-09,
    "Newton_Error": 2.6405747350264646e-09,
    "Min_Distance": 0.004238154907806976,
    "Max_PathLength": 3.6450840297283382,
    "Hash": [
        78.30518485418895,
        34.809275269626326,
        54.02889124313975,
        126.76511786675943,
        438.92956891473347
    ],
    "xinf": -0.1364273188393951,
    "xsup": 0.07717642744330375,
    "yinf": -0.10680187314134937,
    "ysup": 0.10680187314134948,
    "loopnb": [
        3
    ],
    "Targets": [
        [
            0,
            1,
            2
        ]
    ],
    "SpaceRotsUn": [
        [
            [
                [
                    1.0,
                    0.0
                ],
                [
                    0.0,
                    1.0
                ]
            ],
            [
                [
                    1.0,
                    0.0
                ],
                [
                    0.0,
                    1.0
                ]
            ],
            [
                [
                    1.0,
                    0.0
                ],
                [
                    0.0,
                    1.0
                ]
            ]
        ]
    ],
    "TimeRevsUn": [
        [
            1,
            1,
            1
        ]
    ],
    "TimeShiftNumUn": [
        [
            0,
            1,
            2
        ]
    ],
    "TimeShiftDenUn": [
        [
            1,
            3,
            3
        ]
    ],
    "RequiresLoopDispUn": [
        [
            true,
            false,
            false
        ]
    ]
}