{
    "nbody": 3,
    "n_int": 24576,
    "mass": [
        1.0,
        1.0,
        1.0
    ],
    "nloop": 1,
    "Action": 87.18763972159968,
    "Grad_Action": 4.602129659102243e-14,
    "Newton_Error": 4.4920163323537336e-14,
    "Min_Distance": 0.009484578571997488,
    "Max_PathLength": 4.035995165161676,
    "Hash": [
        87.18763972159968,
        38.3336997013117,
        59.97528217061925,
        140.49563729837635,
        462.32427990340284
    ],
    "xinf": -0.11001898721337348,
    "xsup": 0.08743944138821634,
    "yinf": -0.09872921430079498,
    "ysup": 0.09872921430079484,
    "loopnb": [
        3
    ],
    "Targets": [
        [
            0,
            1,
            2
        ]
    ],
    "SpaceRotsUn": [
        [
            [
                [
                    1.0,
                    0.0
                ],
                [
                    0.0,
                    1.0
                ]
            ],
            [
                [
                    1.0,
                    0.0
                ],
                [
                    0.0,
                    1.0
                ]
            ],
            [
                [
                    1.0,
                    0.0
                ],
                [
                    0.0,
                    1.0
                ]
            ]
        ]
    ],
    "TimeRevsUn": [
        [
            1,
            1,
            1
        ]
    ],
    "TimeShiftNumUn": [
        [
            0,
            1,
            2
        ]
    ],
    "TimeShiftDenUn": [
        [
            1,
            3,
            3
        ]
    ],
    "RequiresLoopDispUn": [
        [
            true,
            false,
            false
        ]
    ]
}