{
    "nbody": 3,
    "n_int": 49152,
    "mass": [
        1.0,
        1.0,
        1.0
    ],
    "nloop": 1,
    "Action": 73.85307152034402,
    "Grad_Action": 2.7697559814062438e-11,
    "Newton_Error": 1.2247910073197623e-11,
    "Min_Distance": 0.005861419786451601,
    "Max_PathLength": 3.600864055441738,
    "Hash": [
        73.85307152034402,
        33.223037653842056,
        51.47652622485403,
        117.33948806493036,
        382.65721332287916
    ],
    "xinf": -0.11983851170399729,
    "xsup": 0.0707326717615181,
    "yinf": -0.09528559173275777,
    "ysup": 0.09528559173275761,
    "loopnb": [
        3
    ],
    "Targets": [
        [
            0,
            1,
            2
        ]
    ],
    "SpaceRotsUn": [
        [
            [
                [
                    1.0,
                    0.0
                ],
                [
                    0.0,
                    1.0
                ]
            ],
            [
                [
                    1.0,
                    0.0
                ],
                [
                    0.0,
                    1.0
                ]
            ],
            [
                [
                    1.0,
                    0.0
                ],
                [
                    0.0,
                    1.0
                ]
            ]
        ]
    ],
    "TimeRevsUn": [
        [
            1,
            1,
            1
        ]
    ],
    "TimeShiftNumUn": [
        [
            0,
            1,
            2
        ]
    ],
    "TimeShiftDenUn": [
        [
            1,
            3,
            3
        ]
    ],
    "RequiresLoopDispUn": [
        [
            true,
            false,
            false
        ]
    ]
}