{
    "nbody": 3,
    "n_int": 98304,
    "mass": [
        1.0,
        1.0,
        1.0
    ],
    "nloop": 1,
    "Action": 47.80848123484211,
    "Grad_Action": 4.445660561975484e-11,
    "Newton_Error": 5.704898069816688e-12,
    "Min_Distance": 0.028195029675939953,
    "Max_PathLength": 3.0303272214822137,
    "Hash": [
        47.80848123484211,
        23.37693723402976,
        35.32623214800154,
        68.93227530744768,
        167.25922095813746
    ],
    "xinf": -0.11950024341503132,
    "xsup": 0.132608460693712,
    "yinf": -0.12605435205437165,
    "ysup": 0.12605435205437165,
    "loopnb": [
        3
    ],
    "Targets": [
        [
            0,
            1,
            2
        ]
    ],
    "SpaceRotsUn": [
        [
            [
                [
                    1.0,
                    0.0
                ],
                [
                    0.0,
                    1.0
                ]
            ],
            [
                [
                    1.0,
                    0.0
                ],
                [
                    0.0,
                    1.0
                ]
            ],
            [
                [
                    1.0,
                    0.0
                ],
                [
                    0.0,
                    1.0
                ]
            ]
        ]
    ],
    "TimeRevsUn": [
        [
            1,
            1,
            1
        ]
    ],
    "TimeShiftNumUn": [
        [
            0,
            1,
            2
        ]
    ],
    "TimeShiftDenUn": [
        [
            1,
            3,
            3
        ]
    ],
    "RequiresLoopDispUn": [
        [
            true,
            false,
            false
        ]
    ]
}