{
    "nbody": 3,
    "n_int": 3072,
    "mass": [
        1.0,
        1.0,
        1.0
    ],
    "nloop": 1,
    "Action": 47.80848123484196,
    "Grad_Action": 7.410269653816637e-15,
    "Newton_Error": 6.794022474693169e-15,
    "Min_Distance": 0.02819516041616187,
    "Max_PathLength": 3.030213913472986,
    "Hash": [
        47.80848123484197,
        23.376937234039993,
        35.32623214800657,
        68.93227530744112,
        167.25922095812578
    ],
    "xinf": -0.11949983577604269,
    "xsup": 0.1326083218687672,
    "yinf": -0.12605407882240488,
    "ysup": 0.126054078822405,
    "loopnb": [
        3
    ],
    "Targets": [
        [
            0,
            1,
            2
        ]
    ],
    "SpaceRotsUn": [
        [
            [
                [
                    1.0,
                    0.0
                ],
                [
                    0.0,
                    1.0
                ]
            ],
            [
                [
                    1.0,
                    0.0
                ],
                [
                    0.0,
                    1.0
                ]
            ],
            [
                [
                    1.0,
                    0.0
                ],
                [
                    0.0,
                    1.0
                ]
            ]
        ]
    ],
    "TimeRevsUn": [
        [
            1,
            1,
            1
        ]
    ],
    "TimeShiftNumUn": [
        [
            0,
            1,
            2
        ]
    ],
    "TimeShiftDenUn": [
        [
            1,
            3,
            3
        ]
    ],
    "RequiresLoopDispUn": [
        [
            true,
            false,
            false
        ]
    ]
}