{
    "nbody": 3,
    "n_int": 1536,
    "mass": [
        1.0,
        1.0,
        1.0
    ],
    "nloop": 1,
    "Action": 32.712289750324736,
    "Grad_Action": 2.045739326559427e-15,
    "Newton_Error": 3.892797413329694e-15,
    "Min_Distance": 0.044666640581139075,
    "Max_PathLength": 2.5141662549350796,
    "Hash": [
        32.712289750324736,
        17.330731498334448,
        25.259527635416646,
        44.39881754488697,
        92.50236342135648
    ],
    "xinf": -0.16625442022303338,
    "xsup": 0.11510848258669981,
    "yinf": -0.14068145140486665,
    "ysup": 0.14068145140486654,
    "loopnb": [
        3
    ],
    "Targets": [
        [
            0,
            1,
            2
        ]
    ],
    "SpaceRotsUn": [
        [
            [
                [
                    1.0,
                    0.0
                ],
                [
                    0.0,
                    1.0
                ]
            ],
            [
                [
                    1.0,
                    0.0
                ],
                [
                    0.0,
                    1.0
                ]
            ],
            [
                [
                    1.0,
                    0.0
                ],
                [
                    0.0,
                    1.0
                ]
            ]
        ]
    ],
    "TimeRevsUn": [
        [
            1,
            1,
            1
        ]
    ],
    "TimeShiftNumUn": [
        [
            0,
            1,
            2
        ]
    ],
    "TimeShiftDenUn": [
        [
            1,
            3,
            3
        ]
    ],
    "RequiresLoopDispUn": [
        [
            true,
            false,
            false
        ]
    ]
}