{
    "nbody": 3,
    "n_int": 12288,
    "mass": [
        1.0,
        1.0,
        1.0
    ],
    "nloop": 1,
    "Action": 81.67394080695199,
    "Grad_Action": 9.939894968726371e-15,
    "Newton_Error": 4.511771915350685e-14,
    "Min_Distance": 0.013699465198326315,
    "Max_PathLength": 4.018897031883949,
    "Hash": [
        81.67394080695199,
        36.52116804062185,
        57.127619250129946,
        127.42266230728536,
        377.7289465229332
    ],
    "xinf": -0.06075210570154555,
    "xsup": 0.0635414046798577,
    "yinf": -0.06214675519070169,
    "ysup": 0.06214675519070155,
    "loopnb": [
        3
    ],
    "Targets": [
        [
            0,
            1,
            2
        ]
    ],
    "SpaceRotsUn": [
        [
            [
                [
                    1.0,
                    0.0
                ],
                [
                    0.0,
                    1.0
                ]
            ],
            [
                [
                    1.0,
                    0.0
                ],
                [
                    0.0,
                    1.0
                ]
            ],
            [
                [
                    1.0,
                    0.0
                ],
                [
                    0.0,
                    1.0
                ]
            ]
        ]
    ],
    "TimeRevsUn": [
        [
            1,
            1,
            1
        ]
    ],
    "TimeShiftNumUn": [
        [
            0,
            1,
            2
        ]
    ],
    "TimeShiftDenUn": [
        [
            1,
            3,
            3
        ]
    ],
    "RequiresLoopDispUn": [
        [
            true,
            false,
            false
        ]
    ]
}