{
    "nbody": 3,
    "n_int": 12288,
    "mass": [
        1.0,
        1.0,
        1.0
    ],
    "nloop": 1,
    "Action": 67.48779149921708,
    "Grad_Action": 1.1552398362277176e-14,
    "Newton_Error": 3.652944536243588e-14,
    "Min_Distance": 0.012701518885116522,
    "Max_PathLength": 3.6179655425137986,
    "Hash": [
        67.48779149921708,
        31.0903551236216,
        48.12212857130637,
        102.42941095053676,
        284.40087090457683
    ],
    "xinf": -0.07249704807449735,
    "xsup": 0.08015124324117325,
    "yinf": -0.07632414565783519,
    "ysup": 0.07632414565783541,
    "loopnb": [
        3
    ],
    "Targets": [
        [
            0,
            1,
            2
        ]
    ],
    "SpaceRotsUn": [
        [
            [
                [
                    1.0,
                    0.0
                ],
                [
                    0.0,
                    1.0
                ]
            ],
            [
                [
                    1.0,
                    0.0
                ],
                [
                    0.0,
                    1.0
                ]
            ],
            [
                [
                    1.0,
                    0.0
                ],
                [
                    0.0,
                    1.0
                ]
            ]
        ]
    ],
    "TimeRevsUn": [
        [
            1,
            1,
            1
        ]
    ],
    "TimeShiftNumUn": [
        [
            0,
            1,
            2
        ]
    ],
    "TimeShiftDenUn": [
        [
            1,
            3,
            3
        ]
    ],
    "RequiresLoopDispUn": [
        [
            true,
            false,
            false
        ]
    ]
}