{
    "nbody": 3,
    "n_int": 196608,
    "mass": [
        1.0,
        1.0,
        1.0
    ],
    "nloop": 1,
    "Action": 83.93930707600151,
    "Grad_Action": 0.0035793293698521945,
    "Newton_Error": 0.0013442111235019395,
    "Min_Distance": 0.005900367700234263,
    "Max_PathLength": 3.8811682032944708,
    "Hash": [
        83.93930707600151,
        37.12307763960057,
        57.979348483243506,
        134.4792536535053,
        437.77294240519507
    ],
    "xinf": -0.08712225652959589,
    "xsup": 0.1056861008435198,
    "yinf": -0.0964041786865579,
    "ysup": 0.09640417868655779,
    "loopnb": [
        3
    ],
    "Targets": [
        [
            0,
            1,
            2
        ]
    ],
    "SpaceRotsUn": [
        [
            [
                [
                    1.0,
                    0.0
                ],
                [
                    0.0,
                    1.0
                ]
            ],
            [
                [
                    1.0,
                    0.0
                ],
                [
                    0.0,
                    1.0
                ]
            ],
            [
                [
                    1.0,
                    0.0
                ],
                [
                    0.0,
                    1.0
                ]
            ]
        ]
    ],
    "TimeRevsUn": [
        [
            1,
            1,
            1
        ]
    ],
    "TimeShiftNumUn": [
        [
            0,
            1,
            2
        ]
    ],
    "TimeShiftDenUn": [
        [
            1,
            3,
            3
        ]
    ],
    "RequiresLoopDispUn": [
        [
            true,
            false,
            false
        ]
    ]
}