{
    "nbody": 3,
    "n_int": 24576,
    "mass": [
        1.0,
        1.0,
        1.0
    ],
    "nloop": 1,
    "Action": 85.82141255244781,
    "Grad_Action": 3.428533525215535e-14,
    "Newton_Error": 4.966478453903019e-14,
    "Min_Distance": 0.010184931730467231,
    "Max_PathLength": 3.9116269839237927,
    "Hash": [
        85.82141255244781,
        37.41401626857448,
        58.28777837331573,
        142.09974444108107,
        508.39327332215515
    ],
    "xinf": -0.08425774147998608,
    "xsup": 0.13548840293501796,
    "yinf": -0.10987307220750203,
    "ysup": 0.109873072207502,
    "loopnb": [
        3
    ],
    "Targets": [
        [
            0,
            1,
            2
        ]
    ],
    "SpaceRotsUn": [
        [
            [
                [
                    1.0,
                    0.0
                ],
                [
                    0.0,
                    1.0
                ]
            ],
            [
                [
                    1.0,
                    0.0
                ],
                [
                    0.0,
                    1.0
                ]
            ],
            [
                [
                    1.0,
                    0.0
                ],
                [
                    0.0,
                    1.0
                ]
            ]
        ]
    ],
    "TimeRevsUn": [
        [
            1,
            1,
            1
        ]
    ],
    "TimeShiftNumUn": [
        [
            0,
            1,
            2
        ]
    ],
    "TimeShiftDenUn": [
        [
            1,
            3,
            3
        ]
    ],
    "RequiresLoopDispUn": [
        [
            true,
            false,
            false
        ]
    ]
}