{
    "nbody": 3,
    "n_int": 24576,
    "mass": [
        1.0,
        1.0,
        1.0
    ],
    "nloop": 1,
    "Action": 78.17564860175813,
    "Grad_Action": 2.3105326235801115e-14,
    "Newton_Error": 1.1915079040957209e-14,
    "Min_Distance": 0.01383978232977557,
    "Max_PathLength": 3.88943397425442,
    "Hash": [
        78.17564860175813,
        35.109275216885806,
        54.75394286116572,
        122.00985451356296,
        364.9116836937441
    ],
    "xinf": -0.08964890173715225,
    "xsup": 0.07218965325386088,
    "yinf": -0.08091927749550645,
    "ysup": 0.08091927749550668,
    "loopnb": [
        3
    ],
    "Targets": [
        [
            0,
            1,
            2
        ]
    ],
    "SpaceRotsUn": [
        [
            [
                [
                    1.0,
                    0.0
                ],
                [
                    0.0,
                    1.0
                ]
            ],
            [
                [
                    1.0,
                    0.0
                ],
                [
                    0.0,
                    1.0
                ]
            ],
            [
                [
                    1.0,
                    0.0
                ],
                [
                    0.0,
                    1.0
                ]
            ]
        ]
    ],
    "TimeRevsUn": [
        [
            1,
            1,
            1
        ]
    ],
    "TimeShiftNumUn": [
        [
            0,
            1,
            2
        ]
    ],
    "TimeShiftDenUn": [
        [
            1,
            3,
            3
        ]
    ],
    "RequiresLoopDispUn": [
        [
            true,
            false,
            false
        ]
    ]
}