{
    "nbody": 3,
    "n_int": 49152,
    "mass": [
        1.0,
        1.0,
        1.0
    ],
    "nloop": 1,
    "Action": 87.5251659091387,
    "Grad_Action": 3.483711150268311e-14,
    "Newton_Error": 2.28748172412955e-14,
    "Min_Distance": 0.01162099635080268,
    "Max_PathLength": 4.135095483048276,
    "Hash": [
        87.5251659091387,
        38.53714322363592,
        60.35714491158007,
        140.17173219438482,
        450.1239300027619
    ],
    "xinf": -0.0869007854420176,
    "xsup": 0.09302471562866774,
    "yinf": -0.08996275053534278,
    "ysup": 0.08996275053534256,
    "loopnb": [
        3
    ],
    "Targets": [
        [
            0,
            1,
            2
        ]
    ],
    "SpaceRotsUn": [
        [
            [
                [
                    1.0,
                    0.0
                ],
                [
                    0.0,
                    1.0
                ]
            ],
            [
                [
                    1.0,
                    0.0
                ],
                [
                    0.0,
                    1.0
                ]
            ],
            [
                [
                    1.0,
                    0.0
                ],
                [
                    0.0,
                    1.0
                ]
            ]
        ]
    ],
    "TimeRevsUn": [
        [
            1,
            1,
            1
        ]
    ],
    "TimeShiftNumUn": [
        [
            0,
            1,
            2
        ]
    ],
    "TimeShiftDenUn": [
        [
            1,
            3,
            3
        ]
    ],
    "RequiresLoopDispUn": [
        [
            true,
            false,
            false
        ]
    ]
}