{
    "nbody": 3,
    "n_int": 98304,
    "mass": [
        1.0,
        1.0,
        1.0
    ],
    "nloop": 1,
    "Action": 77.18037702053631,
    "Grad_Action": 2.525611617505134e-12,
    "Newton_Error": 1.1125445066739801e-12,
    "Min_Distance": 0.002937114780887545,
    "Max_PathLength": 3.6665148694182066,
    "Hash": [
        77.18037702053631,
        34.57802008583064,
        53.723597941184764,
        122.80134140820658,
        404.72723497390905
    ],
    "xinf": -0.10313505036851678,
    "xsup": 0.06922464962961372,
    "yinf": -0.08617984999906536,
    "ysup": 0.08617984999906514,
    "loopnb": [
        3
    ],
    "Targets": [
        [
            0,
            1,
            2
        ]
    ],
    "SpaceRotsUn": [
        [
            [
                [
                    1.0,
                    0.0
                ],
                [
                    0.0,
                    1.0
                ]
            ],
            [
                [
                    1.0,
                    0.0
                ],
                [
                    0.0,
                    1.0
                ]
            ],
            [
                [
                    1.0,
                    0.0
                ],
                [
                    0.0,
                    1.0
                ]
            ]
        ]
    ],
    "TimeRevsUn": [
        [
            1,
            1,
            1
        ]
    ],
    "TimeShiftNumUn": [
        [
            0,
            1,
            2
        ]
    ],
    "TimeShiftDenUn": [
        [
            1,
            3,
            3
        ]
    ],
    "RequiresLoopDispUn": [
        [
            true,
            false,
            false
        ]
    ]
}