{
    "nbody": 3,
    "n_int": 49152,
    "mass": [
        1.0,
        1.0,
        1.0
    ],
    "nloop": 1,
    "Action": 68.92645159499922,
    "Grad_Action": 4.446725140817984e-14,
    "Newton_Error": 3.317141826886785e-12,
    "Min_Distance": 0.004296756973022243,
    "Max_PathLength": 3.3737527898129924,
    "Hash": [
        68.92645159499921,
        31.330429695114283,
        48.30586304845604,
        109.12056460202885,
        362.20928320105264
    ],
    "xinf": -0.06454134496758157,
    "xsup": 0.10603384833473173,
    "yinf": -0.08528759665115676,
    "ysup": 0.08528759665115654,
    "loopnb": [
        3
    ],
    "Targets": [
        [
            0,
            1,
            2
        ]
    ],
    "SpaceRotsUn": [
        [
            [
                [
                    1.0,
                    0.0
                ],
                [
                    0.0,
                    1.0
                ]
            ],
            [
                [
                    1.0,
                    0.0
                ],
                [
                    0.0,
                    1.0
                ]
            ],
            [
                [
                    1.0,
                    0.0
                ],
                [
                    0.0,
                    1.0
                ]
            ]
        ]
    ],
    "TimeRevsUn": [
        [
            1,
            1,
            1
        ]
    ],
    "TimeShiftNumUn": [
        [
            0,
            1,
            2
        ]
    ],
    "TimeShiftDenUn": [
        [
            1,
            3,
            3
        ]
    ],
    "RequiresLoopDispUn": [
        [
            true,
            false,
            false
        ]
    ]
}