{
    "nbody": 3,
    "n_int": 98304,
    "mass": [
        1.0,
        1.0,
        1.0
    ],
    "nloop": 1,
    "Action": 86.3721711370921,
    "Grad_Action": 1.2778572055851999e-14,
    "Newton_Error": 1.1707257948508783e-14,
    "Min_Distance": 0.007127972749310553,
    "Max_PathLength": 4.054054697838223,
    "Hash": [
        86.3721711370921,
        38.18866203375983,
        59.81130373493465,
        137.31096542851574,
        433.03023066484207
    ],
    "xinf": -0.07975016405876731,
    "xsup": 0.06989064513271234,
    "yinf": -0.07482040459573974,
    "ysup": 0.07482040459573991,
    "loopnb": [
        3
    ],
    "Targets": [
        [
            0,
            1,
            2
        ]
    ],
    "SpaceRotsUn": [
        [
            [
                [
                    1.0,
                    0.0
                ],
                [
                    0.0,
                    1.0
                ]
            ],
            [
                [
                    1.0,
                    0.0
                ],
                [
                    0.0,
                    1.0
                ]
            ],
            [
                [
                    1.0,
                    0.0
                ],
                [
                    0.0,
                    1.0
                ]
            ]
        ]
    ],
    "TimeRevsUn": [
        [
            1,
            1,
            1
        ]
    ],
    "TimeShiftNumUn": [
        [
            0,
            1,
            2
        ]
    ],
    "TimeShiftDenUn": [
        [
            1,
            3,
            3
        ]
    ],
    "RequiresLoopDispUn": [
        [
            true,
            false,
            false
        ]
    ]
}