{
    "nbody": 3,
    "n_int": 6144,
    "mass": [
        1.0,
        1.0,
        1.0
    ],
    "nloop": 1,
    "Action": 39.39676741782733,
    "Grad_Action": 4.602711053039973e-15,
    "Newton_Error": 8.811947853911654e-15,
    "Min_Distance": 0.02253866016411516,
    "Max_PathLength": 2.765295645898062,
    "Hash": [
        39.39676741782733,
        19.958692062594388,
        29.62541780491018,
        55.66583740706388,
        130.56512711057
    ],
    "xinf": -0.18303666076245495,
    "xsup": 0.11588983959593534,
    "yinf": -0.1494632501791952,
    "ysup": 0.1494632501791951,
    "loopnb": [
        3
    ],
    "Targets": [
        [
            0,
            1,
            2
        ]
    ],
    "SpaceRotsUn": [
        [
            [
                [
                    1.0,
                    0.0
                ],
                [
                    0.0,
                    1.0
                ]
            ],
            [
                [
                    1.0,
                    0.0
                ],
                [
                    0.0,
                    1.0
                ]
            ],
            [
                [
                    1.0,
                    0.0
                ],
                [
                    0.0,
                    1.0
                ]
            ]
        ]
    ],
    "TimeRevsUn": [
        [
            1,
            1,
            1
        ]
    ],
    "TimeShiftNumUn": [
        [
            0,
            1,
            2
        ]
    ],
    "TimeShiftDenUn": [
        [
            1,
            3,
            3
        ]
    ],
    "RequiresLoopDispUn": [
        [
            true,
            false,
            false
        ]
    ]
}