{
    "nbody": 3,
    "n_int": 12288,
    "mass": [
        1.0,
        1.0,
        1.0
    ],
    "nloop": 1,
    "Action": 86.43347897143923,
    "Grad_Action": 1.2716417379780176e-14,
    "Newton_Error": 2.6053532128136332e-14,
    "Min_Distance": 0.013548445505836254,
    "Max_PathLength": 4.1512247589161255,
    "Hash": [
        86.43347897143923,
        38.27038553623352,
        59.996307135541215,
        136.54084071390002,
        418.5850639654325
    ],
    "xinf": -0.048233394106101585,
    "xsup": 0.06732919227538582,
    "yinf": -0.05778129319074389,
    "ysup": 0.057781293190743516,
    "loopnb": [
        3
    ],
    "Targets": [
        [
            0,
            1,
            2
        ]
    ],
    "SpaceRotsUn": [
        [
            [
                [
                    1.0,
                    0.0
                ],
                [
                    0.0,
                    1.0
                ]
            ],
            [
                [
                    1.0,
                    0.0
                ],
                [
                    0.0,
                    1.0
                ]
            ],
            [
                [
                    1.0,
                    0.0
                ],
                [
                    0.0,
                    1.0
                ]
            ]
        ]
    ],
    "TimeRevsUn": [
        [
            1,
            1,
            1
        ]
    ],
    "TimeShiftNumUn": [
        [
            0,
            1,
            2
        ]
    ],
    "TimeShiftDenUn": [
        [
            1,
            3,
            3
        ]
    ],
    "RequiresLoopDispUn": [
        [
            true,
            false,
            false
        ]
    ]
}