{
    "nbody": 3,
    "n_int": 1572864,
    "mass": [
        1.0,
        1.0,
        1.0
    ],
    "nloop": 1,
    "Action": 48.26786121233388,
    "Grad_Action": 9.76555509300066e-13,
    "Newton_Error": 2.1463044838890195e-10,
    "Min_Distance": 0.00041336976403631107,
    "Max_PathLength": 2.932296989614276,
    "Hash": [
        48.26786121233388,
        23.545934983573733,
        35.485075080481586,
        71.26060190385034,
        214.9754193893797
    ],
    "xinf": -0.0931779317023887,
    "xsup": 0.08911400193187577,
    "yinf": -0.0911459668171322,
    "ysup": 0.09114596681713226,
    "loopnb": [
        3
    ],
    "Targets": [
        [
            0,
            1,
            2
        ]
    ],
    "SpaceRotsUn": [
        [
            [
                [
                    1.0,
                    0.0
                ],
                [
                    0.0,
                    1.0
                ]
            ],
            [
                [
                    1.0,
                    0.0
                ],
                [
                    0.0,
                    1.0
                ]
            ],
            [
                [
                    1.0,
                    0.0
                ],
                [
                    0.0,
                    1.0
                ]
            ]
        ]
    ],
    "TimeRevsUn": [
        [
            1,
            1,
            1
        ]
    ],
    "TimeShiftNumUn": [
        [
            0,
            1,
            2
        ]
    ],
    "TimeShiftDenUn": [
        [
            1,
            3,
            3
        ]
    ],
    "RequiresLoopDispUn": [
        [
            true,
            false,
            false
        ]
    ]
}