{
    "nbody": 3,
    "n_int": 49152,
    "mass": [
        1.0,
        1.0,
        1.0
    ],
    "nloop": 1,
    "Action": 78.68809520234048,
    "Grad_Action": 4.2119159010012767e-14,
    "Newton_Error": 4.837974138942195e-14,
    "Min_Distance": 0.005700062505058995,
    "Max_PathLength": 3.6846282310999166,
    "Hash": [
        78.68809520234049,
        35.21481756002992,
        54.80028659200202,
        124.8606714438175,
        405.25611629008034
    ],
    "xinf": -0.0660035049340921,
    "xsup": 0.06988744731719296,
    "yinf": -0.06794547612564258,
    "ysup": 0.06794547612564247,
    "loopnb": [
        3
    ],
    "Targets": [
        [
            0,
            1,
            2
        ]
    ],
    "SpaceRotsUn": [
        [
            [
                [
                    1.0,
                    0.0
                ],
                [
                    0.0,
                    1.0
                ]
            ],
            [
                [
                    1.0,
                    0.0
                ],
                [
                    0.0,
                    1.0
                ]
            ],
            [
                [
                    1.0,
                    0.0
                ],
                [
                    0.0,
                    1.0
                ]
            ]
        ]
    ],
    "TimeRevsUn": [
        [
            1,
            1,
            1
        ]
    ],
    "TimeShiftNumUn": [
        [
            0,
            1,
            2
        ]
    ],
    "TimeShiftDenUn": [
        [
            1,
            3,
            3
        ]
    ],
    "RequiresLoopDispUn": [
        [
            true,
            false,
            false
        ]
    ]
}