{
    "nbody": 3,
    "n_int": 24576,
    "mass": [
        1.0,
        1.0,
        1.0
    ],
    "nloop": 1,
    "Action": 83.95917519148927,
    "Grad_Action": 1.9427942067581203e-14,
    "Newton_Error": 8.473827826495861e-14,
    "Min_Distance": 0.00933341853293332,
    "Max_PathLength": 4.007945439915593,
    "Hash": [
        83.95917519148925,
        37.309794801732934,
        58.38154181807799,
        132.50987121750524,
        408.8053177808476
    ],
    "xinf": -0.08057845202822352,
    "xsup": 0.06831829000063157,
    "yinf": -0.07444837101442753,
    "ysup": 0.07444837101442756,
    "loopnb": [
        3
    ],
    "Targets": [
        [
            0,
            1,
            2
        ]
    ],
    "SpaceRotsUn": [
        [
            [
                [
                    1.0,
                    0.0
                ],
                [
                    0.0,
                    1.0
                ]
            ],
            [
                [
                    1.0,
                    0.0
                ],
                [
                    0.0,
                    1.0
                ]
            ],
            [
                [
                    1.0,
                    0.0
                ],
                [
                    0.0,
                    1.0
                ]
            ]
        ]
    ],
    "TimeRevsUn": [
        [
            1,
            1,
            1
        ]
    ],
    "TimeShiftNumUn": [
        [
            0,
            1,
            2
        ]
    ],
    "TimeShiftDenUn": [
        [
            1,
            3,
            3
        ]
    ],
    "RequiresLoopDispUn": [
        [
            true,
            false,
            false
        ]
    ]
}