{
    "nbody": 3,
    "n_int": 98304,
    "mass": [
        1.0,
        1.0,
        1.0
    ],
    "nloop": 1,
    "Action": 83.00673039459691,
    "Grad_Action": 6.693346207568962e-14,
    "Newton_Error": 6.235122269208339e-14,
    "Min_Distance": 0.004621556513594971,
    "Max_PathLength": 3.946316272969785,
    "Hash": [
        83.00673039459691,
        36.85644080363786,
        57.5676773496581,
        132.0133115858656,
        421.6362843279718
    ],
    "xinf": -0.08173080729252064,
    "xsup": 0.08584986161780567,
    "yinf": -0.08379033445516315,
    "ysup": 0.08379033445516315,
    "loopnb": [
        3
    ],
    "Targets": [
        [
            0,
            1,
            2
        ]
    ],
    "SpaceRotsUn": [
        [
            [
                [
                    1.0,
                    0.0
                ],
                [
                    0.0,
                    1.0
                ]
            ],
            [
                [
                    1.0,
                    0.0
                ],
                [
                    0.0,
                    1.0
                ]
            ],
            [
                [
                    1.0,
                    0.0
                ],
                [
                    0.0,
                    1.0
                ]
            ]
        ]
    ],
    "TimeRevsUn": [
        [
            1,
            1,
            1
        ]
    ],
    "TimeShiftNumUn": [
        [
            0,
            1,
            2
        ]
    ],
    "TimeShiftDenUn": [
        [
            1,
            3,
            3
        ]
    ],
    "RequiresLoopDispUn": [
        [
            true,
            false,
            false
        ]
    ]
}