{
    "nbody": 3,
    "n_int": 786432,
    "mass": [
        1.0,
        1.0,
        1.0
    ],
    "nloop": 1,
    "Action": 79.01006768844638,
    "Grad_Action": 8.201617521548964e-14,
    "Newton_Error": 8.844259380904972e-13,
    "Min_Distance": 0.0007843621394980245,
    "Max_PathLength": 3.4876722562471865,
    "Hash": [
        79.01006768844638,
        34.692452403730584,
        53.727465882395265,
        131.48962780045048,
        491.6007648315933
    ],
    "xinf": -0.12417377271187115,
    "xsup": 0.15447299926699853,
    "yinf": -0.13932338598943483,
    "ysup": 0.13932338598943483,
    "loopnb": [
        3
    ],
    "Targets": [
        [
            0,
            1,
            2
        ]
    ],
    "SpaceRotsUn": [
        [
            [
                [
                    1.0,
                    0.0
                ],
                [
                    0.0,
                    1.0
                ]
            ],
            [
                [
                    1.0,
                    0.0
                ],
                [
                    0.0,
                    1.0
                ]
            ],
            [
                [
                    1.0,
                    0.0
                ],
                [
                    0.0,
                    1.0
                ]
            ]
        ]
    ],
    "TimeRevsUn": [
        [
            1,
            1,
            1
        ]
    ],
    "TimeShiftNumUn": [
        [
            0,
            1,
            2
        ]
    ],
    "TimeShiftDenUn": [
        [
            1,
            3,
            3
        ]
    ],
    "RequiresLoopDispUn": [
        [
            true,
            false,
            false
        ]
    ]
}