{
    "nbody": 3,
    "n_int": 49152,
    "mass": [
        1.0,
        1.0,
        1.0
    ],
    "nloop": 1,
    "Action": 77.46913255388962,
    "Grad_Action": 1.685114479671542e-14,
    "Newton_Error": 1.877338412850127e-14,
    "Min_Distance": 0.00904584051759028,
    "Max_PathLength": 3.806866069820779,
    "Hash": [
        77.46913255388962,
        34.727292802802666,
        54.05162937755922,
        122.12417680869022,
        380.57651017656286
    ],
    "xinf": -0.10238774509172381,
    "xsup": 0.06227673572968541,
    "yinf": -0.08233224041070458,
    "ysup": 0.08233224041070464,
    "loopnb": [
        3
    ],
    "Targets": [
        [
            0,
            1,
            2
        ]
    ],
    "SpaceRotsUn": [
        [
            [
                [
                    1.0,
                    0.0
                ],
                [
                    0.0,
                    1.0
                ]
            ],
            [
                [
                    1.0,
                    0.0
                ],
                [
                    0.0,
                    1.0
                ]
            ],
            [
                [
                    1.0,
                    0.0
                ],
                [
                    0.0,
                    1.0
                ]
            ]
        ]
    ],
    "TimeRevsUn": [
        [
            1,
            1,
            1
        ]
    ],
    "TimeShiftNumUn": [
        [
            0,
            1,
            2
        ]
    ],
    "TimeShiftDenUn": [
        [
            1,
            3,
            3
        ]
    ],
    "RequiresLoopDispUn": [
        [
            true,
            false,
            false
        ]
    ]
}