{
    "nbody": 3,
    "n_int": 98304,
    "mass": [
        1.0,
        1.0,
        1.0
    ],
    "nloop": 1,
    "Action": 67.25200855530512,
    "Grad_Action": 1.0715975571339369e-14,
    "Newton_Error": 3.791075198745873e-14,
    "Min_Distance": 0.004539092239144124,
    "Max_PathLength": 3.530352222999717,
    "Hash": [
        67.25200855530512,
        30.93333725982772,
        47.79722902838052,
        103.11784834890915,
        302.5654473300287
    ],
    "xinf": -0.09670679878596523,
    "xsup": 0.05894424618101286,
    "yinf": -0.07782552248348912,
    "ysup": 0.07782552248348898,
    "loopnb": [
        3
    ],
    "Targets": [
        [
            0,
            1,
            2
        ]
    ],
    "SpaceRotsUn": [
        [
            [
                [
                    1.0,
                    0.0
                ],
                [
                    0.0,
                    1.0
                ]
            ],
            [
                [
                    1.0,
                    0.0
                ],
                [
                    0.0,
                    1.0
                ]
            ],
            [
                [
                    1.0,
                    0.0
                ],
                [
                    0.0,
                    1.0
                ]
            ]
        ]
    ],
    "TimeRevsUn": [
        [
            1,
            1,
            1
        ]
    ],
    "TimeShiftNumUn": [
        [
            0,
            1,
            2
        ]
    ],
    "TimeShiftDenUn": [
        [
            1,
            3,
            3
        ]
    ],
    "RequiresLoopDispUn": [
        [
            true,
            false,
            false
        ]
    ]
}