{
    "nbody": 3,
    "n_int": 24576,
    "mass": [
        1.0,
        1.0,
        1.0
    ],
    "nloop": 1,
    "Action": 74.94284938967894,
    "Grad_Action": 1.524633162635329e-14,
    "Newton_Error": 1.0804403532467088e-14,
    "Min_Distance": 0.025884380734138596,
    "Max_PathLength": 3.833269249609881,
    "Hash": [
        74.94284938967894,
        33.52861435828543,
        52.07351619279013,
        118.92699277801472,
        372.64638191096833
    ],
    "xinf": -0.136149088586175,
    "xsup": 0.13614908858616062,
    "yinf": -0.1361490885861678,
    "ysup": 0.1361490885861678,
    "loopnb": [
        3
    ],
    "Targets": [
        [
            0,
            1,
            2
        ]
    ],
    "SpaceRotsUn": [
        [
            [
                [
                    1.0,
                    0.0
                ],
                [
                    0.0,
                    1.0
                ]
            ],
            [
                [
                    1.0,
                    0.0
                ],
                [
                    0.0,
                    1.0
                ]
            ],
            [
                [
                    1.0,
                    0.0
                ],
                [
                    0.0,
                    1.0
                ]
            ]
        ]
    ],
    "TimeRevsUn": [
        [
            1,
            1,
            1
        ]
    ],
    "TimeShiftNumUn": [
        [
            0,
            1,
            2
        ]
    ],
    "TimeShiftDenUn": [
        [
            1,
            3,
            3
        ]
    ],
    "RequiresLoopDispUn": [
        [
            true,
            false,
            false
        ]
    ]
}