{
    "nbody": 3,
    "n_int": 24576,
    "mass": [
        1.0,
        1.0,
        1.0
    ],
    "nloop": 1,
    "Action": 40.67640064317473,
    "Grad_Action": 4.300772199203025e-12,
    "Newton_Error": 7.893796799022432e-13,
    "Min_Distance": 0.04050538843797007,
    "Max_PathLength": 2.8397874723926786,
    "Hash": [
        40.67640064317472,
        20.659464689355055,
        30.795410387802658,
        56.502773872757174,
        123.41053603009141
    ],
    "xinf": -0.10851715275887454,
    "xsup": 0.11900342923123546,
    "yinf": -0.11376029099505491,
    "ysup": 0.11376029099505508,
    "loopnb": [
        3
    ],
    "Targets": [
        [
            0,
            1,
            2
        ]
    ],
    "SpaceRotsUn": [
        [
            [
                [
                    1.0,
                    0.0
                ],
                [
                    0.0,
                    1.0
                ]
            ],
            [
                [
                    1.0,
                    0.0
                ],
                [
                    0.0,
                    1.0
                ]
            ],
            [
                [
                    1.0,
                    0.0
                ],
                [
                    0.0,
                    1.0
                ]
            ]
        ]
    ],
    "TimeRevsUn": [
        [
            1,
            1,
            1
        ]
    ],
    "TimeShiftNumUn": [
        [
            0,
            1,
            2
        ]
    ],
    "TimeShiftDenUn": [
        [
            1,
            3,
            3
        ]
    ],
    "RequiresLoopDispUn": [
        [
            true,
            false,
            false
        ]
    ]
}