{
    "nbody": 3,
    "n_int": 24576,
    "mass": [
        1.0,
        1.0,
        1.0
    ],
    "nloop": 1,
    "Action": 70.67035286038958,
    "Grad_Action": 8.383411584941453e-14,
    "Newton_Error": 9.154129255631165e-14,
    "Min_Distance": 0.008867266058943992,
    "Max_PathLength": 3.435573572198497,
    "Hash": [
        70.6703528603896,
        31.389814900526996,
        48.37376406835367,
        116.22053811787158,
        413.45489178139104
    ],
    "xinf": -0.23131176866534955,
    "xsup": 0.12622092631834217,
    "yinf": -0.17876634749184578,
    "ysup": 0.17876634749184594,
    "loopnb": [
        3
    ],
    "Targets": [
        [
            0,
            1,
            2
        ]
    ],
    "SpaceRotsUn": [
        [
            [
                [
                    1.0,
                    0.0
                ],
                [
                    0.0,
                    1.0
                ]
            ],
            [
                [
                    1.0,
                    0.0
                ],
                [
                    0.0,
                    1.0
                ]
            ],
            [
                [
                    1.0,
                    0.0
                ],
                [
                    0.0,
                    1.0
                ]
            ]
        ]
    ],
    "TimeRevsUn": [
        [
            1,
            1,
            1
        ]
    ],
    "TimeShiftNumUn": [
        [
            0,
            1,
            2
        ]
    ],
    "TimeShiftDenUn": [
        [
            1,
            3,
            3
        ]
    ],
    "RequiresLoopDispUn": [
        [
            true,
            false,
            false
        ]
    ]
}