{
    "nbody": 3,
    "n_int": 24576,
    "mass": [
        1.0,
        1.0,
        1.0
    ],
    "nloop": 1,
    "Action": 86.7728975219016,
    "Grad_Action": 1.4314089212313286e-14,
    "Newton_Error": 3.872183454227694e-14,
    "Min_Distance": 0.007052988807248004,
    "Max_PathLength": 3.908775559129666,
    "Hash": [
        86.7728975219016,
        37.983666919764126,
        59.326720170548676,
        141.57222185230358,
        483.0089632931744
    ],
    "xinf": -0.12052479826329004,
    "xsup": 0.0777096782810896,
    "yinf": -0.09911723827218977,
    "ysup": 0.09911723827218988,
    "loopnb": [
        3
    ],
    "Targets": [
        [
            0,
            1,
            2
        ]
    ],
    "SpaceRotsUn": [
        [
            [
                [
                    1.0,
                    0.0
                ],
                [
                    0.0,
                    1.0
                ]
            ],
            [
                [
                    1.0,
                    0.0
                ],
                [
                    0.0,
                    1.0
                ]
            ],
            [
                [
                    1.0,
                    0.0
                ],
                [
                    0.0,
                    1.0
                ]
            ]
        ]
    ],
    "TimeRevsUn": [
        [
            1,
            1,
            1
        ]
    ],
    "TimeShiftNumUn": [
        [
            0,
            1,
            2
        ]
    ],
    "TimeShiftDenUn": [
        [
            1,
            3,
            3
        ]
    ],
    "RequiresLoopDispUn": [
        [
            true,
            false,
            false
        ]
    ]
}