{
    "nbody": 3,
    "n_int": 98304,
    "mass": [
        1.0,
        1.0,
        1.0
    ],
    "nloop": 1,
    "Action": 79.3890616556701,
    "Grad_Action": 3.0647111419810875e-14,
    "Newton_Error": 2.7311134074079877e-14,
    "Min_Distance": 0.02386800183796717,
    "Max_PathLength": 3.9347410980822435,
    "Hash": [
        79.3890616556701,
        35.13764795489234,
        54.69522210700711,
        127.7626013627062,
        415.574172179651
    ],
    "xinf": -0.1388259731116053,
    "xsup": 0.13882597311159958,
    "yinf": -0.13882597311160244,
    "ysup": 0.13882597311160244,
    "loopnb": [
        3
    ],
    "Targets": [
        [
            0,
            1,
            2
        ]
    ],
    "SpaceRotsUn": [
        [
            [
                [
                    1.0,
                    0.0
                ],
                [
                    0.0,
                    1.0
                ]
            ],
            [
                [
                    1.0,
                    0.0
                ],
                [
                    0.0,
                    1.0
                ]
            ],
            [
                [
                    1.0,
                    0.0
                ],
                [
                    0.0,
                    1.0
                ]
            ]
        ]
    ],
    "TimeRevsUn": [
        [
            1,
            1,
            1
        ]
    ],
    "TimeShiftNumUn": [
        [
            0,
            1,
            2
        ]
    ],
    "TimeShiftDenUn": [
        [
            1,
            3,
            3
        ]
    ],
    "RequiresLoopDispUn": [
        [
            true,
            false,
            false
        ]
    ]
}