{
    "nbody": 3,
    "n_int": 12288,
    "mass": [
        1.0,
        1.0,
        1.0
    ],
    "nloop": 1,
    "Action": 72.77997182613338,
    "Grad_Action": 2.3101369145197313e-14,
    "Newton_Error": 7.104157415403576e-14,
    "Min_Distance": 0.012035788643662025,
    "Max_PathLength": 3.706302484666483,
    "Hash": [
        72.77997182613338,
        33.02969869384416,
        51.29043180676367,
        112.73506281440525,
        333.1228145914218
    ],
    "xinf": -0.08211130038391584,
    "xsup": 0.06571763832543279,
    "yinf": -0.07391446935467433,
    "ysup": 0.0739144693546743,
    "loopnb": [
        3
    ],
    "Targets": [
        [
            0,
            1,
            2
        ]
    ],
    "SpaceRotsUn": [
        [
            [
                [
                    1.0,
                    0.0
                ],
                [
                    0.0,
                    1.0
                ]
            ],
            [
                [
                    1.0,
                    0.0
                ],
                [
                    0.0,
                    1.0
                ]
            ],
            [
                [
                    1.0,
                    0.0
                ],
                [
                    0.0,
                    1.0
                ]
            ]
        ]
    ],
    "TimeRevsUn": [
        [
            1,
            1,
            1
        ]
    ],
    "TimeShiftNumUn": [
        [
            0,
            1,
            2
        ]
    ],
    "TimeShiftDenUn": [
        [
            1,
            3,
            3
        ]
    ],
    "RequiresLoopDispUn": [
        [
            true,
            false,
            false
        ]
    ]
}