{
    "nbody": 3,
    "n_int": 3072,
    "mass": [
        1.0,
        1.0,
        1.0
    ],
    "nloop": 1,
    "Action": 40.67640064317478,
    "Grad_Action": 9.196051598606856e-16,
    "Newton_Error": 2.581192424269321e-15,
    "Min_Distance": 0.04050801159420616,
    "Max_PathLength": 2.839740700438247,
    "Hash": [
        40.67640064317478,
        20.65946468935401,
        30.795410387802203,
        56.50277387275769,
        123.41053603009497
    ],
    "xinf": -0.10851660177831346,
    "xsup": 0.11900369221747858,
    "yinf": -0.11376014699789591,
    "ysup": 0.11376014699789613,
    "loopnb": [
        3
    ],
    "Targets": [
        [
            0,
            1,
            2
        ]
    ],
    "SpaceRotsUn": [
        [
            [
                [
                    1.0,
                    0.0
                ],
                [
                    0.0,
                    1.0
                ]
            ],
            [
                [
                    1.0,
                    0.0
                ],
                [
                    0.0,
                    1.0
                ]
            ],
            [
                [
                    1.0,
                    0.0
                ],
                [
                    0.0,
                    1.0
                ]
            ]
        ]
    ],
    "TimeRevsUn": [
        [
            1,
            1,
            1
        ]
    ],
    "TimeShiftNumUn": [
        [
            0,
            1,
            2
        ]
    ],
    "TimeShiftDenUn": [
        [
            1,
            3,
            3
        ]
    ],
    "RequiresLoopDispUn": [
        [
            true,
            false,
            false
        ]
    ]
}