{
    "nbody": 3,
    "n_int": 24576,
    "mass": [
        1.0,
        1.0,
        1.0
    ],
    "nloop": 1,
    "Action": 67.91691329865775,
    "Grad_Action": 2.0215971755005647e-14,
    "Newton_Error": 4.2899961089202775e-14,
    "Min_Distance": 0.008680397629438603,
    "Max_PathLength": 3.4427031372893375,
    "Hash": [
        67.91691329865775,
        30.91144103498633,
        47.67917416624364,
        106.73209490019667,
        336.9581595275652
    ],
    "xinf": -0.0831880774212568,
    "xsup": 0.12140409373392178,
    "yinf": -0.10229608557758924,
    "ysup": 0.10229608557758935,
    "loopnb": [
        3
    ],
    "Targets": [
        [
            0,
            1,
            2
        ]
    ],
    "SpaceRotsUn": [
        [
            [
                [
                    1.0,
                    0.0
                ],
                [
                    0.0,
                    1.0
                ]
            ],
            [
                [
                    1.0,
                    0.0
                ],
                [
                    0.0,
                    1.0
                ]
            ],
            [
                [
                    1.0,
                    0.0
                ],
                [
                    0.0,
                    1.0
                ]
            ]
        ]
    ],
    "TimeRevsUn": [
        [
            1,
            1,
            1
        ]
    ],
    "TimeShiftNumUn": [
        [
            0,
            1,
            2
        ]
    ],
    "TimeShiftDenUn": [
        [
            1,
            3,
            3
        ]
    ],
    "RequiresLoopDispUn": [
        [
            true,
            false,
            false
        ]
    ]
}