{
    "nbody": 3,
    "n_int": 3072,
    "mass": [
        1.0,
        1.0,
        1.0
    ],
    "nloop": 1,
    "Action": 51.53126608307635,
    "Grad_Action": 6.681287533416824e-15,
    "Newton_Error": 1.3067101231092902e-14,
    "Min_Distance": 0.02784320277000527,
    "Max_PathLength": 3.1784293775525247,
    "Hash": [
        51.53126608307635,
        24.88019154061797,
        37.82329232656926,
        74.95311439173702,
        185.7046096644278
    ],
    "xinf": -0.12925578421356018,
    "xsup": 0.08799858079916165,
    "yinf": -0.108627182506361,
    "ysup": 0.10862718250636083,
    "loopnb": [
        3
    ],
    "Targets": [
        [
            0,
            1,
            2
        ]
    ],
    "SpaceRotsUn": [
        [
            [
                [
                    1.0,
                    0.0
                ],
                [
                    0.0,
                    1.0
                ]
            ],
            [
                [
                    1.0,
                    0.0
                ],
                [
                    0.0,
                    1.0
                ]
            ],
            [
                [
                    1.0,
                    0.0
                ],
                [
                    0.0,
                    1.0
                ]
            ]
        ]
    ],
    "TimeRevsUn": [
        [
            1,
            1,
            1
        ]
    ],
    "TimeShiftNumUn": [
        [
            0,
            1,
            2
        ]
    ],
    "TimeShiftDenUn": [
        [
            1,
            3,
            3
        ]
    ],
    "RequiresLoopDispUn": [
        [
            true,
            false,
            false
        ]
    ]
}