{
    "nbody": 3,
    "n_int": 12288,
    "mass": [
        1.0,
        1.0,
        1.0
    ],
    "nloop": 1,
    "Action": 78.17564860175787,
    "Grad_Action": 1.9176687569652972e-14,
    "Newton_Error": 1.7972849412925703e-14,
    "Min_Distance": 0.013839782329775506,
    "Max_PathLength": 3.8893925181821722,
    "Hash": [
        78.17564860175787,
        35.10927521688579,
        54.753942861165626,
        122.00985451356375,
        364.91168369374293
    ],
    "xinf": -0.08964887973869594,
    "xsup": 0.0721895037301006,
    "yinf": -0.08091919173439815,
    "ysup": 0.08091919173439838,
    "loopnb": [
        3
    ],
    "Targets": [
        [
            0,
            1,
            2
        ]
    ],
    "SpaceRotsUn": [
        [
            [
                [
                    1.0,
                    0.0
                ],
                [
                    0.0,
                    1.0
                ]
            ],
            [
                [
                    1.0,
                    0.0
                ],
                [
                    0.0,
                    1.0
                ]
            ],
            [
                [
                    1.0,
                    0.0
                ],
                [
                    0.0,
                    1.0
                ]
            ]
        ]
    ],
    "TimeRevsUn": [
        [
            1,
            1,
            1
        ]
    ],
    "TimeShiftNumUn": [
        [
            0,
            1,
            2
        ]
    ],
    "TimeShiftDenUn": [
        [
            1,
            3,
            3
        ]
    ],
    "RequiresLoopDispUn": [
        [
            true,
            false,
            false
        ]
    ]
}