{
    "nbody": 3,
    "n_int": 24576,
    "mass": [
        1.0,
        1.0,
        1.0
    ],
    "nloop": 1,
    "Action": 82.16864628377822,
    "Grad_Action": 6.111862579402765e-14,
    "Newton_Error": 7.010446754138005e-14,
    "Min_Distance": 0.009569198143701146,
    "Max_PathLength": 3.9384919851165496,
    "Hash": [
        82.16864628377822,
        36.45812949245927,
        56.885630412154335,
        131.1537015516414,
        421.7436744788506
    ],
    "xinf": -0.09596924553185014,
    "xsup": 0.05889065237333506,
    "yinf": -0.0774299489525926,
    "ysup": 0.0774299489525926,
    "loopnb": [
        3
    ],
    "Targets": [
        [
            0,
            1,
            2
        ]
    ],
    "SpaceRotsUn": [
        [
            [
                [
                    1.0,
                    0.0
                ],
                [
                    0.0,
                    1.0
                ]
            ],
            [
                [
                    1.0,
                    0.0
                ],
                [
                    0.0,
                    1.0
                ]
            ],
            [
                [
                    1.0,
                    0.0
                ],
                [
                    0.0,
                    1.0
                ]
            ]
        ]
    ],
    "TimeRevsUn": [
        [
            1,
            1,
            1
        ]
    ],
    "TimeShiftNumUn": [
        [
            0,
            1,
            2
        ]
    ],
    "TimeShiftDenUn": [
        [
            1,
            3,
            3
        ]
    ],
    "RequiresLoopDispUn": [
        [
            true,
            false,
            false
        ]
    ]
}