{
    "nbody": 3,
    "n_int": 24576,
    "mass": [
        1.0,
        1.0,
        1.0
    ],
    "nloop": 1,
    "Action": 87.74206348512682,
    "Grad_Action": 2.0810881306834266e-14,
    "Newton_Error": 4.0216161315481824e-12,
    "Min_Distance": 0.0064567152955030535,
    "Max_PathLength": 3.9831099992688173,
    "Hash": [
        87.7420634851268,
        38.56401250550092,
        60.32265564814932,
        141.76739424012905,
        474.83017625074797
    ],
    "xinf": -0.06234817164486275,
    "xsup": 0.08612950384376586,
    "yinf": -0.0742388377443143,
    "ysup": 0.0742388377443143,
    "loopnb": [
        3
    ],
    "Targets": [
        [
            0,
            1,
            2
        ]
    ],
    "SpaceRotsUn": [
        [
            [
                [
                    1.0,
                    0.0
                ],
                [
                    0.0,
                    1.0
                ]
            ],
            [
                [
                    1.0,
                    0.0
                ],
                [
                    0.0,
                    1.0
                ]
            ],
            [
                [
                    1.0,
                    0.0
                ],
                [
                    0.0,
                    1.0
                ]
            ]
        ]
    ],
    "TimeRevsUn": [
        [
            1,
            1,
            1
        ]
    ],
    "TimeShiftNumUn": [
        [
            0,
            1,
            2
        ]
    ],
    "TimeShiftDenUn": [
        [
            1,
            3,
            3
        ]
    ],
    "RequiresLoopDispUn": [
        [
            true,
            false,
            false
        ]
    ]
}