{
    "nbody": 3,
    "n_int": 24576,
    "mass": [
        1.0,
        1.0,
        1.0
    ],
    "nloop": 1,
    "Action": 72.74118967588993,
    "Grad_Action": 8.557361204647819e-15,
    "Newton_Error": 2.2851990302133948e-14,
    "Min_Distance": 0.010188487397685596,
    "Max_PathLength": 3.7149883403688877,
    "Hash": [
        72.74118967588993,
        33.015823875105134,
        51.26334824354041,
        112.70845070930494,
        333.988642166049
    ],
    "xinf": -0.08251285206879955,
    "xsup": 0.06179440885875959,
    "yinf": -0.07215363046377976,
    "ysup": 0.07215363046377937,
    "loopnb": [
        3
    ],
    "Targets": [
        [
            0,
            1,
            2
        ]
    ],
    "SpaceRotsUn": [
        [
            [
                [
                    1.0,
                    0.0
                ],
                [
                    0.0,
                    1.0
                ]
            ],
            [
                [
                    1.0,
                    0.0
                ],
                [
                    0.0,
                    1.0
                ]
            ],
            [
                [
                    1.0,
                    0.0
                ],
                [
                    0.0,
                    1.0
                ]
            ]
        ]
    ],
    "TimeRevsUn": [
        [
            1,
            1,
            1
        ]
    ],
    "TimeShiftNumUn": [
        [
            0,
            1,
            2
        ]
    ],
    "TimeShiftDenUn": [
        [
            1,
            3,
            3
        ]
    ],
    "RequiresLoopDispUn": [
        [
            true,
            false,
            false
        ]
    ]
}