{
    "nbody": 3,
    "n_int": 12288,
    "mass": [
        1.0,
        1.0,
        1.0
    ],
    "nloop": 1,
    "Action": 69.06652021305848,
    "Grad_Action": 2.0252815601194866e-14,
    "Newton_Error": 3.3481468509933334e-14,
    "Min_Distance": 0.013102366621504841,
    "Max_PathLength": 3.627085537699474,
    "Hash": [
        69.06652021305848,
        31.538627627867143,
        48.81189673226846,
        106.66410647350179,
        313.4459744595721
    ],
    "xinf": -0.11171973008161232,
    "xsup": 0.09378340173624702,
    "yinf": -0.1027515659089297,
    "ysup": 0.10275156590892964,
    "loopnb": [
        3
    ],
    "Targets": [
        [
            0,
            1,
            2
        ]
    ],
    "SpaceRotsUn": [
        [
            [
                [
                    1.0,
                    0.0
                ],
                [
                    0.0,
                    1.0
                ]
            ],
            [
                [
                    1.0,
                    0.0
                ],
                [
                    0.0,
                    1.0
                ]
            ],
            [
                [
                    1.0,
                    0.0
                ],
                [
                    0.0,
                    1.0
                ]
            ]
        ]
    ],
    "TimeRevsUn": [
        [
            1,
            1,
            1
        ]
    ],
    "TimeShiftNumUn": [
        [
            0,
            1,
            2
        ]
    ],
    "TimeShiftDenUn": [
        [
            1,
            3,
            3
        ]
    ],
    "RequiresLoopDispUn": [
        [
            true,
            false,
            false
        ]
    ]
}