{
    "nbody": 3,
    "n_int": 98304,
    "mass": [
        1.0,
        1.0,
        1.0
    ],
    "nloop": 1,
    "Action": 86.65473669515085,
    "Grad_Action": 6.987474396941542e-14,
    "Newton_Error": 6.4369240073567e-14,
    "Min_Distance": 0.005079090060101839,
    "Max_PathLength": 3.833667431799273,
    "Hash": [
        86.65473669515083,
        37.94804635034303,
        59.19864605920771,
        142.13143615408518,
        502.39670398230135
    ],
    "xinf": -0.12700631337815482,
    "xsup": 0.07124628683413148,
    "yinf": -0.09912630010614312,
    "ysup": 0.09912630010614318,
    "loopnb": [
        3
    ],
    "Targets": [
        [
            0,
            1,
            2
        ]
    ],
    "SpaceRotsUn": [
        [
            [
                [
                    1.0,
                    0.0
                ],
                [
                    0.0,
                    1.0
                ]
            ],
            [
                [
                    1.0,
                    0.0
                ],
                [
                    0.0,
                    1.0
                ]
            ],
            [
                [
                    1.0,
                    0.0
                ],
                [
                    0.0,
                    1.0
                ]
            ]
        ]
    ],
    "TimeRevsUn": [
        [
            1,
            1,
            1
        ]
    ],
    "TimeShiftNumUn": [
        [
            0,
            1,
            2
        ]
    ],
    "TimeShiftDenUn": [
        [
            1,
            3,
            3
        ]
    ],
    "RequiresLoopDispUn": [
        [
            true,
            false,
            false
        ]
    ]
}