{
    "nbody": 3,
    "n_int": 3072,
    "mass": [
        1.0,
        1.0,
        1.0
    ],
    "nloop": 1,
    "Action": 32.712289750324686,
    "Grad_Action": 2.2943315726718676e-15,
    "Newton_Error": 2.9404889535321594e-15,
    "Min_Distance": 0.044666640581139054,
    "Max_PathLength": 2.5142515433299537,
    "Hash": [
        32.71228975032469,
        17.330731498334462,
        25.25952763541662,
        44.39881754488697,
        92.50236342135635
    ],
    "xinf": -0.1662536619432176,
    "xsup": 0.11510924086651558,
    "yinf": -0.14068145140486665,
    "ysup": 0.14068145140486654,
    "loopnb": [
        3
    ],
    "Targets": [
        [
            0,
            1,
            2
        ]
    ],
    "SpaceRotsUn": [
        [
            [
                [
                    1.0,
                    0.0
                ],
                [
                    0.0,
                    1.0
                ]
            ],
            [
                [
                    1.0,
                    0.0
                ],
                [
                    0.0,
                    1.0
                ]
            ],
            [
                [
                    1.0,
                    0.0
                ],
                [
                    0.0,
                    1.0
                ]
            ]
        ]
    ],
    "TimeRevsUn": [
        [
            1,
            1,
            1
        ]
    ],
    "TimeShiftNumUn": [
        [
            0,
            1,
            2
        ]
    ],
    "TimeShiftDenUn": [
        [
            1,
            3,
            3
        ]
    ],
    "RequiresLoopDispUn": [
        [
            true,
            false,
            false
        ]
    ]
}