{
    "nbody": 3,
    "n_int": 49152,
    "mass": [
        1.0,
        1.0,
        1.0
    ],
    "nloop": 1,
    "Action": 73.90340471711728,
    "Grad_Action": 7.46292451314956e-14,
    "Newton_Error": 1.875324243673948e-14,
    "Min_Distance": 0.010244621581954477,
    "Max_PathLength": 3.700354959976316,
    "Hash": [
        73.90340471711728,
        33.29827790739962,
        51.67285768442342,
        116.31442681923625,
        362.2850637048612
    ],
    "xinf": -0.11738016037634068,
    "xsup": 0.09401213462619863,
    "yinf": -0.10569614750126963,
    "ysup": 0.10569614750126968,
    "loopnb": [
        3
    ],
    "Targets": [
        [
            0,
            1,
            2
        ]
    ],
    "SpaceRotsUn": [
        [
            [
                [
                    1.0,
                    0.0
                ],
                [
                    0.0,
                    1.0
                ]
            ],
            [
                [
                    1.0,
                    0.0
                ],
                [
                    0.0,
                    1.0
                ]
            ],
            [
                [
                    1.0,
                    0.0
                ],
                [
                    0.0,
                    1.0
                ]
            ]
        ]
    ],
    "TimeRevsUn": [
        [
            1,
            1,
            1
        ]
    ],
    "TimeShiftNumUn": [
        [
            0,
            1,
            2
        ]
    ],
    "TimeShiftDenUn": [
        [
            1,
            3,
            3
        ]
    ],
    "RequiresLoopDispUn": [
        [
            true,
            false,
            false
        ]
    ]
}