{
    "nbody": 3,
    "n_int": 24576,
    "mass": [
        1.0,
        1.0,
        1.0
    ],
    "nloop": 1,
    "Action": 69.10223058032246,
    "Grad_Action": 2.8313475171107765e-14,
    "Newton_Error": 6.807290227733376e-14,
    "Min_Distance": 0.00714030713325979,
    "Max_PathLength": 3.5328517152316525,
    "Hash": [
        69.10223058032246,
        31.51503850096984,
        48.711485123278905,
        107.59356875100679,
        329.729303396555
    ],
    "xinf": -0.10207834526944752,
    "xsup": 0.06450348386596245,
    "yinf": -0.08329091456770493,
    "ysup": 0.08329091456770504,
    "loopnb": [
        3
    ],
    "Targets": [
        [
            0,
            1,
            2
        ]
    ],
    "SpaceRotsUn": [
        [
            [
                [
                    1.0,
                    0.0
                ],
                [
                    0.0,
                    1.0
                ]
            ],
            [
                [
                    1.0,
                    0.0
                ],
                [
                    0.0,
                    1.0
                ]
            ],
            [
                [
                    1.0,
                    0.0
                ],
                [
                    0.0,
                    1.0
                ]
            ]
        ]
    ],
    "TimeRevsUn": [
        [
            1,
            1,
            1
        ]
    ],
    "TimeShiftNumUn": [
        [
            0,
            1,
            2
        ]
    ],
    "TimeShiftDenUn": [
        [
            1,
            3,
            3
        ]
    ],
    "RequiresLoopDispUn": [
        [
            true,
            false,
            false
        ]
    ]
}