{
    "nbody": 3,
    "n_int": 98304,
    "mass": [
        1.0,
        1.0,
        1.0
    ],
    "nloop": 1,
    "Action": 84.17915331634714,
    "Grad_Action": 2.1590039837590426e-14,
    "Newton_Error": 3.939673200170893e-14,
    "Min_Distance": 0.0031242885854765147,
    "Max_PathLength": 4.035274786591104,
    "Hash": [
        84.17915331634713,
        37.502959924878645,
        58.72655680915961,
        132.0810386064728,
        403.1608531629197
    ],
    "xinf": -0.058057282338837515,
    "xsup": 0.06049858007708743,
    "yinf": -0.059277931207962556,
    "ysup": 0.05927793120796239,
    "loopnb": [
        3
    ],
    "Targets": [
        [
            0,
            1,
            2
        ]
    ],
    "SpaceRotsUn": [
        [
            [
                [
                    1.0,
                    0.0
                ],
                [
                    0.0,
                    1.0
                ]
            ],
            [
                [
                    1.0,
                    0.0
                ],
                [
                    0.0,
                    1.0
                ]
            ],
            [
                [
                    1.0,
                    0.0
                ],
                [
                    0.0,
                    1.0
                ]
            ]
        ]
    ],
    "TimeRevsUn": [
        [
            1,
            1,
            1
        ]
    ],
    "TimeShiftNumUn": [
        [
            0,
            1,
            2
        ]
    ],
    "TimeShiftDenUn": [
        [
            1,
            3,
            3
        ]
    ],
    "RequiresLoopDispUn": [
        [
            true,
            false,
            false
        ]
    ]
}