{
    "nbody": 3,
    "n_int": 49152,
    "mass": [
        1.0,
        1.0,
        1.0
    ],
    "nloop": 1,
    "Action": 73.20866926950151,
    "Grad_Action": 1.6852567696552877e-14,
    "Newton_Error": 5.6057823773299454e-14,
    "Min_Distance": 0.00484915220409956,
    "Max_PathLength": 3.70597130566189,
    "Hash": [
        73.20866926950151,
        33.28048152524541,
        51.731330831237855,
        112.79165188379987,
        329.42770642796614
    ],
    "xinf": -0.06882972514984445,
    "xsup": 0.07426069355849332,
    "yinf": -0.07154520935416886,
    "ysup": 0.07154520935416891,
    "loopnb": [
        3
    ],
    "Targets": [
        [
            0,
            1,
            2
        ]
    ],
    "SpaceRotsUn": [
        [
            [
                [
                    1.0,
                    0.0
                ],
                [
                    0.0,
                    1.0
                ]
            ],
            [
                [
                    1.0,
                    0.0
                ],
                [
                    0.0,
                    1.0
                ]
            ],
            [
                [
                    1.0,
                    0.0
                ],
                [
                    0.0,
                    1.0
                ]
            ]
        ]
    ],
    "TimeRevsUn": [
        [
            1,
            1,
            1
        ]
    ],
    "TimeShiftNumUn": [
        [
            0,
            1,
            2
        ]
    ],
    "TimeShiftDenUn": [
        [
            1,
            3,
            3
        ]
    ],
    "RequiresLoopDispUn": [
        [
            true,
            false,
            false
        ]
    ]
}