{
    "nbody": 3,
    "n_int": 98304,
    "mass": [
        1.0,
        1.0,
        1.0
    ],
    "nloop": 1,
    "Action": 81.49976967785847,
    "Grad_Action": 4.7496650462338405e-14,
    "Newton_Error": 3.345056827688363e-14,
    "Min_Distance": 0.004567423018386821,
    "Max_PathLength": 3.9408468758624657,
    "Hash": [
        81.49976967785847,
        36.40122528988531,
        56.889224560672126,
        127.86003152835386,
        389.0562185489588
    ],
    "xinf": -0.07777464635351049,
    "xsup": 0.05860888815405675,
    "yinf": -0.06819176725378362,
    "ysup": 0.06819176725378362,
    "loopnb": [
        3
    ],
    "Targets": [
        [
            0,
            1,
            2
        ]
    ],
    "SpaceRotsUn": [
        [
            [
                [
                    1.0,
                    0.0
                ],
                [
                    0.0,
                    1.0
                ]
            ],
            [
                [
                    1.0,
                    0.0
                ],
                [
                    0.0,
                    1.0
                ]
            ],
            [
                [
                    1.0,
                    0.0
                ],
                [
                    0.0,
                    1.0
                ]
            ]
        ]
    ],
    "TimeRevsUn": [
        [
            1,
            1,
            1
        ]
    ],
    "TimeShiftNumUn": [
        [
            0,
            1,
            2
        ]
    ],
    "TimeShiftDenUn": [
        [
            1,
            3,
            3
        ]
    ],
    "RequiresLoopDispUn": [
        [
            true,
            false,
            false
        ]
    ]
}