{
    "nbody": 3,
    "n_int": 98304,
    "mass": [
        1.0,
        1.0,
        1.0
    ],
    "nloop": 1,
    "Action": 81.50225823733462,
    "Grad_Action": 5.850667574084171e-15,
    "Newton_Error": 7.45452078882375e-15,
    "Min_Distance": 0.009303754964223821,
    "Max_PathLength": 3.994251819051781,
    "Hash": [
        81.50225823733462,
        36.43402985851219,
        56.96363357634061,
        127.45874419969743,
        382.4604011089483
    ],
    "xinf": -0.07988331056090336,
    "xsup": 0.05230337822928682,
    "yinf": -0.06609334439509487,
    "ysup": 0.06609334439509532,
    "loopnb": [
        3
    ],
    "Targets": [
        [
            0,
            1,
            2
        ]
    ],
    "SpaceRotsUn": [
        [
            [
                [
                    1.0,
                    0.0
                ],
                [
                    0.0,
                    1.0
                ]
            ],
            [
                [
                    1.0,
                    0.0
                ],
                [
                    0.0,
                    1.0
                ]
            ],
            [
                [
                    1.0,
                    0.0
                ],
                [
                    0.0,
                    1.0
                ]
            ]
        ]
    ],
    "TimeRevsUn": [
        [
            1,
            1,
            1
        ]
    ],
    "TimeShiftNumUn": [
        [
            0,
            1,
            2
        ]
    ],
    "TimeShiftDenUn": [
        [
            1,
            3,
            3
        ]
    ],
    "RequiresLoopDispUn": [
        [
            true,
            false,
            false
        ]
    ]
}