{
    "nbody": 3,
    "n_int": 12288,
    "mass": [
        1.0,
        1.0,
        1.0
    ],
    "nloop": 1,
    "Action": 66.23269400182873,
    "Grad_Action": 7.077533107856965e-14,
    "Newton_Error": 4.7281995732875884e-14,
    "Min_Distance": 0.014414837729001304,
    "Max_PathLength": 3.4216433021785426,
    "Hash": [
        66.23269400182873,
        29.786221093423634,
        45.82060857999683,
        106.72343474213254,
        355.01440690999425
    ],
    "xinf": -0.23339473655709309,
    "xsup": 0.1294488546533642,
    "yinf": -0.1814217956052286,
    "ysup": 0.1814217956052287,
    "loopnb": [
        3
    ],
    "Targets": [
        [
            0,
            1,
            2
        ]
    ],
    "SpaceRotsUn": [
        [
            [
                [
                    1.0,
                    0.0
                ],
                [
                    0.0,
                    1.0
                ]
            ],
            [
                [
                    1.0,
                    0.0
                ],
                [
                    0.0,
                    1.0
                ]
            ],
            [
                [
                    1.0,
                    0.0
                ],
                [
                    0.0,
                    1.0
                ]
            ]
        ]
    ],
    "TimeRevsUn": [
        [
            1,
            1,
            1
        ]
    ],
    "TimeShiftNumUn": [
        [
            0,
            1,
            2
        ]
    ],
    "TimeShiftDenUn": [
        [
            1,
            3,
            3
        ]
    ],
    "RequiresLoopDispUn": [
        [
            true,
            false,
            false
        ]
    ]
}