{
    "nbody": 3,
    "n_int": 49152,
    "mass": [
        1.0,
        1.0,
        1.0
    ],
    "nloop": 1,
    "Action": 78.47768384429624,
    "Grad_Action": 1.2478967023176348e-14,
    "Newton_Error": 2.4202219138075004e-14,
    "Min_Distance": 0.006824110421417746,
    "Max_PathLength": 3.8049891715618704,
    "Hash": [
        78.47768384429624,
        35.16487688012229,
        54.797434170817105,
        123.4185209968171,
        381.5284980566141
    ],
    "xinf": -0.0972313963260981,
    "xsup": 0.08478332941145751,
    "yinf": -0.09100736286877772,
    "ysup": 0.09100736286877789,
    "loopnb": [
        3
    ],
    "Targets": [
        [
            0,
            1,
            2
        ]
    ],
    "SpaceRotsUn": [
        [
            [
                [
                    1.0,
                    0.0
                ],
                [
                    0.0,
                    1.0
                ]
            ],
            [
                [
                    1.0,
                    0.0
                ],
                [
                    0.0,
                    1.0
                ]
            ],
            [
                [
                    1.0,
                    0.0
                ],
                [
                    0.0,
                    1.0
                ]
            ]
        ]
    ],
    "TimeRevsUn": [
        [
            1,
            1,
            1
        ]
    ],
    "TimeShiftNumUn": [
        [
            0,
            1,
            2
        ]
    ],
    "TimeShiftDenUn": [
        [
            1,
            3,
            3
        ]
    ],
    "RequiresLoopDispUn": [
        [
            true,
            false,
            false
        ]
    ]
}