{
    "nbody": 3,
    "n_int": 6144,
    "mass": [
        1.0,
        1.0,
        1.0
    ],
    "nloop": 1,
    "Action": 87.7978191649492,
    "Grad_Action": 2.4435797217035038e-14,
    "Newton_Error": 3.795028366010864e-14,
    "Min_Distance": 0.02082466506183857,
    "Max_PathLength": 4.117426377108851,
    "Hash": [
        87.7978191649492,
        38.1660053762236,
        59.608223695841325,
        144.77478140946903,
        502.0480296827364
    ],
    "xinf": -0.14289673603261918,
    "xsup": 0.14289673603261935,
    "yinf": -0.14289673603261926,
    "ysup": 0.14289673603261926,
    "loopnb": [
        3
    ],
    "Targets": [
        [
            0,
            1,
            2
        ]
    ],
    "SpaceRotsUn": [
        [
            [
                [
                    1.0,
                    0.0
                ],
                [
                    0.0,
                    1.0
                ]
            ],
            [
                [
                    1.0,
                    0.0
                ],
                [
                    0.0,
                    1.0
                ]
            ],
            [
                [
                    1.0,
                    0.0
                ],
                [
                    0.0,
                    1.0
                ]
            ]
        ]
    ],
    "TimeRevsUn": [
        [
            1,
            1,
            1
        ]
    ],
    "TimeShiftNumUn": [
        [
            0,
            1,
            2
        ]
    ],
    "TimeShiftDenUn": [
        [
            1,
            3,
            3
        ]
    ],
    "RequiresLoopDispUn": [
        [
            true,
            false,
            false
        ]
    ]
}