{
    "nbody": 3,
    "n_int": 49152,
    "mass": [
        1.0,
        1.0,
        1.0
    ],
    "nloop": 1,
    "Action": 86.09775771724627,
    "Grad_Action": 8.171733182719009e-14,
    "Newton_Error": 1.9866420601796977e-13,
    "Min_Distance": 0.006584934276710389,
    "Max_PathLength": 3.9333663907279437,
    "Hash": [
        86.09775771724627,
        37.79262728314292,
        58.994701295024555,
        140.21537945571774,
        481.94445467102713
    ],
    "xinf": -0.13056355719014326,
    "xsup": 0.07407269011305728,
    "yinf": -0.10231812365160023,
    "ysup": 0.10231812365160031,
    "loopnb": [
        3
    ],
    "Targets": [
        [
            0,
            1,
            2
        ]
    ],
    "SpaceRotsUn": [
        [
            [
                [
                    1.0,
                    0.0
                ],
                [
                    0.0,
                    1.0
                ]
            ],
            [
                [
                    1.0,
                    0.0
                ],
                [
                    0.0,
                    1.0
                ]
            ],
            [
                [
                    1.0,
                    0.0
                ],
                [
                    0.0,
                    1.0
                ]
            ]
        ]
    ],
    "TimeRevsUn": [
        [
            1,
            1,
            1
        ]
    ],
    "TimeShiftNumUn": [
        [
            0,
            1,
            2
        ]
    ],
    "TimeShiftDenUn": [
        [
            1,
            3,
            3
        ]
    ],
    "RequiresLoopDispUn": [
        [
            true,
            false,
            false
        ]
    ]
}