{
    "nbody": 3,
    "n_int": 786432,
    "mass": [
        1.0,
        1.0,
        1.0
    ],
    "nloop": 1,
    "Action": 48.32851255779431,
    "Grad_Action": 8.485159077032377e-13,
    "Newton_Error": 7.334217391448439e-12,
    "Min_Distance": 0.0007033221089904,
    "Max_PathLength": 2.92093153966326,
    "Hash": [
        48.32851255779431,
        23.545263873828482,
        35.48256640926946,
        71.4550203620148,
        211.09257184616658
    ],
    "xinf": -0.10154625726854796,
    "xsup": 0.09463983668910675,
    "yinf": -0.09809304697882734,
    "ysup": 0.09809304697882737,
    "loopnb": [
        3
    ],
    "Targets": [
        [
            0,
            1,
            2
        ]
    ],
    "SpaceRotsUn": [
        [
            [
                [
                    1.0,
                    0.0
                ],
                [
                    0.0,
                    1.0
                ]
            ],
            [
                [
                    1.0,
                    0.0
                ],
                [
                    0.0,
                    1.0
                ]
            ],
            [
                [
                    1.0,
                    0.0
                ],
                [
                    0.0,
                    1.0
                ]
            ]
        ]
    ],
    "TimeRevsUn": [
        [
            1,
            1,
            1
        ]
    ],
    "TimeShiftNumUn": [
        [
            0,
            1,
            2
        ]
    ],
    "TimeShiftDenUn": [
        [
            1,
            3,
            3
        ]
    ],
    "RequiresLoopDispUn": [
        [
            true,
            false,
            false
        ]
    ]
}