{
    "nbody": 3,
    "n_int": 12288,
    "mass": [
        1.0,
        1.0,
        1.0
    ],
    "nloop": 1,
    "Action": 88.37792807080416,
    "Grad_Action": 2.1322130305579082e-14,
    "Newton_Error": 6.289859444242619e-14,
    "Min_Distance": 0.01102229223497122,
    "Max_PathLength": 4.125793944436481,
    "Hash": [
        88.37792807080416,
        38.905196080906855,
        60.98776212430354,
        141.23946581594964,
        450.0729122091184
    ],
    "xinf": -0.09414758155947645,
    "xsup": 0.07575801996011139,
    "yinf": -0.08495280075979394,
    "ysup": 0.08495280075979389,
    "loopnb": [
        3
    ],
    "Targets": [
        [
            0,
            1,
            2
        ]
    ],
    "SpaceRotsUn": [
        [
            [
                [
                    1.0,
                    0.0
                ],
                [
                    0.0,
                    1.0
                ]
            ],
            [
                [
                    1.0,
                    0.0
                ],
                [
                    0.0,
                    1.0
                ]
            ],
            [
                [
                    1.0,
                    0.0
                ],
                [
                    0.0,
                    1.0
                ]
            ]
        ]
    ],
    "TimeRevsUn": [
        [
            1,
            1,
            1
        ]
    ],
    "TimeShiftNumUn": [
        [
            0,
            1,
            2
        ]
    ],
    "TimeShiftDenUn": [
        [
            1,
            3,
            3
        ]
    ],
    "RequiresLoopDispUn": [
        [
            true,
            false,
            false
        ]
    ]
}