{
    "nbody": 3,
    "n_int": 24576,
    "mass": [
        1.0,
        1.0,
        1.0
    ],
    "nloop": 1,
    "Action": 78.7933354464738,
    "Grad_Action": 3.143015609934516e-14,
    "Newton_Error": 5.733593519858166e-12,
    "Min_Distance": 0.006539523248385756,
    "Max_PathLength": 3.8253275086865823,
    "Hash": [
        78.79333544647383,
        35.30908476967937,
        55.047599941502696,
        123.7214673192017,
        379.99354595191414
    ],
    "xinf": -0.06703057122855136,
    "xsup": 0.08016536218880219,
    "yinf": -0.07359796670867673,
    "ysup": 0.07359796670867681,
    "loopnb": [
        3
    ],
    "Targets": [
        [
            0,
            1,
            2
        ]
    ],
    "SpaceRotsUn": [
        [
            [
                [
                    1.0,
                    0.0
                ],
                [
                    0.0,
                    1.0
                ]
            ],
            [
                [
                    1.0,
                    0.0
                ],
                [
                    0.0,
                    1.0
                ]
            ],
            [
                [
                    1.0,
                    0.0
                ],
                [
                    0.0,
                    1.0
                ]
            ]
        ]
    ],
    "TimeRevsUn": [
        [
            1,
            1,
            1
        ]
    ],
    "TimeShiftNumUn": [
        [
            0,
            1,
            2
        ]
    ],
    "TimeShiftDenUn": [
        [
            1,
            3,
            3
        ]
    ],
    "RequiresLoopDispUn": [
        [
            true,
            false,
            false
        ]
    ]
}