{
    "nbody": 3,
    "n_int": 12288,
    "mass": [
        1.0,
        1.0,
        1.0
    ],
    "nloop": 1,
    "Action": 88.65083379958327,
    "Grad_Action": 7.294278044671566e-15,
    "Newton_Error": 1.8034397061274834e-14,
    "Min_Distance": 0.014448619572525747,
    "Max_PathLength": 4.173330302089205,
    "Hash": [
        88.65083379958327,
        39.0500720632555,
        61.253252876540806,
        141.21282115854356,
        443.92517924942814
    ],
    "xinf": -0.08273764295780675,
    "xsup": 0.07675124880123682,
    "yinf": -0.07974444587952179,
    "ysup": 0.07974444587952179,
    "loopnb": [
        3
    ],
    "Targets": [
        [
            0,
            1,
            2
        ]
    ],
    "SpaceRotsUn": [
        [
            [
                [
                    1.0,
                    0.0
                ],
                [
                    0.0,
                    1.0
                ]
            ],
            [
                [
                    1.0,
                    0.0
                ],
                [
                    0.0,
                    1.0
                ]
            ],
            [
                [
                    1.0,
                    0.0
                ],
                [
                    0.0,
                    1.0
                ]
            ]
        ]
    ],
    "TimeRevsUn": [
        [
            1,
            1,
            1
        ]
    ],
    "TimeShiftNumUn": [
        [
            0,
            1,
            2
        ]
    ],
    "TimeShiftDenUn": [
        [
            1,
            3,
            3
        ]
    ],
    "RequiresLoopDispUn": [
        [
            true,
            false,
            false
        ]
    ]
}