{
    "nbody": 3,
    "n_int": 6144,
    "mass": [
        1.0,
        1.0,
        1.0
    ],
    "nloop": 1,
    "Action": 78.31963059805847,
    "Grad_Action": 1.8605760534505624e-14,
    "Newton_Error": 6.045993435493982e-14,
    "Min_Distance": 0.01788027768172166,
    "Max_PathLength": 3.9629956715699404,
    "Hash": [
        78.31963059805847,
        35.207968991165934,
        54.948161514398734,
        121.68915150407065,
        356.9363650341138
    ],
    "xinf": -0.0817660210795082,
    "xsup": 0.0565603391844447,
    "yinf": -0.06916318013197638,
    "ysup": 0.06916318013197652,
    "loopnb": [
        3
    ],
    "Targets": [
        [
            0,
            1,
            2
        ]
    ],
    "SpaceRotsUn": [
        [
            [
                [
                    1.0,
                    0.0
                ],
                [
                    0.0,
                    1.0
                ]
            ],
            [
                [
                    1.0,
                    0.0
                ],
                [
                    0.0,
                    1.0
                ]
            ],
            [
                [
                    1.0,
                    0.0
                ],
                [
                    0.0,
                    1.0
                ]
            ]
        ]
    ],
    "TimeRevsUn": [
        [
            1,
            1,
            1
        ]
    ],
    "TimeShiftNumUn": [
        [
            0,
            1,
            2
        ]
    ],
    "TimeShiftDenUn": [
        [
            1,
            3,
            3
        ]
    ],
    "RequiresLoopDispUn": [
        [
            true,
            false,
            false
        ]
    ]
}