{
    "nbody": 3,
    "n_int": 24576,
    "mass": [
        1.0,
        1.0,
        1.0
    ],
    "nloop": 1,
    "Action": 57.46780457535576,
    "Grad_Action": 1.4166361717163292e-14,
    "Newton_Error": 3.408075645881682e-14,
    "Min_Distance": 0.009812490404570284,
    "Max_PathLength": 3.188755931375387,
    "Hash": [
        57.46780457535576,
        27.065443473328788,
        41.379062623085076,
        86.60632656739057,
        243.1141108513046
    ],
    "xinf": -0.08420381700560195,
    "xsup": 0.11549036971552115,
    "yinf": -0.09984709336056155,
    "ysup": 0.09984709336056155,
    "loopnb": [
        3
    ],
    "Targets": [
        [
            0,
            1,
            2
        ]
    ],
    "SpaceRotsUn": [
        [
            [
                [
                    1.0,
                    0.0
                ],
                [
                    0.0,
                    1.0
                ]
            ],
            [
                [
                    1.0,
                    0.0
                ],
                [
                    0.0,
                    1.0
                ]
            ],
            [
                [
                    1.0,
                    0.0
                ],
                [
                    0.0,
                    1.0
                ]
            ]
        ]
    ],
    "TimeRevsUn": [
        [
            1,
            1,
            1
        ]
    ],
    "TimeShiftNumUn": [
        [
            0,
            1,
            2
        ]
    ],
    "TimeShiftDenUn": [
        [
            1,
            3,
            3
        ]
    ],
    "RequiresLoopDispUn": [
        [
            true,
            false,
            false
        ]
    ]
}