{
    "nbody": 3,
    "n_int": 24576,
    "mass": [
        1.0,
        1.0,
        1.0
    ],
    "nloop": 1,
    "Action": 47.13786407631207,
    "Grad_Action": 1.2647399178266989e-14,
    "Newton_Error": 6.263558388671398e-14,
    "Min_Distance": 0.007364254387528538,
    "Max_PathLength": 2.8429198799922624,
    "Hash": [
        47.13786407631207,
        22.93048438411302,
        34.501858738822996,
        69.7565034157668,
        191.45749819557113
    ],
    "xinf": -0.15852067518813376,
    "xsup": 0.09585608485152977,
    "yinf": -0.12718838001983168,
    "ysup": 0.12718838001983185,
    "loopnb": [
        3
    ],
    "Targets": [
        [
            0,
            1,
            2
        ]
    ],
    "SpaceRotsUn": [
        [
            [
                [
                    1.0,
                    0.0
                ],
                [
                    0.0,
                    1.0
                ]
            ],
            [
                [
                    1.0,
                    0.0
                ],
                [
                    0.0,
                    1.0
                ]
            ],
            [
                [
                    1.0,
                    0.0
                ],
                [
                    0.0,
                    1.0
                ]
            ]
        ]
    ],
    "TimeRevsUn": [
        [
            1,
            1,
            1
        ]
    ],
    "TimeShiftNumUn": [
        [
            0,
            1,
            2
        ]
    ],
    "TimeShiftDenUn": [
        [
            1,
            3,
            3
        ]
    ],
    "RequiresLoopDispUn": [
        [
            true,
            false,
            false
        ]
    ]
}