{
    "nbody": 3,
    "n_int": 98304,
    "mass": [
        1.0,
        1.0,
        1.0
    ],
    "nloop": 1,
    "Action": 73.65582831611744,
    "Grad_Action": 1.391087381431574e-14,
    "Newton_Error": 8.283670625652292e-15,
    "Min_Distance": 0.012976811822383928,
    "Max_PathLength": 3.735612075179374,
    "Hash": [
        73.65582831611744,
        33.19695610934558,
        51.51768732549232,
        115.769252637659,
        357.507880765866
    ],
    "xinf": -0.06932072841349533,
    "xsup": 0.10774770624310935,
    "yinf": -0.08853421732830227,
    "ysup": 0.08853421732830241,
    "loopnb": [
        3
    ],
    "Targets": [
        [
            0,
            1,
            2
        ]
    ],
    "SpaceRotsUn": [
        [
            [
                [
                    1.0,
                    0.0
                ],
                [
                    0.0,
                    1.0
                ]
            ],
            [
                [
                    1.0,
                    0.0
                ],
                [
                    0.0,
                    1.0
                ]
            ],
            [
                [
                    1.0,
                    0.0
                ],
                [
                    0.0,
                    1.0
                ]
            ]
        ]
    ],
    "TimeRevsUn": [
        [
            1,
            1,
            1
        ]
    ],
    "TimeShiftNumUn": [
        [
            0,
            1,
            2
        ]
    ],
    "TimeShiftDenUn": [
        [
            1,
            3,
            3
        ]
    ],
    "RequiresLoopDispUn": [
        [
            true,
            false,
            false
        ]
    ]
}