{
    "nbody": 3,
    "n_int": 24576,
    "mass": [
        1.0,
        1.0,
        1.0
    ],
    "nloop": 1,
    "Action": 86.62909478607062,
    "Grad_Action": 4.9953600528908215e-14,
    "Newton_Error": 3.2577602305060377e-14,
    "Min_Distance": 0.009120588826732636,
    "Max_PathLength": 4.026261794135555,
    "Hash": [
        86.62909478607062,
        38.071763318021844,
        59.502072300930756,
        140.16790309913958,
        468.3740153319915
    ],
    "xinf": -0.0913896275003619,
    "xsup": 0.056681283292732046,
    "yinf": -0.07403545539654702,
    "ysup": 0.07403545539654693,
    "loopnb": [
        3
    ],
    "Targets": [
        [
            0,
            1,
            2
        ]
    ],
    "SpaceRotsUn": [
        [
            [
                [
                    1.0,
                    0.0
                ],
                [
                    0.0,
                    1.0
                ]
            ],
            [
                [
                    1.0,
                    0.0
                ],
                [
                    0.0,
                    1.0
                ]
            ],
            [
                [
                    1.0,
                    0.0
                ],
                [
                    0.0,
                    1.0
                ]
            ]
        ]
    ],
    "TimeRevsUn": [
        [
            1,
            1,
            1
        ]
    ],
    "TimeShiftNumUn": [
        [
            0,
            1,
            2
        ]
    ],
    "TimeShiftDenUn": [
        [
            1,
            3,
            3
        ]
    ],
    "RequiresLoopDispUn": [
        [
            true,
            false,
            false
        ]
    ]
}