{
    "nbody": 3,
    "n_int": 49152,
    "mass": [
        1.0,
        1.0,
        1.0
    ],
    "nloop": 1,
    "Action": 83.08884359563606,
    "Grad_Action": 1.5871733841399966e-14,
    "Newton_Error": 3.7973003205261157e-14,
    "Min_Distance": 0.005352158644034476,
    "Max_PathLength": 3.8678220936337877,
    "Hash": [
        83.08884359563606,
        36.81401813696174,
        57.463240182631864,
        132.94783590525836,
        433.3504797213049
    ],
    "xinf": -0.10740808809633459,
    "xsup": 0.0900759002730189,
    "yinf": -0.09874199418467679,
    "ysup": 0.0987419941846767,
    "loopnb": [
        3
    ],
    "Targets": [
        [
            0,
            1,
            2
        ]
    ],
    "SpaceRotsUn": [
        [
            [
                [
                    1.0,
                    0.0
                ],
                [
                    0.0,
                    1.0
                ]
            ],
            [
                [
                    1.0,
                    0.0
                ],
                [
                    0.0,
                    1.0
                ]
            ],
            [
                [
                    1.0,
                    0.0
                ],
                [
                    0.0,
                    1.0
                ]
            ]
        ]
    ],
    "TimeRevsUn": [
        [
            1,
            1,
            1
        ]
    ],
    "TimeShiftNumUn": [
        [
            0,
            1,
            2
        ]
    ],
    "TimeShiftDenUn": [
        [
            1,
            3,
            3
        ]
    ],
    "RequiresLoopDispUn": [
        [
            true,
            false,
            false
        ]
    ]
}