{
    "nbody": 3,
    "n_int": 12288,
    "mass": [
        1.0,
        1.0,
        1.0
    ],
    "nloop": 1,
    "Action": 83.90873065470777,
    "Grad_Action": 7.355095591742001e-15,
    "Newton_Error": 3.721640695579103e-14,
    "Min_Distance": 0.014696947846690987,
    "Max_PathLength": 4.044812650326466,
    "Hash": [
        83.90873065470775,
        37.300122088491186,
        58.38513549101858,
        132.14861502542342,
        403.09885753288285
    ],
    "xinf": -0.08484483545678907,
    "xsup": 0.0751778163897625,
    "yinf": -0.08001132592327587,
    "ysup": 0.0800113259232757,
    "loopnb": [
        3
    ],
    "Targets": [
        [
            0,
            1,
            2
        ]
    ],
    "SpaceRotsUn": [
        [
            [
                [
                    1.0,
                    0.0
                ],
                [
                    0.0,
                    1.0
                ]
            ],
            [
                [
                    1.0,
                    0.0
                ],
                [
                    0.0,
                    1.0
                ]
            ],
            [
                [
                    1.0,
                    0.0
                ],
                [
                    0.0,
                    1.0
                ]
            ]
        ]
    ],
    "TimeRevsUn": [
        [
            1,
            1,
            1
        ]
    ],
    "TimeShiftNumUn": [
        [
            0,
            1,
            2
        ]
    ],
    "TimeShiftDenUn": [
        [
            1,
            3,
            3
        ]
    ],
    "RequiresLoopDispUn": [
        [
            true,
            false,
            false
        ]
    ]
}