{
    "nbody": 3,
    "n_int": 49152,
    "mass": [
        1.0,
        1.0,
        1.0
    ],
    "nloop": 1,
    "Action": 68.02020575731952,
    "Grad_Action": 1.026392264944082e-09,
    "Newton_Error": 5.808262593623123e-10,
    "Min_Distance": 0.007933981924563085,
    "Max_PathLength": 3.6423487610551226,
    "Hash": [
        68.02020575731952,
        31.359107095848163,
        48.581406796549324,
        102.86625995776711,
        282.6384489329447
    ],
    "xinf": -0.07284632561380468,
    "xsup": 0.07093064650822871,
    "yinf": -0.07188848606101664,
    "ysup": 0.07188848606101675,
    "loopnb": [
        3
    ],
    "Targets": [
        [
            0,
            1,
            2
        ]
    ],
    "SpaceRotsUn": [
        [
            [
                [
                    1.0,
                    0.0
                ],
                [
                    0.0,
                    1.0
                ]
            ],
            [
                [
                    1.0,
                    0.0
                ],
                [
                    0.0,
                    1.0
                ]
            ],
            [
                [
                    1.0,
                    0.0
                ],
                [
                    0.0,
                    1.0
                ]
            ]
        ]
    ],
    "TimeRevsUn": [
        [
            1,
            1,
            1
        ]
    ],
    "TimeShiftNumUn": [
        [
            0,
            1,
            2
        ]
    ],
    "TimeShiftDenUn": [
        [
            1,
            3,
            3
        ]
    ],
    "RequiresLoopDispUn": [
        [
            true,
            false,
            false
        ]
    ]
}