{
    "nbody": 3,
    "n_int": 24576,
    "mass": [
        1.0,
        1.0,
        1.0
    ],
    "nloop": 1,
    "Action": 59.81237766653807,
    "Grad_Action": 1.0082454927137379e-12,
    "Newton_Error": 3.2975876976271443e-13,
    "Min_Distance": 0.038767220771519534,
    "Max_PathLength": 3.3875998816489976,
    "Hash": [
        59.81237766653807,
        28.202023227619982,
        43.37048300969273,
        88.2482262708841,
        224.25092451029187
    ],
    "xinf": -0.08576244293782459,
    "xsup": 0.09262150940591612,
    "yinf": -0.0891919761718703,
    "ysup": 0.08919197617187041,
    "loopnb": [
        3
    ],
    "Targets": [
        [
            0,
            1,
            2
        ]
    ],
    "SpaceRotsUn": [
        [
            [
                [
                    1.0,
                    0.0
                ],
                [
                    0.0,
                    1.0
                ]
            ],
            [
                [
                    1.0,
                    0.0
                ],
                [
                    0.0,
                    1.0
                ]
            ],
            [
                [
                    1.0,
                    0.0
                ],
                [
                    0.0,
                    1.0
                ]
            ]
        ]
    ],
    "TimeRevsUn": [
        [
            1,
            1,
            1
        ]
    ],
    "TimeShiftNumUn": [
        [
            0,
            1,
            2
        ]
    ],
    "TimeShiftDenUn": [
        [
            1,
            3,
            3
        ]
    ],
    "RequiresLoopDispUn": [
        [
            true,
            false,
            false
        ]
    ]
}