{
    "nbody": 3,
    "n_int": 3072,
    "mass": [
        1.0,
        1.0,
        1.0
    ],
    "nloop": 1,
    "Action": 44.07069426314379,
    "Grad_Action": 4.114646339461816e-15,
    "Newton_Error": 4.945974479941955e-13,
    "Min_Distance": 0.024588267473770554,
    "Max_PathLength": 2.920733457639427,
    "Hash": [
        44.070694263143785,
        21.888419290678783,
        32.835099261391214,
        62.9086112227714,
        149.94892378836025
    ],
    "xinf": -0.1457431998009259,
    "xsup": 0.09549822647492448,
    "yinf": -0.12062071313792516,
    "ysup": 0.12062071313792522,
    "loopnb": [
        3
    ],
    "Targets": [
        [
            0,
            1,
            2
        ]
    ],
    "SpaceRotsUn": [
        [
            [
                [
                    1.0,
                    0.0
                ],
                [
                    0.0,
                    1.0
                ]
            ],
            [
                [
                    1.0,
                    0.0
                ],
                [
                    0.0,
                    1.0
                ]
            ],
            [
                [
                    1.0,
                    0.0
                ],
                [
                    0.0,
                    1.0
                ]
            ]
        ]
    ],
    "TimeRevsUn": [
        [
            1,
            1,
            1
        ]
    ],
    "TimeShiftNumUn": [
        [
            0,
            1,
            2
        ]
    ],
    "TimeShiftDenUn": [
        [
            1,
            3,
            3
        ]
    ],
    "RequiresLoopDispUn": [
        [
            true,
            false,
            false
        ]
    ]
}