{
    "nbody": 3,
    "n_int": 49152,
    "mass": [
        1.0,
        1.0,
        1.0
    ],
    "nloop": 1,
    "Action": 87.72536933194162,
    "Grad_Action": 3.93721629445576e-14,
    "Newton_Error": 8.674593486880077e-14,
    "Min_Distance": 0.004886786140669927,
    "Max_PathLength": 3.9370288548354915,
    "Hash": [
        87.72536933194162,
        38.527020001612655,
        60.20111561178297,
        142.60759790427747,
        492.9480856254121
    ],
    "xinf": -0.08892904100388244,
    "xsup": 0.05567742820340338,
    "yinf": -0.07230323460364288,
    "ysup": 0.07230323460364294,
    "loopnb": [
        3
    ],
    "Targets": [
        [
            0,
            1,
            2
        ]
    ],
    "SpaceRotsUn": [
        [
            [
                [
                    1.0,
                    0.0
                ],
                [
                    0.0,
                    1.0
                ]
            ],
            [
                [
                    1.0,
                    0.0
                ],
                [
                    0.0,
                    1.0
                ]
            ],
            [
                [
                    1.0,
                    0.0
                ],
                [
                    0.0,
                    1.0
                ]
            ]
        ]
    ],
    "TimeRevsUn": [
        [
            1,
            1,
            1
        ]
    ],
    "TimeShiftNumUn": [
        [
            0,
            1,
            2
        ]
    ],
    "TimeShiftDenUn": [
        [
            1,
            3,
            3
        ]
    ],
    "RequiresLoopDispUn": [
        [
            true,
            false,
            false
        ]
    ]
}