{
    "nbody": 3,
    "n_int": 24576,
    "mass": [
        1.0,
        1.0,
        1.0
    ],
    "nloop": 1,
    "Action": 74.9727793897471,
    "Grad_Action": 1.0522851400571014e-13,
    "Newton_Error": 6.854895048770919e-14,
    "Min_Distance": 0.01170450966219936,
    "Max_PathLength": 3.5963753264310547,
    "Hash": [
        74.9727793897471,
        32.940513693481435,
        50.9334666755863,
        124.45988028991867,
        447.5456731881084
    ],
    "xinf": -0.23847419122710783,
    "xsup": 0.13002106581363432,
    "yinf": -0.18424762852037105,
    "ysup": 0.1842476285203711,
    "loopnb": [
        3
    ],
    "Targets": [
        [
            0,
            1,
            2
        ]
    ],
    "SpaceRotsUn": [
        [
            [
                [
                    1.0,
                    0.0
                ],
                [
                    0.0,
                    1.0
                ]
            ],
            [
                [
                    1.0,
                    0.0
                ],
                [
                    0.0,
                    1.0
                ]
            ],
            [
                [
                    1.0,
                    0.0
                ],
                [
                    0.0,
                    1.0
                ]
            ]
        ]
    ],
    "TimeRevsUn": [
        [
            1,
            1,
            1
        ]
    ],
    "TimeShiftNumUn": [
        [
            0,
            1,
            2
        ]
    ],
    "TimeShiftDenUn": [
        [
            1,
            3,
            3
        ]
    ],
    "RequiresLoopDispUn": [
        [
            true,
            false,
            false
        ]
    ]
}