{
    "nbody": 3,
    "n_int": 49152,
    "mass": [
        1.0,
        1.0,
        1.0
    ],
    "nloop": 1,
    "Action": 73.8276765268462,
    "Grad_Action": 7.421836497424018e-14,
    "Newton_Error": 7.02426920858312e-14,
    "Min_Distance": 0.00489708436891642,
    "Max_PathLength": 3.5853829034059395,
    "Hash": [
        73.8276765268462,
        33.213863270074754,
        51.45999377334757,
        117.32711218512435,
        383.8151370381585
    ],
    "xinf": -0.12337048152221641,
    "xsup": 0.07226830504377846,
    "yinf": -0.09781939328299748,
    "ysup": 0.0978193932829974,
    "loopnb": [
        3
    ],
    "Targets": [
        [
            0,
            1,
            2
        ]
    ],
    "SpaceRotsUn": [
        [
            [
                [
                    1.0,
                    0.0
                ],
                [
                    0.0,
                    1.0
                ]
            ],
            [
                [
                    1.0,
                    0.0
                ],
                [
                    0.0,
                    1.0
                ]
            ],
            [
                [
                    1.0,
                    0.0
                ],
                [
                    0.0,
                    1.0
                ]
            ]
        ]
    ],
    "TimeRevsUn": [
        [
            1,
            1,
            1
        ]
    ],
    "TimeShiftNumUn": [
        [
            0,
            1,
            2
        ]
    ],
    "TimeShiftDenUn": [
        [
            1,
            3,
            3
        ]
    ],
    "RequiresLoopDispUn": [
        [
            true,
            false,
            false
        ]
    ]
}