{
    "nbody": 3,
    "n_int": 49152,
    "mass": [
        1.0,
        1.0,
        1.0
    ],
    "nloop": 1,
    "Action": 87.80488160855523,
    "Grad_Action": 1.1180026181479033e-14,
    "Newton_Error": 1.0404315283898283e-14,
    "Min_Distance": 0.010898998108495157,
    "Max_PathLength": 4.135455886216044,
    "Hash": [
        87.80488160855523,
        38.65639135077958,
        60.55759525355729,
        140.55841086516045,
        450.4939464533902
    ],
    "xinf": -0.07055293204209144,
    "xsup": 0.08874283251284017,
    "yinf": -0.0796478822774658,
    "ysup": 0.0796478822774658,
    "loopnb": [
        3
    ],
    "Targets": [
        [
            0,
            1,
            2
        ]
    ],
    "SpaceRotsUn": [
        [
            [
                [
                    1.0,
                    0.0
                ],
                [
                    0.0,
                    1.0
                ]
            ],
            [
                [
                    1.0,
                    0.0
                ],
                [
                    0.0,
                    1.0
                ]
            ],
            [
                [
                    1.0,
                    0.0
                ],
                [
                    0.0,
                    1.0
                ]
            ]
        ]
    ],
    "TimeRevsUn": [
        [
            1,
            1,
            1
        ]
    ],
    "TimeShiftNumUn": [
        [
            0,
            1,
            2
        ]
    ],
    "TimeShiftDenUn": [
        [
            1,
            3,
            3
        ]
    ],
    "RequiresLoopDispUn": [
        [
            true,
            false,
            false
        ]
    ]
}