{
    "nbody": 3,
    "n_int": 12288,
    "mass": [
        1.0,
        1.0,
        1.0
    ],
    "nloop": 1,
    "Action": 87.59879852545468,
    "Grad_Action": 1.576630137607666e-14,
    "Newton_Error": 4.2216459372059357e-14,
    "Min_Distance": 0.013325876480098609,
    "Max_PathLength": 4.18005442985177,
    "Hash": [
        87.59879852545468,
        38.59263163661758,
        60.47185091591038,
        139.89057674597137,
        443.6130466518031
    ],
    "xinf": -0.08388638403183256,
    "xsup": 0.05489854864087741,
    "yinf": -0.0693924663363549,
    "ysup": 0.06939246633635507,
    "loopnb": [
        3
    ],
    "Targets": [
        [
            0,
            1,
            2
        ]
    ],
    "SpaceRotsUn": [
        [
            [
                [
                    1.0,
                    0.0
                ],
                [
                    0.0,
                    1.0
                ]
            ],
            [
                [
                    1.0,
                    0.0
                ],
                [
                    0.0,
                    1.0
                ]
            ],
            [
                [
                    1.0,
                    0.0
                ],
                [
                    0.0,
                    1.0
                ]
            ]
        ]
    ],
    "TimeRevsUn": [
        [
            1,
            1,
            1
        ]
    ],
    "TimeShiftNumUn": [
        [
            0,
            1,
            2
        ]
    ],
    "TimeShiftDenUn": [
        [
            1,
            3,
            3
        ]
    ],
    "RequiresLoopDispUn": [
        [
            true,
            false,
            false
        ]
    ]
}