{
    "nbody": 3,
    "n_int": 49152,
    "mass": [
        1.0,
        1.0,
        1.0
    ],
    "nloop": 1,
    "Action": 72.78350010696002,
    "Grad_Action": 3.081032524017303e-14,
    "Newton_Error": 1.1942993343696618e-14,
    "Min_Distance": 0.013177722117803737,
    "Max_PathLength": 3.6800604615550627,
    "Hash": [
        72.78350010696002,
        33.021562295572664,
        51.26420020197526,
        112.92686407713765,
        336.3336624427563
    ],
    "xinf": -0.08043429293027965,
    "xsup": 0.06336023048102335,
    "yinf": -0.07189726170565156,
    "ysup": 0.07189726170565144,
    "loopnb": [
        3
    ],
    "Targets": [
        [
            0,
            1,
            2
        ]
    ],
    "SpaceRotsUn": [
        [
            [
                [
                    1.0,
                    0.0
                ],
                [
                    0.0,
                    1.0
                ]
            ],
            [
                [
                    1.0,
                    0.0
                ],
                [
                    0.0,
                    1.0
                ]
            ],
            [
                [
                    1.0,
                    0.0
                ],
                [
                    0.0,
                    1.0
                ]
            ]
        ]
    ],
    "TimeRevsUn": [
        [
            1,
            1,
            1
        ]
    ],
    "TimeShiftNumUn": [
        [
            0,
            1,
            2
        ]
    ],
    "TimeShiftDenUn": [
        [
            1,
            3,
            3
        ]
    ],
    "RequiresLoopDispUn": [
        [
            true,
            false,
            false
        ]
    ]
}