{
    "nbody": 3,
    "n_int": 24576,
    "mass": [
        1.0,
        1.0,
        1.0
    ],
    "nloop": 1,
    "Action": 77.242423557769,
    "Grad_Action": 5.797414537549226e-14,
    "Newton_Error": 5.666935085511284e-14,
    "Min_Distance": 0.00865492947435422,
    "Max_PathLength": 3.66797984216052,
    "Hash": [
        77.242423557769,
        34.30769344054934,
        53.21930378119853,
        125.12848321988592,
        426.9771744529995
    ],
    "xinf": -0.08264973432981296,
    "xsup": 0.12824921282510435,
    "yinf": -0.10544947357745857,
    "ysup": 0.10544947357745874,
    "loopnb": [
        3
    ],
    "Targets": [
        [
            0,
            1,
            2
        ]
    ],
    "SpaceRotsUn": [
        [
            [
                [
                    1.0,
                    0.0
                ],
                [
                    0.0,
                    1.0
                ]
            ],
            [
                [
                    1.0,
                    0.0
                ],
                [
                    0.0,
                    1.0
                ]
            ],
            [
                [
                    1.0,
                    0.0
                ],
                [
                    0.0,
                    1.0
                ]
            ]
        ]
    ],
    "TimeRevsUn": [
        [
            1,
            1,
            1
        ]
    ],
    "TimeShiftNumUn": [
        [
            0,
            1,
            2
        ]
    ],
    "TimeShiftDenUn": [
        [
            1,
            3,
            3
        ]
    ],
    "RequiresLoopDispUn": [
        [
            true,
            false,
            false
        ]
    ]
}