{
    "nbody": 3,
    "n_int": 49152,
    "mass": [
        1.0,
        1.0,
        1.0
    ],
    "nloop": 1,
    "Action": 51.65052467323079,
    "Grad_Action": 4.735105845463195e-11,
    "Newton_Error": 1.4581440743168337e-11,
    "Min_Distance": 0.018978630768231218,
    "Max_PathLength": 3.168131573164337,
    "Hash": [
        51.650524673230805,
        24.93950582510899,
        37.90662082815946,
        75.2122017912238,
        188.09073596731523
    ],
    "xinf": -0.10200951546995572,
    "xsup": 0.08647443091851313,
    "yinf": -0.09424197319423437,
    "ysup": 0.09424197319423448,
    "loopnb": [
        3
    ],
    "Targets": [
        [
            0,
            1,
            2
        ]
    ],
    "SpaceRotsUn": [
        [
            [
                [
                    1.0,
                    0.0
                ],
                [
                    0.0,
                    1.0
                ]
            ],
            [
                [
                    1.0,
                    0.0
                ],
                [
                    0.0,
                    1.0
                ]
            ],
            [
                [
                    1.0,
                    0.0
                ],
                [
                    0.0,
                    1.0
                ]
            ]
        ]
    ],
    "TimeRevsUn": [
        [
            1,
            1,
            1
        ]
    ],
    "TimeShiftNumUn": [
        [
            0,
            1,
            2
        ]
    ],
    "TimeShiftDenUn": [
        [
            1,
            3,
            3
        ]
    ],
    "RequiresLoopDispUn": [
        [
            true,
            false,
            false
        ]
    ]
}