{
    "nbody": 3,
    "n_int": 49152,
    "mass": [
        1.0,
        1.0,
        1.0
    ],
    "nloop": 1,
    "Action": 78.54440034858656,
    "Grad_Action": 9.428907822851647e-15,
    "Newton_Error": 1.2869129185504459e-14,
    "Min_Distance": 0.009237113498080712,
    "Max_PathLength": 3.865830649033844,
    "Hash": [
        78.54440034858656,
        35.23302069490863,
        54.93713913950743,
        122.99516737855257,
        373.3374971013275
    ],
    "xinf": -0.08153812323145787,
    "xsup": 0.058965340563813196,
    "yinf": -0.07025173189763548,
    "ysup": 0.07025173189763559,
    "loopnb": [
        3
    ],
    "Targets": [
        [
            0,
            1,
            2
        ]
    ],
    "SpaceRotsUn": [
        [
            [
                [
                    1.0,
                    0.0
                ],
                [
                    0.0,
                    1.0
                ]
            ],
            [
                [
                    1.0,
                    0.0
                ],
                [
                    0.0,
                    1.0
                ]
            ],
            [
                [
                    1.0,
                    0.0
                ],
                [
                    0.0,
                    1.0
                ]
            ]
        ]
    ],
    "TimeRevsUn": [
        [
            1,
            1,
            1
        ]
    ],
    "TimeShiftNumUn": [
        [
            0,
            1,
            2
        ]
    ],
    "TimeShiftDenUn": [
        [
            1,
            3,
            3
        ]
    ],
    "RequiresLoopDispUn": [
        [
            true,
            false,
            false
        ]
    ]
}