{
    "nbody": 3,
    "n_int": 3072,
    "mass": [
        1.0,
        1.0,
        1.0
    ],
    "nloop": 1,
    "Action": 74.94284938967871,
    "Grad_Action": 2.933111190523583e-14,
    "Newton_Error": 7.359782539895936e-14,
    "Min_Distance": 0.025885719321916568,
    "Max_PathLength": 3.8323324682522495,
    "Hash": [
        74.94284938967871,
        33.52861435828541,
        52.07351619279016,
        118.92699277801584,
        372.6463819109688
    ],
    "xinf": -0.1361490885861671,
    "xsup": 0.13614908858616837,
    "yinf": -0.13614908858616773,
    "ysup": 0.13614908858616773,
    "loopnb": [
        3
    ],
    "Targets": [
        [
            0,
            1,
            2
        ]
    ],
    "SpaceRotsUn": [
        [
            [
                [
                    1.0,
                    0.0
                ],
                [
                    0.0,
                    1.0
                ]
            ],
            [
                [
                    1.0,
                    0.0
                ],
                [
                    0.0,
                    1.0
                ]
            ],
            [
                [
                    1.0,
                    0.0
                ],
                [
                    0.0,
                    1.0
                ]
            ]
        ]
    ],
    "TimeRevsUn": [
        [
            1,
            1,
            1
        ]
    ],
    "TimeShiftNumUn": [
        [
            0,
            1,
            2
        ]
    ],
    "TimeShiftDenUn": [
        [
            1,
            3,
            3
        ]
    ],
    "RequiresLoopDispUn": [
        [
            true,
            false,
            false
        ]
    ]
}