{
    "nbody": 3,
    "n_int": 192,
    "mass": [
        1.0,
        1.0,
        1.0
    ],
    "nloop": 1,
    "Action": 13.207782336993958,
    "Grad_Action": 8.467536524224851e-16,
    "Newton_Error": 6.099238322263536e-16,
    "Min_Distance": 0.20188229954724082,
    "Max_PathLength": 1.6177926067535364,
    "Hash": [
        13.207782336993958,
        8.940998633639225,
        11.423451535639789,
        15.505419300517383,
        22.332968571854142
    ],
    "xinf": -0.3160460514874458,
    "xsup": 0.3160460514874458,
    "yinf": -0.3160460514874458,
    "ysup": 0.3160460514874458,
    "loopnb": [
        3
    ],
    "Targets": [
        [
            0,
            1,
            2
        ]
    ],
    "SpaceRotsUn": [
        [
            [
                [
                    1.0,
                    0.0
                ],
                [
                    0.0,
                    1.0
                ]
            ],
            [
                [
                    1.0,
                    0.0
                ],
                [
                    0.0,
                    1.0
                ]
            ],
            [
                [
                    1.0,
                    0.0
                ],
                [
                    0.0,
                    1.0
                ]
            ]
        ]
    ],
    "TimeRevsUn": [
        [
            1,
            1,
            1
        ]
    ],
    "TimeShiftNumUn": [
        [
            0,
            1,
            2
        ]
    ],
    "TimeShiftDenUn": [
        [
            1,
            3,
            3
        ]
    ],
    "RequiresLoopDispUn": [
        [
            true,
            false,
            false
        ]
    ]
}