{
    "nbody": 3,
    "n_int": 786432,
    "mass": [
        1.0,
        1.0,
        1.0
    ],
    "nloop": 1,
    "Action": 78.27472402313447,
    "Grad_Action": 3.013344203973386e-10,
    "Newton_Error": 8.285379529531173e-09,
    "Min_Distance": 0.0006938714774450597,
    "Max_PathLength": 3.5480667181369796,
    "Hash": [
        78.27472402313447,
        34.923577881589594,
        54.139424859421204,
        127.37999564946385,
        486.7693390135275
    ],
    "xinf": -0.07802258335460652,
    "xsup": 0.099574750687146,
    "yinf": -0.08879866702087627,
    "ysup": 0.08879866702087624,
    "loopnb": [
        3
    ],
    "Targets": [
        [
            0,
            1,
            2
        ]
    ],
    "SpaceRotsUn": [
        [
            [
                [
                    1.0,
                    0.0
                ],
                [
                    0.0,
                    1.0
                ]
            ],
            [
                [
                    1.0,
                    0.0
                ],
                [
                    0.0,
                    1.0
                ]
            ],
            [
                [
                    1.0,
                    0.0
                ],
                [
                    0.0,
                    1.0
                ]
            ]
        ]
    ],
    "TimeRevsUn": [
        [
            1,
            1,
            1
        ]
    ],
    "TimeShiftNumUn": [
        [
            0,
            1,
            2
        ]
    ],
    "TimeShiftDenUn": [
        [
            1,
            3,
            3
        ]
    ],
    "RequiresLoopDispUn": [
        [
            true,
            false,
            false
        ]
    ]
}