{
    "nbody": 3,
    "n_int": 49152,
    "mass": [
        1.0,
        1.0,
        1.0
    ],
    "nloop": 1,
    "Action": 62.870726310662086,
    "Grad_Action": 1.958398507619634e-11,
    "Newton_Error": 7.124260179417417e-12,
    "Min_Distance": 0.00876037522459259,
    "Max_PathLength": 3.3150377211396385,
    "Hash": [
        62.870726310662086,
        29.059133514544396,
        44.64718180642796,
        96.96217010736426,
        290.9766513504144
    ],
    "xinf": -0.08584976928053081,
    "xsup": 0.11820422083440715,
    "yinf": -0.10202699505746904,
    "ysup": 0.10202699505746893,
    "loopnb": [
        3
    ],
    "Targets": [
        [
            0,
            1,
            2
        ]
    ],
    "SpaceRotsUn": [
        [
            [
                [
                    1.0,
                    0.0
                ],
                [
                    0.0,
                    1.0
                ]
            ],
            [
                [
                    1.0,
                    0.0
                ],
                [
                    0.0,
                    1.0
                ]
            ],
            [
                [
                    1.0,
                    0.0
                ],
                [
                    0.0,
                    1.0
                ]
            ]
        ]
    ],
    "TimeRevsUn": [
        [
            1,
            1,
            1
        ]
    ],
    "TimeShiftNumUn": [
        [
            0,
            1,
            2
        ]
    ],
    "TimeShiftDenUn": [
        [
            1,
            3,
            3
        ]
    ],
    "RequiresLoopDispUn": [
        [
            true,
            false,
            false
        ]
    ]
}