{
    "nbody": 3,
    "n_int": 49152,
    "mass": [
        1.0,
        1.0,
        1.0
    ],
    "nloop": 1,
    "Action": 63.950191374004376,
    "Grad_Action": 2.595193943622322e-14,
    "Newton_Error": 4.032714163950359e-14,
    "Min_Distance": 0.0063621158294380415,
    "Max_PathLength": 3.4163280481012857,
    "Hash": [
        63.950191374004376,
        29.613944892712308,
        45.58728087696192,
        97.82930271677486,
        287.265930741748
    ],
    "xinf": -0.08171694202690802,
    "xsup": 0.07776452616999582,
    "yinf": -0.0797407340984519,
    "ysup": 0.07974073409845195,
    "loopnb": [
        3
    ],
    "Targets": [
        [
            0,
            1,
            2
        ]
    ],
    "SpaceRotsUn": [
        [
            [
                [
                    1.0,
                    0.0
                ],
                [
                    0.0,
                    1.0
                ]
            ],
            [
                [
                    1.0,
                    0.0
                ],
                [
                    0.0,
                    1.0
                ]
            ],
            [
                [
                    1.0,
                    0.0
                ],
                [
                    0.0,
                    1.0
                ]
            ]
        ]
    ],
    "TimeRevsUn": [
        [
            1,
            1,
            1
        ]
    ],
    "TimeShiftNumUn": [
        [
            0,
            1,
            2
        ]
    ],
    "TimeShiftDenUn": [
        [
            1,
            3,
            3
        ]
    ],
    "RequiresLoopDispUn": [
        [
            true,
            false,
            false
        ]
    ]
}