{
    "nbody": 3,
    "n_int": 196608,
    "mass": [
        1.0,
        1.0,
        1.0
    ],
    "nloop": 1,
    "Action": 86.39005534606721,
    "Grad_Action": 3.404458154551774e-14,
    "Newton_Error": 1.8641525725239338e-13,
    "Min_Distance": 0.002333487759539181,
    "Max_PathLength": 3.8437068051533623,
    "Hash": [
        86.39005534606721,
        37.89854210350964,
        59.09999003251373,
        141.79766183650815,
        515.8914006183038
    ],
    "xinf": -0.13539631525223134,
    "xsup": 0.07367612872023038,
    "yinf": -0.10453622198623073,
    "ysup": 0.10453622198623098,
    "loopnb": [
        3
    ],
    "Targets": [
        [
            0,
            1,
            2
        ]
    ],
    "SpaceRotsUn": [
        [
            [
                [
                    1.0,
                    0.0
                ],
                [
                    0.0,
                    1.0
                ]
            ],
            [
                [
                    1.0,
                    0.0
                ],
                [
                    0.0,
                    1.0
                ]
            ],
            [
                [
                    1.0,
                    0.0
                ],
                [
                    0.0,
                    1.0
                ]
            ]
        ]
    ],
    "TimeRevsUn": [
        [
            1,
            1,
            1
        ]
    ],
    "TimeShiftNumUn": [
        [
            0,
            1,
            2
        ]
    ],
    "TimeShiftDenUn": [
        [
            1,
            3,
            3
        ]
    ],
    "RequiresLoopDispUn": [
        [
            true,
            false,
            false
        ]
    ]
}