{
    "nbody": 3,
    "n_int": 393216,
    "mass": [
        1.0,
        1.0,
        1.0
    ],
    "nloop": 1,
    "Action": 86.65473669515154,
    "Grad_Action": 9.030090740275814e-12,
    "Newton_Error": 1.196898377916029e-12,
    "Min_Distance": 0.005078867656013328,
    "Max_PathLength": 3.8336712268761675,
    "Hash": [
        86.65473669515154,
        37.94804635034311,
        59.198646059207384,
        142.13143615408512,
        502.39670398228054
    ],
    "xinf": -0.1270063133780741,
    "xsup": 0.07124629245146141,
    "yinf": -0.09912630291476773,
    "ysup": 0.09912630291476779,
    "loopnb": [
        3
    ],
    "Targets": [
        [
            0,
            1,
            2
        ]
    ],
    "SpaceRotsUn": [
        [
            [
                [
                    1.0,
                    0.0
                ],
                [
                    0.0,
                    1.0
                ]
            ],
            [
                [
                    1.0,
                    0.0
                ],
                [
                    0.0,
                    1.0
                ]
            ],
            [
                [
                    1.0,
                    0.0
                ],
                [
                    0.0,
                    1.0
                ]
            ]
        ]
    ],
    "TimeRevsUn": [
        [
            1,
            1,
            1
        ]
    ],
    "TimeShiftNumUn": [
        [
            0,
            1,
            2
        ]
    ],
    "TimeShiftDenUn": [
        [
            1,
            3,
            3
        ]
    ],
    "RequiresLoopDispUn": [
        [
            true,
            false,
            false
        ]
    ]
}