{
    "nbody": 3,
    "n_int": 24576,
    "mass": [
        1.0,
        1.0,
        1.0
    ],
    "nloop": 1,
    "Action": 75.25802200593326,
    "Grad_Action": 7.104277201198139e-15,
    "Newton_Error": 2.793136432634274e-14,
    "Min_Distance": 0.00832923681798128,
    "Max_PathLength": 3.7310886641685572,
    "Hash": [
        75.25802200593327,
        33.92951465895965,
        52.73029092409478,
        117.93825282738025,
        363.8548365621625
    ],
    "xinf": -0.06622648088760244,
    "xsup": 0.0798140043683361,
    "yinf": -0.07302024262796922,
    "ysup": 0.07302024262796933,
    "loopnb": [
        3
    ],
    "Targets": [
        [
            0,
            1,
            2
        ]
    ],
    "SpaceRotsUn": [
        [
            [
                [
                    1.0,
                    0.0
                ],
                [
                    0.0,
                    1.0
                ]
            ],
            [
                [
                    1.0,
                    0.0
                ],
                [
                    0.0,
                    1.0
                ]
            ],
            [
                [
                    1.0,
                    0.0
                ],
                [
                    0.0,
                    1.0
                ]
            ]
        ]
    ],
    "TimeRevsUn": [
        [
            1,
            1,
            1
        ]
    ],
    "TimeShiftNumUn": [
        [
            0,
            1,
            2
        ]
    ],
    "TimeShiftDenUn": [
        [
            1,
            3,
            3
        ]
    ],
    "RequiresLoopDispUn": [
        [
            true,
            false,
            false
        ]
    ]
}