{
    "nbody": 3,
    "n_int": 12288,
    "mass": [
        1.0,
        1.0,
        1.0
    ],
    "nloop": 1,
    "Action": 69.01056022421295,
    "Grad_Action": 2.3824597092555178e-14,
    "Newton_Error": 2.215299188937013e-14,
    "Min_Distance": 0.014673041364472535,
    "Max_PathLength": 3.622720267396853,
    "Hash": [
        69.01056022421295,
        31.531859989805756,
        48.80408747381808,
        106.44638879955768,
        311.6981890265498
    ],
    "xinf": -0.11071355351190326,
    "xsup": 0.08914380348337522,
    "yinf": -0.09992867849763931,
    "ysup": 0.09992867849763917,
    "loopnb": [
        3
    ],
    "Targets": [
        [
            0,
            1,
            2
        ]
    ],
    "SpaceRotsUn": [
        [
            [
                [
                    1.0,
                    0.0
                ],
                [
                    0.0,
                    1.0
                ]
            ],
            [
                [
                    1.0,
                    0.0
                ],
                [
                    0.0,
                    1.0
                ]
            ],
            [
                [
                    1.0,
                    0.0
                ],
                [
                    0.0,
                    1.0
                ]
            ]
        ]
    ],
    "TimeRevsUn": [
        [
            1,
            1,
            1
        ]
    ],
    "TimeShiftNumUn": [
        [
            0,
            1,
            2
        ]
    ],
    "TimeShiftDenUn": [
        [
            1,
            3,
            3
        ]
    ],
    "RequiresLoopDispUn": [
        [
            true,
            false,
            false
        ]
    ]
}