{
    "nbody": 3,
    "n_int": 49152,
    "mass": [
        1.0,
        1.0,
        1.0
    ],
    "nloop": 1,
    "Action": 77.54542504245572,
    "Grad_Action": 3.1163660518545385e-14,
    "Newton_Error": 1.2068588884953748e-14,
    "Min_Distance": 0.013619147322801424,
    "Max_PathLength": 3.8927201619354164,
    "Hash": [
        77.54542504245572,
        34.79590663227977,
        54.206582948950874,
        121.58847627536667,
        369.5183298758223
    ],
    "xinf": -0.09114851340902749,
    "xsup": 0.06585073690273294,
    "yinf": -0.07849962515588016,
    "ysup": 0.07849962515588027,
    "loopnb": [
        3
    ],
    "Targets": [
        [
            0,
            1,
            2
        ]
    ],
    "SpaceRotsUn": [
        [
            [
                [
                    1.0,
                    0.0
                ],
                [
                    0.0,
                    1.0
                ]
            ],
            [
                [
                    1.0,
                    0.0
                ],
                [
                    0.0,
                    1.0
                ]
            ],
            [
                [
                    1.0,
                    0.0
                ],
                [
                    0.0,
                    1.0
                ]
            ]
        ]
    ],
    "TimeRevsUn": [
        [
            1,
            1,
            1
        ]
    ],
    "TimeShiftNumUn": [
        [
            0,
            1,
            2
        ]
    ],
    "TimeShiftDenUn": [
        [
            1,
            3,
            3
        ]
    ],
    "RequiresLoopDispUn": [
        [
            true,
            false,
            false
        ]
    ]
}