{
    "nbody": 3,
    "n_int": 49152,
    "mass": [
        1.0,
        1.0,
        1.0
    ],
    "nloop": 1,
    "Action": 87.79781916494959,
    "Grad_Action": 1.4777737354378907e-14,
    "Newton_Error": 1.3933079875239145e-14,
    "Min_Distance": 0.020822454422971225,
    "Max_PathLength": 4.117939215971093,
    "Hash": [
        87.79781916494959,
        38.16600537622367,
        59.60822369584107,
        144.77478140946872,
        502.0480296827358
    ],
    "xinf": -0.14289673603261072,
    "xsup": 0.1428967360326278,
    "yinf": -0.14289673603261926,
    "ysup": 0.14289673603261926,
    "loopnb": [
        3
    ],
    "Targets": [
        [
            0,
            1,
            2
        ]
    ],
    "SpaceRotsUn": [
        [
            [
                [
                    1.0,
                    0.0
                ],
                [
                    0.0,
                    1.0
                ]
            ],
            [
                [
                    1.0,
                    0.0
                ],
                [
                    0.0,
                    1.0
                ]
            ],
            [
                [
                    1.0,
                    0.0
                ],
                [
                    0.0,
                    1.0
                ]
            ]
        ]
    ],
    "TimeRevsUn": [
        [
            1,
            1,
            1
        ]
    ],
    "TimeShiftNumUn": [
        [
            0,
            1,
            2
        ]
    ],
    "TimeShiftDenUn": [
        [
            1,
            3,
            3
        ]
    ],
    "RequiresLoopDispUn": [
        [
            true,
            false,
            false
        ]
    ]
}