{
    "nbody": 3,
    "n_int": 1572864,
    "mass": [
        1.0,
        1.0,
        1.0
    ],
    "nloop": 1,
    "Action": 86.21740409917234,
    "Grad_Action": 5.9400899973104446e-08,
    "Newton_Error": 8.904567215376655e-08,
    "Min_Distance": 0.0004684303696169754,
    "Max_PathLength": 3.8429446960866187,
    "Hash": [
        86.21740409917234,
        37.993429182695785,
        59.22616047550912,
        141.33941035397217,
        546.6107554115082
    ],
    "xinf": -0.06979569179424117,
    "xsup": 0.074456475077425,
    "yinf": -0.07212608343583307,
    "ysup": 0.0721260834358331,
    "loopnb": [
        3
    ],
    "Targets": [
        [
            0,
            1,
            2
        ]
    ],
    "SpaceRotsUn": [
        [
            [
                [
                    1.0,
                    0.0
                ],
                [
                    0.0,
                    1.0
                ]
            ],
            [
                [
                    1.0,
                    0.0
                ],
                [
                    0.0,
                    1.0
                ]
            ],
            [
                [
                    1.0,
                    0.0
                ],
                [
                    0.0,
                    1.0
                ]
            ]
        ]
    ],
    "TimeRevsUn": [
        [
            1,
            1,
            1
        ]
    ],
    "TimeShiftNumUn": [
        [
            0,
            1,
            2
        ]
    ],
    "TimeShiftDenUn": [
        [
            1,
            3,
            3
        ]
    ],
    "RequiresLoopDispUn": [
        [
            true,
            false,
            false
        ]
    ]
}