{
    "nbody": 3,
    "n_int": 6144,
    "mass": [
        1.0,
        1.0,
        1.0
    ],
    "nloop": 1,
    "Action": 53.9867137967768,
    "Grad_Action": 6.6685120296484074e-15,
    "Newton_Error": 9.644433466730131e-15,
    "Min_Distance": 0.021331279683632937,
    "Max_PathLength": 3.182219565322603,
    "Hash": [
        53.9867137967768,
        25.68461901670255,
        39.149823941371075,
        80.1951173899445,
        211.7235557250919
    ],
    "xinf": -0.12240516800998141,
    "xsup": 0.14239306704261206,
    "yinf": -0.13239911752629674,
    "ysup": 0.13239911752629674,
    "loopnb": [
        3
    ],
    "Targets": [
        [
            0,
            1,
            2
        ]
    ],
    "SpaceRotsUn": [
        [
            [
                [
                    1.0,
                    0.0
                ],
                [
                    0.0,
                    1.0
                ]
            ],
            [
                [
                    1.0,
                    0.0
                ],
                [
                    0.0,
                    1.0
                ]
            ],
            [
                [
                    1.0,
                    0.0
                ],
                [
                    0.0,
                    1.0
                ]
            ]
        ]
    ],
    "TimeRevsUn": [
        [
            1,
            1,
            1
        ]
    ],
    "TimeShiftNumUn": [
        [
            0,
            1,
            2
        ]
    ],
    "TimeShiftDenUn": [
        [
            1,
            3,
            3
        ]
    ],
    "RequiresLoopDispUn": [
        [
            true,
            false,
            false
        ]
    ]
}