{
    "nbody": 3,
    "n_int": 24576,
    "mass": [
        1.0,
        1.0,
        1.0
    ],
    "nloop": 1,
    "Action": 69.72760051783087,
    "Grad_Action": 1.2459743011098566e-14,
    "Newton_Error": 1.8212058502541038e-14,
    "Min_Distance": 0.012733457216528132,
    "Max_PathLength": 3.518034600505888,
    "Hash": [
        69.72760051783085,
        31.4590300037057,
        48.61644523122164,
        110.48395710492356,
        349.53660400920506
    ],
    "xinf": -0.12785150848284,
    "xsup": 0.15245962594689877,
    "yinf": -0.14015556721486933,
    "ysup": 0.14015556721486944,
    "loopnb": [
        3
    ],
    "Targets": [
        [
            0,
            1,
            2
        ]
    ],
    "SpaceRotsUn": [
        [
            [
                [
                    1.0,
                    0.0
                ],
                [
                    0.0,
                    1.0
                ]
            ],
            [
                [
                    1.0,
                    0.0
                ],
                [
                    0.0,
                    1.0
                ]
            ],
            [
                [
                    1.0,
                    0.0
                ],
                [
                    0.0,
                    1.0
                ]
            ]
        ]
    ],
    "TimeRevsUn": [
        [
            1,
            1,
            1
        ]
    ],
    "TimeShiftNumUn": [
        [
            0,
            1,
            2
        ]
    ],
    "TimeShiftDenUn": [
        [
            1,
            3,
            3
        ]
    ],
    "RequiresLoopDispUn": [
        [
            true,
            false,
            false
        ]
    ]
}