{
    "nbody": 3,
    "n_int": 6144,
    "mass": [
        1.0,
        1.0,
        1.0
    ],
    "nloop": 1,
    "Action": 62.25100279153075,
    "Grad_Action": 1.3972731830285528e-14,
    "Newton_Error": 3.307886447577137e-14,
    "Min_Distance": 0.017047525018467406,
    "Max_PathLength": 3.4145039650331945,
    "Hash": [
        62.25100279153075,
        28.785207117506115,
        44.26259657854935,
        95.41387864481966,
        275.03196728505117
    ],
    "xinf": -0.16953810298196806,
    "xsup": 0.1001040200994032,
    "yinf": -0.13482106154068552,
    "ysup": 0.13482106154068574,
    "loopnb": [
        3
    ],
    "Targets": [
        [
            0,
            1,
            2
        ]
    ],
    "SpaceRotsUn": [
        [
            [
                [
                    1.0,
                    0.0
                ],
                [
                    0.0,
                    1.0
                ]
            ],
            [
                [
                    1.0,
                    0.0
                ],
                [
                    0.0,
                    1.0
                ]
            ],
            [
                [
                    1.0,
                    0.0
                ],
                [
                    0.0,
                    1.0
                ]
            ]
        ]
    ],
    "TimeRevsUn": [
        [
            1,
            1,
            1
        ]
    ],
    "TimeShiftNumUn": [
        [
            0,
            1,
            2
        ]
    ],
    "TimeShiftDenUn": [
        [
            1,
            3,
            3
        ]
    ],
    "RequiresLoopDispUn": [
        [
            true,
            false,
            false
        ]
    ]
}