{
    "nbody": 3,
    "n_int": 98304,
    "mass": [
        1.0,
        1.0,
        1.0
    ],
    "nloop": 1,
    "Action": 77.47988513838249,
    "Grad_Action": 4.259741172532295e-14,
    "Newton_Error": 5.421008367347389e-13,
    "Min_Distance": 0.0028593656469296557,
    "Max_PathLength": 3.6977492617822705,
    "Hash": [
        77.47988513838249,
        34.67769783060868,
        53.87301915948007,
        123.64682443381642,
        414.5804514484474
    ],
    "xinf": -0.08961286943011454,
    "xsup": 0.07065941613751103,
    "yinf": -0.08013614278381273,
    "ysup": 0.08013614278381284,
    "loopnb": [
        3
    ],
    "Targets": [
        [
            0,
            1,
            2
        ]
    ],
    "SpaceRotsUn": [
        [
            [
                [
                    1.0,
                    0.0
                ],
                [
                    0.0,
                    1.0
                ]
            ],
            [
                [
                    1.0,
                    0.0
                ],
                [
                    0.0,
                    1.0
                ]
            ],
            [
                [
                    1.0,
                    0.0
                ],
                [
                    0.0,
                    1.0
                ]
            ]
        ]
    ],
    "TimeRevsUn": [
        [
            1,
            1,
            1
        ]
    ],
    "TimeShiftNumUn": [
        [
            0,
            1,
            2
        ]
    ],
    "TimeShiftDenUn": [
        [
            1,
            3,
            3
        ]
    ],
    "RequiresLoopDispUn": [
        [
            true,
            false,
            false
        ]
    ]
}