{
    "nbody": 3,
    "n_int": 12288,
    "mass": [
        1.0,
        1.0,
        1.0
    ],
    "nloop": 1,
    "Action": 86.98723336250694,
    "Grad_Action": 1.4999177315875165e-14,
    "Newton_Error": 6.591325903817841e-14,
    "Min_Distance": 0.011170885637307401,
    "Max_PathLength": 4.102567690401091,
    "Hash": [
        86.98723336250694,
        38.52080288138065,
        60.41774719500763,
        137.25849890692822,
        420.31123247001995
    ],
    "xinf": -0.05973130745704952,
    "xsup": 0.06048810752075032,
    "yinf": -0.06010970748889993,
    "ysup": 0.060109707488899905,
    "loopnb": [
        3
    ],
    "Targets": [
        [
            0,
            1,
            2
        ]
    ],
    "SpaceRotsUn": [
        [
            [
                [
                    1.0,
                    0.0
                ],
                [
                    0.0,
                    1.0
                ]
            ],
            [
                [
                    1.0,
                    0.0
                ],
                [
                    0.0,
                    1.0
                ]
            ],
            [
                [
                    1.0,
                    0.0
                ],
                [
                    0.0,
                    1.0
                ]
            ]
        ]
    ],
    "TimeRevsUn": [
        [
            1,
            1,
            1
        ]
    ],
    "TimeShiftNumUn": [
        [
            0,
            1,
            2
        ]
    ],
    "TimeShiftDenUn": [
        [
            1,
            3,
            3
        ]
    ],
    "RequiresLoopDispUn": [
        [
            true,
            false,
            false
        ]
    ]
}