{
    "nbody": 3,
    "n_int": 393216,
    "mass": [
        1.0,
        1.0,
        1.0
    ],
    "nloop": 1,
    "Action": 64.6763211075924,
    "Grad_Action": 3.46404580160151e-07,
    "Newton_Error": 9.559409921011653e-08,
    "Min_Distance": 0.005933037153313054,
    "Max_PathLength": 3.339950496165383,
    "Hash": [
        64.6763211075924,
        29.898004559797403,
        46.07730970051029,
        98.90805080744168,
        288.9082260138644
    ],
    "xinf": -0.11090260005231016,
    "xsup": 0.09563239246461556,
    "yinf": -0.10326749625846277,
    "ysup": 0.10326749625846296,
    "loopnb": [
        3
    ],
    "Targets": [
        [
            0,
            1,
            2
        ]
    ],
    "SpaceRotsUn": [
        [
            [
                [
                    1.0,
                    0.0
                ],
                [
                    0.0,
                    1.0
                ]
            ],
            [
                [
                    1.0,
                    0.0
                ],
                [
                    0.0,
                    1.0
                ]
            ],
            [
                [
                    1.0,
                    0.0
                ],
                [
                    0.0,
                    1.0
                ]
            ]
        ]
    ],
    "TimeRevsUn": [
        [
            1,
            1,
            1
        ]
    ],
    "TimeShiftNumUn": [
        [
            0,
            1,
            2
        ]
    ],
    "TimeShiftDenUn": [
        [
            1,
            3,
            3
        ]
    ],
    "RequiresLoopDispUn": [
        [
            true,
            false,
            false
        ]
    ]
}