{
    "nbody": 3,
    "n_int": 24576,
    "mass": [
        1.0,
        1.0,
        1.0
    ],
    "nloop": 1,
    "Action": 83.1183961333746,
    "Grad_Action": 4.525409444333349e-14,
    "Newton_Error": 2.1927919022963429e-13,
    "Min_Distance": 0.00983833157514141,
    "Max_PathLength": 3.746745997217161,
    "Hash": [
        83.1183961333746,
        35.86233029940334,
        55.63959243507308,
        141.4162429077228,
        542.0302013676317
    ],
    "xinf": -0.24202513160507655,
    "xsup": 0.1304017511411233,
    "yinf": -0.1862134413731,
    "ysup": 0.18621344137309984,
    "loopnb": [
        3
    ],
    "Targets": [
        [
            0,
            1,
            2
        ]
    ],
    "SpaceRotsUn": [
        [
            [
                [
                    1.0,
                    0.0
                ],
                [
                    0.0,
                    1.0
                ]
            ],
            [
                [
                    1.0,
                    0.0
                ],
                [
                    0.0,
                    1.0
                ]
            ],
            [
                [
                    1.0,
                    0.0
                ],
                [
                    0.0,
                    1.0
                ]
            ]
        ]
    ],
    "TimeRevsUn": [
        [
            1,
            1,
            1
        ]
    ],
    "TimeShiftNumUn": [
        [
            0,
            1,
            2
        ]
    ],
    "TimeShiftDenUn": [
        [
            1,
            3,
            3
        ]
    ],
    "RequiresLoopDispUn": [
        [
            true,
            false,
            false
        ]
    ]
}