{
    "nbody": 3,
    "n_int": 12288,
    "mass": [
        1.0,
        1.0,
        1.0
    ],
    "nloop": 1,
    "Action": 78.85717317240574,
    "Grad_Action": 2.8601067078276847e-14,
    "Newton_Error": 1.1560039475735958e-13,
    "Min_Distance": 0.010287649850163389,
    "Max_PathLength": 3.6928268197155614,
    "Hash": [
        78.85717317240574,
        34.76408057637344,
        53.97892108394096,
        128.88095439091413,
        443.84410655719824
    ],
    "xinf": -0.12923448869399207,
    "xsup": 0.1563789373551958,
    "yinf": -0.142806713024594,
    "ysup": 0.14280671302459388,
    "loopnb": [
        3
    ],
    "Targets": [
        [
            0,
            1,
            2
        ]
    ],
    "SpaceRotsUn": [
        [
            [
                [
                    1.0,
                    0.0
                ],
                [
                    0.0,
                    1.0
                ]
            ],
            [
                [
                    1.0,
                    0.0
                ],
                [
                    0.0,
                    1.0
                ]
            ],
            [
                [
                    1.0,
                    0.0
                ],
                [
                    0.0,
                    1.0
                ]
            ]
        ]
    ],
    "TimeRevsUn": [
        [
            1,
            1,
            1
        ]
    ],
    "TimeShiftNumUn": [
        [
            0,
            1,
            2
        ]
    ],
    "TimeShiftDenUn": [
        [
            1,
            3,
            3
        ]
    ],
    "RequiresLoopDispUn": [
        [
            true,
            false,
            false
        ]
    ]
}