{
    "nbody": 3,
    "n_int": 49152,
    "mass": [
        1.0,
        1.0,
        1.0
    ],
    "nloop": 1,
    "Action": 77.6859595965276,
    "Grad_Action": 4.28056933423346e-14,
    "Newton_Error": 3.8323487952421727e-14,
    "Min_Distance": 0.0064356196326780446,
    "Max_PathLength": 3.645588887872308,
    "Hash": [
        77.6859595965276,
        34.700755002360545,
        53.940674864783816,
        123.88752128290439,
        404.23931249777235
    ],
    "xinf": -0.12023879505768259,
    "xsup": 0.069217298184025,
    "yinf": -0.0947280466208538,
    "ysup": 0.0947280466208538,
    "loopnb": [
        3
    ],
    "Targets": [
        [
            0,
            1,
            2
        ]
    ],
    "SpaceRotsUn": [
        [
            [
                [
                    1.0,
                    0.0
                ],
                [
                    0.0,
                    1.0
                ]
            ],
            [
                [
                    1.0,
                    0.0
                ],
                [
                    0.0,
                    1.0
                ]
            ],
            [
                [
                    1.0,
                    0.0
                ],
                [
                    0.0,
                    1.0
                ]
            ]
        ]
    ],
    "TimeRevsUn": [
        [
            1,
            1,
            1
        ]
    ],
    "TimeShiftNumUn": [
        [
            0,
            1,
            2
        ]
    ],
    "TimeShiftDenUn": [
        [
            1,
            3,
            3
        ]
    ],
    "RequiresLoopDispUn": [
        [
            true,
            false,
            false
        ]
    ]
}