{
    "nbody": 3,
    "n_int": 49152,
    "mass": [
        1.0,
        1.0,
        1.0
    ],
    "nloop": 1,
    "Action": 73.6772632175227,
    "Grad_Action": 2.0420282478710685e-14,
    "Newton_Error": 7.725989154250614e-14,
    "Min_Distance": 0.005677305347784224,
    "Max_PathLength": 3.531479015442386,
    "Hash": [
        73.6772632175227,
        33.09699329954686,
        51.22675858007451,
        117.83310679821027,
        395.2052126165207
    ],
    "xinf": -0.06582473244235268,
    "xsup": 0.10698971253094744,
    "yinf": -0.08640722248664999,
    "ysup": 0.08640722248665013,
    "loopnb": [
        3
    ],
    "Targets": [
        [
            0,
            1,
            2
        ]
    ],
    "SpaceRotsUn": [
        [
            [
                [
                    1.0,
                    0.0
                ],
                [
                    0.0,
                    1.0
                ]
            ],
            [
                [
                    1.0,
                    0.0
                ],
                [
                    0.0,
                    1.0
                ]
            ],
            [
                [
                    1.0,
                    0.0
                ],
                [
                    0.0,
                    1.0
                ]
            ]
        ]
    ],
    "TimeRevsUn": [
        [
            1,
            1,
            1
        ]
    ],
    "TimeShiftNumUn": [
        [
            0,
            1,
            2
        ]
    ],
    "TimeShiftDenUn": [
        [
            1,
            3,
            3
        ]
    ],
    "RequiresLoopDispUn": [
        [
            true,
            false,
            false
        ]
    ]
}