{
    "nbody": 3,
    "n_int": 49152,
    "mass": [
        1.0,
        1.0,
        1.0
    ],
    "nloop": 1,
    "Action": 81.67394080695198,
    "Grad_Action": 4.186825730441508e-15,
    "Newton_Error": 5.752523967082689e-15,
    "Min_Distance": 0.01369946519832602,
    "Max_PathLength": 4.018943445258648,
    "Hash": [
        81.67394080695198,
        36.52116804062182,
        57.12761925012979,
        127.42266230728524,
        377.72894652293206
    ],
    "xinf": -0.06075215630564888,
    "xsup": 0.06354148800173985,
    "yinf": -0.06214682215369445,
    "ysup": 0.062146822153694284,
    "loopnb": [
        3
    ],
    "Targets": [
        [
            0,
            1,
            2
        ]
    ],
    "SpaceRotsUn": [
        [
            [
                [
                    1.0,
                    0.0
                ],
                [
                    0.0,
                    1.0
                ]
            ],
            [
                [
                    1.0,
                    0.0
                ],
                [
                    0.0,
                    1.0
                ]
            ],
            [
                [
                    1.0,
                    0.0
                ],
                [
                    0.0,
                    1.0
                ]
            ]
        ]
    ],
    "TimeRevsUn": [
        [
            1,
            1,
            1
        ]
    ],
    "TimeShiftNumUn": [
        [
            0,
            1,
            2
        ]
    ],
    "TimeShiftDenUn": [
        [
            1,
            3,
            3
        ]
    ],
    "RequiresLoopDispUn": [
        [
            true,
            false,
            false
        ]
    ]
}