{
    "nbody": 3,
    "n_int": 98304,
    "mass": [
        1.0,
        1.0,
        1.0
    ],
    "nloop": 1,
    "Action": 81.83939950303741,
    "Grad_Action": 6.102007704141012e-14,
    "Newton_Error": 9.510529063515594e-14,
    "Min_Distance": 0.0030549632547620166,
    "Max_PathLength": 3.7558268324075987,
    "Hash": [
        81.83939950303741,
        36.26593125270223,
        56.46480665755634,
        132.1760147398181,
        453.1407596118764
    ],
    "xinf": -0.10634722940926924,
    "xsup": 0.0619181789590493,
    "yinf": -0.08413270418415927,
    "ysup": 0.08413270418415927,
    "loopnb": [
        3
    ],
    "Targets": [
        [
            0,
            1,
            2
        ]
    ],
    "SpaceRotsUn": [
        [
            [
                [
                    1.0,
                    0.0
                ],
                [
                    0.0,
                    1.0
                ]
            ],
            [
                [
                    1.0,
                    0.0
                ],
                [
                    0.0,
                    1.0
                ]
            ],
            [
                [
                    1.0,
                    0.0
                ],
                [
                    0.0,
                    1.0
                ]
            ]
        ]
    ],
    "TimeRevsUn": [
        [
            1,
            1,
            1
        ]
    ],
    "TimeShiftNumUn": [
        [
            0,
            1,
            2
        ]
    ],
    "TimeShiftDenUn": [
        [
            1,
            3,
            3
        ]
    ],
    "RequiresLoopDispUn": [
        [
            true,
            false,
            false
        ]
    ]
}