{
    "nbody": 3,
    "n_int": 49152,
    "mass": [
        1.0,
        1.0,
        1.0
    ],
    "nloop": 1,
    "Action": 86.98232501470058,
    "Grad_Action": 8.23199915818182e-14,
    "Newton_Error": 6.60206806168991e-14,
    "Min_Distance": 0.013740389056300418,
    "Max_PathLength": 4.176720664522271,
    "Hash": [
        86.98232501470058,
        38.55055583938897,
        60.49567249040204,
        136.76695397579383,
        412.39198796558014
    ],
    "xinf": -0.06096828881364663,
    "xsup": 0.06178553536588345,
    "yinf": -0.06137691208976507,
    "ysup": 0.061376912089765014,
    "loopnb": [
        3
    ],
    "Targets": [
        [
            0,
            1,
            2
        ]
    ],
    "SpaceRotsUn": [
        [
            [
                [
                    1.0,
                    0.0
                ],
                [
                    0.0,
                    1.0
                ]
            ],
            [
                [
                    1.0,
                    0.0
                ],
                [
                    0.0,
                    1.0
                ]
            ],
            [
                [
                    1.0,
                    0.0
                ],
                [
                    0.0,
                    1.0
                ]
            ]
        ]
    ],
    "TimeRevsUn": [
        [
            1,
            1,
            1
        ]
    ],
    "TimeShiftNumUn": [
        [
            0,
            1,
            2
        ]
    ],
    "TimeShiftDenUn": [
        [
            1,
            3,
            3
        ]
    ],
    "RequiresLoopDispUn": [
        [
            true,
            false,
            false
        ]
    ]
}