{
    "nbody": 3,
    "n_int": 98304,
    "mass": [
        1.0,
        1.0,
        1.0
    ],
    "nloop": 1,
    "Action": 86.94744948626007,
    "Grad_Action": 4.097237356973183e-15,
    "Newton_Error": 4.349165673891594e-15,
    "Min_Distance": 0.014043521115982704,
    "Max_PathLength": 4.159875718783388,
    "Hash": [
        86.94744948626007,
        38.52723665292305,
        60.45129938695946,
        136.8197493604058,
        413.75520249172916
    ],
    "xinf": -0.05677403044830981,
    "xsup": 0.06669629873750663,
    "yinf": -0.06173516459290833,
    "ysup": 0.06173516459290811,
    "loopnb": [
        3
    ],
    "Targets": [
        [
            0,
            1,
            2
        ]
    ],
    "SpaceRotsUn": [
        [
            [
                [
                    1.0,
                    0.0
                ],
                [
                    0.0,
                    1.0
                ]
            ],
            [
                [
                    1.0,
                    0.0
                ],
                [
                    0.0,
                    1.0
                ]
            ],
            [
                [
                    1.0,
                    0.0
                ],
                [
                    0.0,
                    1.0
                ]
            ]
        ]
    ],
    "TimeRevsUn": [
        [
            1,
            1,
            1
        ]
    ],
    "TimeShiftNumUn": [
        [
            0,
            1,
            2
        ]
    ],
    "TimeShiftDenUn": [
        [
            1,
            3,
            3
        ]
    ],
    "RequiresLoopDispUn": [
        [
            true,
            false,
            false
        ]
    ]
}