{
    "nbody": 3,
    "n_int": 6144,
    "mass": [
        1.0,
        1.0,
        1.0
    ],
    "nloop": 1,
    "Action": 73.24742883501627,
    "Grad_Action": 6.010920844161129e-15,
    "Newton_Error": 4.905628786882356e-13,
    "Min_Distance": 0.015610261280349275,
    "Max_PathLength": 3.797814111541471,
    "Hash": [
        73.24742883501627,
        33.320269445527664,
        51.832431283100014,
        112.30505946096702,
        318.52716957686636
    ],
    "xinf": -0.07667371907909117,
    "xsup": 0.06354222471283492,
    "yinf": -0.07010797189596307,
    "ysup": 0.07010797189596302,
    "loopnb": [
        3
    ],
    "Targets": [
        [
            0,
            1,
            2
        ]
    ],
    "SpaceRotsUn": [
        [
            [
                [
                    1.0,
                    0.0
                ],
                [
                    0.0,
                    1.0
                ]
            ],
            [
                [
                    1.0,
                    0.0
                ],
                [
                    0.0,
                    1.0
                ]
            ],
            [
                [
                    1.0,
                    0.0
                ],
                [
                    0.0,
                    1.0
                ]
            ]
        ]
    ],
    "TimeRevsUn": [
        [
            1,
            1,
            1
        ]
    ],
    "TimeShiftNumUn": [
        [
            0,
            1,
            2
        ]
    ],
    "TimeShiftDenUn": [
        [
            1,
            3,
            3
        ]
    ],
    "RequiresLoopDispUn": [
        [
            true,
            false,
            false
        ]
    ]
}