{
    "nbody": 3,
    "n_int": 24576,
    "mass": [
        1.0,
        1.0,
        1.0
    ],
    "nloop": 1,
    "Action": 57.11871670405833,
    "Grad_Action": 8.550311997524555e-12,
    "Newton_Error": 2.4703316155097606e-12,
    "Min_Distance": 0.021176604311249618,
    "Max_PathLength": 3.3102109593151394,
    "Hash": [
        57.11871670405833,
        26.92942385352936,
        41.21169763668011,
        85.44484282533911,
        229.70671707947065
    ],
    "xinf": -0.15257514855754586,
    "xsup": 0.09397648109397802,
    "yinf": -0.12327581482576186,
    "ysup": 0.12327581482576203,
    "loopnb": [
        3
    ],
    "Targets": [
        [
            0,
            1,
            2
        ]
    ],
    "SpaceRotsUn": [
        [
            [
                [
                    1.0,
                    0.0
                ],
                [
                    0.0,
                    1.0
                ]
            ],
            [
                [
                    1.0,
                    0.0
                ],
                [
                    0.0,
                    1.0
                ]
            ],
            [
                [
                    1.0,
                    0.0
                ],
                [
                    0.0,
                    1.0
                ]
            ]
        ]
    ],
    "TimeRevsUn": [
        [
            1,
            1,
            1
        ]
    ],
    "TimeShiftNumUn": [
        [
            0,
            1,
            2
        ]
    ],
    "TimeShiftDenUn": [
        [
            1,
            3,
            3
        ]
    ],
    "RequiresLoopDispUn": [
        [
            true,
            false,
            false
        ]
    ]
}