{
    "nbody": 3,
    "n_int": 49152,
    "mass": [
        1.0,
        1.0,
        1.0
    ],
    "nloop": 1,
    "Action": 48.431084056132136,
    "Grad_Action": 3.0352441720128017e-14,
    "Newton_Error": 4.812105224266657e-14,
    "Min_Distance": 0.005445911821546052,
    "Max_PathLength": 2.9419205223284615,
    "Hash": [
        48.431084056132136,
        23.640038211395925,
        35.70907379921393,
        70.40822283640048,
        181.12941447078225
    ],
    "xinf": -0.10838601385580979,
    "xsup": 0.09455959966129751,
    "yinf": -0.10147280675855361,
    "ysup": 0.10147280675855369,
    "loopnb": [
        3
    ],
    "Targets": [
        [
            0,
            1,
            2
        ]
    ],
    "SpaceRotsUn": [
        [
            [
                [
                    1.0,
                    0.0
                ],
                [
                    0.0,
                    1.0
                ]
            ],
            [
                [
                    1.0,
                    0.0
                ],
                [
                    0.0,
                    1.0
                ]
            ],
            [
                [
                    1.0,
                    0.0
                ],
                [
                    0.0,
                    1.0
                ]
            ]
        ]
    ],
    "TimeRevsUn": [
        [
            1,
            1,
            1
        ]
    ],
    "TimeShiftNumUn": [
        [
            0,
            1,
            2
        ]
    ],
    "TimeShiftDenUn": [
        [
            1,
            3,
            3
        ]
    ],
    "RequiresLoopDispUn": [
        [
            true,
            false,
            false
        ]
    ]
}