{
    "nbody": 3,
    "n_int": 6144,
    "mass": [
        1.0,
        1.0,
        1.0
    ],
    "nloop": 1,
    "Action": 79.32831410346026,
    "Grad_Action": 8.067296423502931e-14,
    "Newton_Error": 3.245190037535648e-13,
    "Min_Distance": 0.017191123867706114,
    "Max_PathLength": 3.8810463363054835,
    "Hash": [
        79.32831410346024,
        35.10775498693147,
        54.61909884473456,
        127.97411030642989,
        421.5368436203796
    ],
    "xinf": -0.1474593760146944,
    "xsup": 0.12074445805654765,
    "yinf": -0.13410191703562108,
    "ysup": 0.13410191703562097,
    "loopnb": [
        3
    ],
    "Targets": [
        [
            0,
            1,
            2
        ]
    ],
    "SpaceRotsUn": [
        [
            [
                [
                    1.0,
                    0.0
                ],
                [
                    0.0,
                    1.0
                ]
            ],
            [
                [
                    1.0,
                    0.0
                ],
                [
                    0.0,
                    1.0
                ]
            ],
            [
                [
                    1.0,
                    0.0
                ],
                [
                    0.0,
                    1.0
                ]
            ]
        ]
    ],
    "TimeRevsUn": [
        [
            1,
            1,
            1
        ]
    ],
    "TimeShiftNumUn": [
        [
            0,
            1,
            2
        ]
    ],
    "TimeShiftDenUn": [
        [
            1,
            3,
            3
        ]
    ],
    "RequiresLoopDispUn": [
        [
            true,
            false,
            false
        ]
    ]
}