{
    "nbody": 3,
    "n_int": 196608,
    "mass": [
        1.0,
        1.0,
        1.0
    ],
    "nloop": 1,
    "Action": 86.6581935705807,
    "Grad_Action": 2.610319554663477e-08,
    "Newton_Error": 1.780329201079803e-07,
    "Min_Distance": 0.003289814887215338,
    "Max_PathLength": 3.744865833945438,
    "Hash": [
        86.6581935705807,
        37.760678220772455,
        58.74916468402494,
        144.90681842372018,
        553.5591881575037
    ],
    "xinf": -0.15589694424795775,
    "xsup": 0.08497290657874573,
    "yinf": -0.12043492541335166,
    "ysup": 0.12043492541335182,
    "loopnb": [
        3
    ],
    "Targets": [
        [
            0,
            1,
            2
        ]
    ],
    "SpaceRotsUn": [
        [
            [
                [
                    1.0,
                    0.0
                ],
                [
                    0.0,
                    1.0
                ]
            ],
            [
                [
                    1.0,
                    0.0
                ],
                [
                    0.0,
                    1.0
                ]
            ],
            [
                [
                    1.0,
                    0.0
                ],
                [
                    0.0,
                    1.0
                ]
            ]
        ]
    ],
    "TimeRevsUn": [
        [
            1,
            1,
            1
        ]
    ],
    "TimeShiftNumUn": [
        [
            0,
            1,
            2
        ]
    ],
    "TimeShiftDenUn": [
        [
            1,
            3,
            3
        ]
    ],
    "RequiresLoopDispUn": [
        [
            true,
            false,
            false
        ]
    ]
}