{
    "nbody": 3,
    "n_int": 12288,
    "mass": [
        1.0,
        1.0,
        1.0
    ],
    "nloop": 1,
    "Action": 58.65032989623148,
    "Grad_Action": 1.0372507669320228e-14,
    "Newton_Error": 1.0548611867686768e-14,
    "Min_Distance": 0.015338373731413987,
    "Max_PathLength": 3.3528056981342016,
    "Hash": [
        58.65032989623148,
        27.682345955855528,
        42.47112785338006,
        87.0066924773227,
        227.57820560765694
    ],
    "xinf": -0.08405077816787258,
    "xsup": 0.0800290924636453,
    "yinf": -0.08203993531575877,
    "ysup": 0.08203993531575911,
    "loopnb": [
        3
    ],
    "Targets": [
        [
            0,
            1,
            2
        ]
    ],
    "SpaceRotsUn": [
        [
            [
                [
                    1.0,
                    0.0
                ],
                [
                    0.0,
                    1.0
                ]
            ],
            [
                [
                    1.0,
                    0.0
                ],
                [
                    0.0,
                    1.0
                ]
            ],
            [
                [
                    1.0,
                    0.0
                ],
                [
                    0.0,
                    1.0
                ]
            ]
        ]
    ],
    "TimeRevsUn": [
        [
            1,
            1,
            1
        ]
    ],
    "TimeShiftNumUn": [
        [
            0,
            1,
            2
        ]
    ],
    "TimeShiftDenUn": [
        [
            1,
            3,
            3
        ]
    ],
    "RequiresLoopDispUn": [
        [
            true,
            false,
            false
        ]
    ]
}