{
    "nbody": 3,
    "n_int": 24576,
    "mass": [
        1.0,
        1.0,
        1.0
    ],
    "nloop": 1,
    "Action": 85.81614193496019,
    "Grad_Action": 3.7504663597961764e-14,
    "Newton_Error": 9.551943361026444e-14,
    "Min_Distance": 0.00838794239272278,
    "Max_PathLength": 3.858284940906085,
    "Hash": [
        85.81614193496019,
        37.40189995385293,
        58.23667746781078,
        142.5121456536459,
        517.688725144629
    ],
    "xinf": -0.0825961514272962,
    "xsup": 0.13368408381157704,
    "yinf": -0.10814011761943655,
    "ysup": 0.10814011761943669,
    "loopnb": [
        3
    ],
    "Targets": [
        [
            0,
            1,
            2
        ]
    ],
    "SpaceRotsUn": [
        [
            [
                [
                    1.0,
                    0.0
                ],
                [
                    0.0,
                    1.0
                ]
            ],
            [
                [
                    1.0,
                    0.0
                ],
                [
                    0.0,
                    1.0
                ]
            ],
            [
                [
                    1.0,
                    0.0
                ],
                [
                    0.0,
                    1.0
                ]
            ]
        ]
    ],
    "TimeRevsUn": [
        [
            1,
            1,
            1
        ]
    ],
    "TimeShiftNumUn": [
        [
            0,
            1,
            2
        ]
    ],
    "TimeShiftDenUn": [
        [
            1,
            3,
            3
        ]
    ],
    "RequiresLoopDispUn": [
        [
            true,
            false,
            false
        ]
    ]
}