{
    "nbody": 3,
    "n_int": 98304,
    "mass": [
        1.0,
        1.0,
        1.0
    ],
    "nloop": 1,
    "Action": 51.68946172101933,
    "Grad_Action": 9.908376587508766e-12,
    "Newton_Error": 2.1319432622708925e-12,
    "Min_Distance": 0.012573281527036668,
    "Max_PathLength": 3.1229162747760997,
    "Hash": [
        51.68946172101933,
        24.927783341039934,
        37.87449408824777,
        75.5699875099753,
        192.50229501660138
    ],
    "xinf": -0.10056730992414224,
    "xsup": 0.09395472939681838,
    "yinf": -0.09726101966048038,
    "ysup": 0.09726101966048024,
    "loopnb": [
        3
    ],
    "Targets": [
        [
            0,
            1,
            2
        ]
    ],
    "SpaceRotsUn": [
        [
            [
                [
                    1.0,
                    0.0
                ],
                [
                    0.0,
                    1.0
                ]
            ],
            [
                [
                    1.0,
                    0.0
                ],
                [
                    0.0,
                    1.0
                ]
            ],
            [
                [
                    1.0,
                    0.0
                ],
                [
                    0.0,
                    1.0
                ]
            ]
        ]
    ],
    "TimeRevsUn": [
        [
            1,
            1,
            1
        ]
    ],
    "TimeShiftNumUn": [
        [
            0,
            1,
            2
        ]
    ],
    "TimeShiftDenUn": [
        [
            1,
            3,
            3
        ]
    ],
    "RequiresLoopDispUn": [
        [
            true,
            false,
            false
        ]
    ]
}