{
    "nbody": 3,
    "n_int": 1536,
    "mass": [
        1.0,
        1.0,
        1.0
    ],
    "nloop": 1,
    "Action": 60.23131348615821,
    "Grad_Action": 1.0593475534711268e-14,
    "Newton_Error": 1.498497952497115e-14,
    "Min_Distance": 0.0361300763154236,
    "Max_PathLength": 3.465484119809023,
    "Hash": [
        60.23131348615821,
        28.151870917687138,
        43.250460992849085,
        90.60714605679628,
        245.47030199247536
    ],
    "xinf": -0.12279826421892198,
    "xsup": 0.12279826421892237,
    "yinf": -0.12279826421892218,
    "ysup": 0.12279826421892218,
    "loopnb": [
        3
    ],
    "Targets": [
        [
            0,
            1,
            2
        ]
    ],
    "SpaceRotsUn": [
        [
            [
                [
                    1.0,
                    0.0
                ],
                [
                    0.0,
                    1.0
                ]
            ],
            [
                [
                    1.0,
                    0.0
                ],
                [
                    0.0,
                    1.0
                ]
            ],
            [
                [
                    1.0,
                    0.0
                ],
                [
                    0.0,
                    1.0
                ]
            ]
        ]
    ],
    "TimeRevsUn": [
        [
            1,
            1,
            1
        ]
    ],
    "TimeShiftNumUn": [
        [
            0,
            1,
            2
        ]
    ],
    "TimeShiftDenUn": [
        [
            1,
            3,
            3
        ]
    ],
    "RequiresLoopDispUn": [
        [
            true,
            false,
            false
        ]
    ]
}