{
    "nbody": 3,
    "n_int": 24576,
    "mass": [
        1.0,
        1.0,
        1.0
    ],
    "nloop": 1,
    "Action": 68.0202057573199,
    "Grad_Action": 8.736527131346407e-15,
    "Newton_Error": 1.983767698791651e-14,
    "Min_Distance": 0.007933981925790637,
    "Max_PathLength": 3.6423424764601644,
    "Hash": [
        68.0202057573199,
        31.359107095878574,
        48.58140679657422,
        102.86625995767531,
        282.6384489316253
    ],
    "xinf": -0.0728463241880612,
    "xsup": 0.07093064793265352,
    "yinf": -0.0718884860603573,
    "ysup": 0.07188848606035741,
    "loopnb": [
        3
    ],
    "Targets": [
        [
            0,
            1,
            2
        ]
    ],
    "SpaceRotsUn": [
        [
            [
                [
                    1.0,
                    0.0
                ],
                [
                    0.0,
                    1.0
                ]
            ],
            [
                [
                    1.0,
                    0.0
                ],
                [
                    0.0,
                    1.0
                ]
            ],
            [
                [
                    1.0,
                    0.0
                ],
                [
                    0.0,
                    1.0
                ]
            ]
        ]
    ],
    "TimeRevsUn": [
        [
            1,
            1,
            1
        ]
    ],
    "TimeShiftNumUn": [
        [
            0,
            1,
            2
        ]
    ],
    "TimeShiftDenUn": [
        [
            1,
            3,
            3
        ]
    ],
    "RequiresLoopDispUn": [
        [
            true,
            false,
            false
        ]
    ]
}