{
    "nbody": 3,
    "n_int": 1536,
    "mass": [
        1.0,
        1.0,
        1.0
    ],
    "nloop": 1,
    "Action": 45.09800560500043,
    "Grad_Action": 1.4474170873514523e-14,
    "Newton_Error": 3.2463634581900473e-14,
    "Min_Distance": 0.04103334823104593,
    "Max_PathLength": 3.0015889286931916,
    "Hash": [
        45.09800560500043,
        22.447847736043492,
        33.775093415787964,
        63.56158051967814,
        143.8998380575199
    ],
    "xinf": -0.0879802194243269,
    "xsup": 0.08986668709173215,
    "yinf": -0.08892345325802956,
    "ysup": 0.0889234532580295,
    "loopnb": [
        3
    ],
    "Targets": [
        [
            0,
            1,
            2
        ]
    ],
    "SpaceRotsUn": [
        [
            [
                [
                    1.0,
                    0.0
                ],
                [
                    0.0,
                    1.0
                ]
            ],
            [
                [
                    1.0,
                    0.0
                ],
                [
                    0.0,
                    1.0
                ]
            ],
            [
                [
                    1.0,
                    0.0
                ],
                [
                    0.0,
                    1.0
                ]
            ]
        ]
    ],
    "TimeRevsUn": [
        [
            1,
            1,
            1
        ]
    ],
    "TimeShiftNumUn": [
        [
            0,
            1,
            2
        ]
    ],
    "TimeShiftDenUn": [
        [
            1,
            3,
            3
        ]
    ],
    "RequiresLoopDispUn": [
        [
            true,
            false,
            false
        ]
    ]
}