{
    "nbody": 3,
    "n_int": 12288,
    "mass": [
        1.0,
        1.0,
        1.0
    ],
    "nloop": 1,
    "Action": 87.76526386090259,
    "Grad_Action": 1.850241783274446e-14,
    "Newton_Error": 5.707659138381794e-14,
    "Min_Distance": 0.01091883696720606,
    "Max_PathLength": 4.126654347294403,
    "Hash": [
        87.76526386090258,
        38.63309377613017,
        60.51769480557673,
        140.5507556971407,
        450.9695042312675
    ],
    "xinf": -0.054159898145373586,
    "xsup": 0.08365901340962273,
    "yinf": -0.06890945577749805,
    "ysup": 0.06890945577749827,
    "loopnb": [
        3
    ],
    "Targets": [
        [
            0,
            1,
            2
        ]
    ],
    "SpaceRotsUn": [
        [
            [
                [
                    1.0,
                    0.0
                ],
                [
                    0.0,
                    1.0
                ]
            ],
            [
                [
                    1.0,
                    0.0
                ],
                [
                    0.0,
                    1.0
                ]
            ],
            [
                [
                    1.0,
                    0.0
                ],
                [
                    0.0,
                    1.0
                ]
            ]
        ]
    ],
    "TimeRevsUn": [
        [
            1,
            1,
            1
        ]
    ],
    "TimeShiftNumUn": [
        [
            0,
            1,
            2
        ]
    ],
    "TimeShiftDenUn": [
        [
            1,
            3,
            3
        ]
    ],
    "RequiresLoopDispUn": [
        [
            true,
            false,
            false
        ]
    ]
}