{
    "nbody": 3,
    "n_int": 49152,
    "mass": [
        1.0,
        1.0,
        1.0
    ],
    "nloop": 1,
    "Action": 78.32271032101038,
    "Grad_Action": 6.708106476179001e-14,
    "Newton_Error": 8.646387666778926e-14,
    "Min_Distance": 0.004853381569557544,
    "Max_PathLength": 3.6570110707473624,
    "Hash": [
        78.32271032101038,
        34.81409641536845,
        54.036795839476916,
        126.78531219978247,
        438.02470148957053
    ],
    "xinf": -0.1337258285075087,
    "xsup": 0.07600297658395117,
    "yinf": -0.10486440254572998,
    "ysup": 0.10486440254572987,
    "loopnb": [
        3
    ],
    "Targets": [
        [
            0,
            1,
            2
        ]
    ],
    "SpaceRotsUn": [
        [
            [
                [
                    1.0,
                    0.0
                ],
                [
                    0.0,
                    1.0
                ]
            ],
            [
                [
                    1.0,
                    0.0
                ],
                [
                    0.0,
                    1.0
                ]
            ],
            [
                [
                    1.0,
                    0.0
                ],
                [
                    0.0,
                    1.0
                ]
            ]
        ]
    ],
    "TimeRevsUn": [
        [
            1,
            1,
            1
        ]
    ],
    "TimeShiftNumUn": [
        [
            0,
            1,
            2
        ]
    ],
    "TimeShiftDenUn": [
        [
            1,
            3,
            3
        ]
    ],
    "RequiresLoopDispUn": [
        [
            true,
            false,
            false
        ]
    ]
}