{
    "nbody": 3,
    "n_int": 49152,
    "mass": [
        1.0,
        1.0,
        1.0
    ],
    "nloop": 1,
    "Action": 73.18859097694856,
    "Grad_Action": 5.137996328470568e-14,
    "Newton_Error": 2.4477094491615263e-14,
    "Min_Distance": 0.01178632746598181,
    "Max_PathLength": 3.629260324621792,
    "Hash": [
        73.18859097694856,
        33.11614182291526,
        51.40737370248508,
        114.13734682174626,
        344.971036541365
    ],
    "xinf": -0.09120166545710554,
    "xsup": 0.07147948861984058,
    "yinf": -0.08134057703847293,
    "ysup": 0.08134057703847318,
    "loopnb": [
        3
    ],
    "Targets": [
        [
            0,
            1,
            2
        ]
    ],
    "SpaceRotsUn": [
        [
            [
                [
                    1.0,
                    0.0
                ],
                [
                    0.0,
                    1.0
                ]
            ],
            [
                [
                    1.0,
                    0.0
                ],
                [
                    0.0,
                    1.0
                ]
            ],
            [
                [
                    1.0,
                    0.0
                ],
                [
                    0.0,
                    1.0
                ]
            ]
        ]
    ],
    "TimeRevsUn": [
        [
            1,
            1,
            1
        ]
    ],
    "TimeShiftNumUn": [
        [
            0,
            1,
            2
        ]
    ],
    "TimeShiftDenUn": [
        [
            1,
            3,
            3
        ]
    ],
    "RequiresLoopDispUn": [
        [
            true,
            false,
            false
        ]
    ]
}