{
    "nbody": 3,
    "n_int": 49152,
    "mass": [
        1.0,
        1.0,
        1.0
    ],
    "nloop": 1,
    "Action": 90.18911866071576,
    "Grad_Action": 5.497981007963468e-14,
    "Newton_Error": 3.694726890060872e-12,
    "Min_Distance": 0.004206897588218508,
    "Max_PathLength": 4.072937051238343,
    "Hash": [
        90.18911866071578,
        39.497390625317614,
        61.86546514873303,
        146.22930949151504,
        496.17464217387226
    ],
    "xinf": -0.11104715631682963,
    "xsup": 0.0630838919899705,
    "yinf": -0.08706552415339996,
    "ysup": 0.08706552415340016,
    "loopnb": [
        3
    ],
    "Targets": [
        [
            0,
            1,
            2
        ]
    ],
    "SpaceRotsUn": [
        [
            [
                [
                    1.0,
                    0.0
                ],
                [
                    0.0,
                    1.0
                ]
            ],
            [
                [
                    1.0,
                    0.0
                ],
                [
                    0.0,
                    1.0
                ]
            ],
            [
                [
                    1.0,
                    0.0
                ],
                [
                    0.0,
                    1.0
                ]
            ]
        ]
    ],
    "TimeRevsUn": [
        [
            1,
            1,
            1
        ]
    ],
    "TimeShiftNumUn": [
        [
            0,
            1,
            2
        ]
    ],
    "TimeShiftDenUn": [
        [
            1,
            3,
            3
        ]
    ],
    "RequiresLoopDispUn": [
        [
            true,
            false,
            false
        ]
    ]
}