{
    "nbody": 3,
    "n_int": 6144,
    "mass": [
        1.0,
        1.0,
        1.0
    ],
    "nloop": 1,
    "Action": 51.46819026826442,
    "Grad_Action": 7.031394487866297e-15,
    "Newton_Error": 1.9040417491906897e-14,
    "Min_Distance": 0.02236279950909815,
    "Max_PathLength": 3.087360977709955,
    "Hash": [
        51.46819026826442,
        24.395809704582195,
        36.99806367323184,
        77.98458227944012,
        220.2605189888719
    ],
    "xinf": -0.21936678838421697,
    "xsup": 0.12774330576122683,
    "yinf": -0.17355504707272185,
    "ysup": 0.17355504707272196,
    "loopnb": [
        3
    ],
    "Targets": [
        [
            0,
            1,
            2
        ]
    ],
    "SpaceRotsUn": [
        [
            [
                [
                    1.0,
                    0.0
                ],
                [
                    0.0,
                    1.0
                ]
            ],
            [
                [
                    1.0,
                    0.0
                ],
                [
                    0.0,
                    1.0
                ]
            ],
            [
                [
                    1.0,
                    0.0
                ],
                [
                    0.0,
                    1.0
                ]
            ]
        ]
    ],
    "TimeRevsUn": [
        [
            1,
            1,
            1
        ]
    ],
    "TimeShiftNumUn": [
        [
            0,
            1,
            2
        ]
    ],
    "TimeShiftDenUn": [
        [
            1,
            3,
            3
        ]
    ],
    "RequiresLoopDispUn": [
        [
            true,
            false,
            false
        ]
    ]
}