{
    "nbody": 3,
    "n_int": 12288,
    "mass": [
        1.0,
        1.0,
        1.0
    ],
    "nloop": 1,
    "Action": 86.90299475974683,
    "Grad_Action": 1.1756768879080467e-14,
    "Newton_Error": 3.964915400209249e-14,
    "Min_Distance": 0.012791165370606889,
    "Max_PathLength": 4.148585408965191,
    "Hash": [
        86.90299475974683,
        38.50379938888807,
        60.403352300669525,
        136.87930046796154,
        416.0540046736052
    ],
    "xinf": -0.06412283932950849,
    "xsup": 0.06433296659157847,
    "yinf": -0.0642279029605435,
    "ysup": 0.06422790296054347,
    "loopnb": [
        3
    ],
    "Targets": [
        [
            0,
            1,
            2
        ]
    ],
    "SpaceRotsUn": [
        [
            [
                [
                    1.0,
                    0.0
                ],
                [
                    0.0,
                    1.0
                ]
            ],
            [
                [
                    1.0,
                    0.0
                ],
                [
                    0.0,
                    1.0
                ]
            ],
            [
                [
                    1.0,
                    0.0
                ],
                [
                    0.0,
                    1.0
                ]
            ]
        ]
    ],
    "TimeRevsUn": [
        [
            1,
            1,
            1
        ]
    ],
    "TimeShiftNumUn": [
        [
            0,
            1,
            2
        ]
    ],
    "TimeShiftDenUn": [
        [
            1,
            3,
            3
        ]
    ],
    "RequiresLoopDispUn": [
        [
            true,
            false,
            false
        ]
    ]
}