{
    "nbody": 3,
    "n_int": 24576,
    "mass": [
        1.0,
        1.0,
        1.0
    ],
    "nloop": 1,
    "Action": 87.38638214904084,
    "Grad_Action": 3.00012153005544e-14,
    "Newton_Error": 2.1428898958071638e-14,
    "Min_Distance": 0.009783751929439491,
    "Max_PathLength": 4.128064834763345,
    "Hash": [
        87.38638214904084,
        38.47443206027328,
        60.249793911686275,
        140.0255715696365,
        450.7689089935136
    ],
    "xinf": -0.10286880236190146,
    "xsup": 0.06216385283985823,
    "yinf": -0.08251632760087982,
    "ysup": 0.08251632760087987,
    "loopnb": [
        3
    ],
    "Targets": [
        [
            0,
            1,
            2
        ]
    ],
    "SpaceRotsUn": [
        [
            [
                [
                    1.0,
                    0.0
                ],
                [
                    0.0,
                    1.0
                ]
            ],
            [
                [
                    1.0,
                    0.0
                ],
                [
                    0.0,
                    1.0
                ]
            ],
            [
                [
                    1.0,
                    0.0
                ],
                [
                    0.0,
                    1.0
                ]
            ]
        ]
    ],
    "TimeRevsUn": [
        [
            1,
            1,
            1
        ]
    ],
    "TimeShiftNumUn": [
        [
            0,
            1,
            2
        ]
    ],
    "TimeShiftDenUn": [
        [
            1,
            3,
            3
        ]
    ],
    "RequiresLoopDispUn": [
        [
            true,
            false,
            false
        ]
    ]
}