{
    "nbody": 3,
    "n_int": 49152,
    "mass": [
        1.0,
        1.0,
        1.0
    ],
    "nloop": 1,
    "Action": 87.56774225322756,
    "Grad_Action": 3.799358791132111e-14,
    "Newton_Error": 9.385854058640242e-13,
    "Min_Distance": 0.004357591114979686,
    "Max_PathLength": 4.06364160812091,
    "Hash": [
        87.56774225322756,
        38.49949369360875,
        60.252692437267825,
        141.03949387167322,
        464.5145206128053
    ],
    "xinf": -0.10327573399284118,
    "xsup": 0.07947426805372731,
    "yinf": -0.09137500102328436,
    "ysup": 0.09137500102328414,
    "loopnb": [
        3
    ],
    "Targets": [
        [
            0,
            1,
            2
        ]
    ],
    "SpaceRotsUn": [
        [
            [
                [
                    1.0,
                    0.0
                ],
                [
                    0.0,
                    1.0
                ]
            ],
            [
                [
                    1.0,
                    0.0
                ],
                [
                    0.0,
                    1.0
                ]
            ],
            [
                [
                    1.0,
                    0.0
                ],
                [
                    0.0,
                    1.0
                ]
            ]
        ]
    ],
    "TimeRevsUn": [
        [
            1,
            1,
            1
        ]
    ],
    "TimeShiftNumUn": [
        [
            0,
            1,
            2
        ]
    ],
    "TimeShiftDenUn": [
        [
            1,
            3,
            3
        ]
    ],
    "RequiresLoopDispUn": [
        [
            true,
            false,
            false
        ]
    ]
}