{
    "nbody": 3,
    "n_int": 49152,
    "mass": [
        1.0,
        1.0,
        1.0
    ],
    "nloop": 1,
    "Action": 87.72536933194132,
    "Grad_Action": 7.943389884500169e-14,
    "Newton_Error": 1.204657389632928e-13,
    "Min_Distance": 0.004886786140669995,
    "Max_PathLength": 3.937028854835493,
    "Hash": [
        87.72536933194132,
        38.52702000161266,
        60.201115611782974,
        142.6075979042778,
        492.9480856254141
    ],
    "xinf": -0.08892904100376514,
    "xsup": 0.05567742820352076,
    "yinf": -0.07230323460364292,
    "ysup": 0.07230323460364298,
    "loopnb": [
        3
    ],
    "Targets": [
        [
            0,
            1,
            2
        ]
    ],
    "SpaceRotsUn": [
        [
            [
                [
                    1.0,
                    0.0
                ],
                [
                    0.0,
                    1.0
                ]
            ],
            [
                [
                    1.0,
                    0.0
                ],
                [
                    0.0,
                    1.0
                ]
            ],
            [
                [
                    1.0,
                    0.0
                ],
                [
                    0.0,
                    1.0
                ]
            ]
        ]
    ],
    "TimeRevsUn": [
        [
            1,
            1,
            1
        ]
    ],
    "TimeShiftNumUn": [
        [
            0,
            1,
            2
        ]
    ],
    "TimeShiftDenUn": [
        [
            1,
            3,
            3
        ]
    ],
    "RequiresLoopDispUn": [
        [
            true,
            false,
            false
        ]
    ]
}