{
    "nbody": 3,
    "n_int": 49152,
    "mass": [
        1.0,
        1.0,
        1.0
    ],
    "nloop": 1,
    "Action": 78.21889895745001,
    "Grad_Action": 1.0223735968649521e-13,
    "Newton_Error": 5.073387702445843e-14,
    "Min_Distance": 0.007074423166831376,
    "Max_PathLength": 3.8481526432733277,
    "Hash": [
        78.21889895745001,
        35.12553498056255,
        54.744232772116064,
        122.49842569567583,
        374.7742153798824
    ],
    "xinf": -0.06533049197787888,
    "xsup": 0.07151480292514781,
    "yinf": -0.06842264745151351,
    "ysup": 0.06842264745151318,
    "loopnb": [
        3
    ],
    "Targets": [
        [
            0,
            1,
            2
        ]
    ],
    "SpaceRotsUn": [
        [
            [
                [
                    1.0,
                    0.0
                ],
                [
                    0.0,
                    1.0
                ]
            ],
            [
                [
                    1.0,
                    0.0
                ],
                [
                    0.0,
                    1.0
                ]
            ],
            [
                [
                    1.0,
                    0.0
                ],
                [
                    0.0,
                    1.0
                ]
            ]
        ]
    ],
    "TimeRevsUn": [
        [
            1,
            1,
            1
        ]
    ],
    "TimeShiftNumUn": [
        [
            0,
            1,
            2
        ]
    ],
    "TimeShiftDenUn": [
        [
            1,
            3,
            3
        ]
    ],
    "RequiresLoopDispUn": [
        [
            true,
            false,
            false
        ]
    ]
}