{
    "nbody": 3,
    "n_int": 12288,
    "mass": [
        1.0,
        1.0,
        1.0
    ],
    "nloop": 1,
    "Action": 89.88780658964296,
    "Grad_Action": 1.1643718515141765e-13,
    "Newton_Error": 3.955289187554773e-12,
    "Min_Distance": 0.009549820196626896,
    "Max_PathLength": 3.986650437854988,
    "Hash": [
        89.88780658964296,
        38.872256834218334,
        60.63728231583315,
        150.55749828209173,
        555.3921902891436
    ],
    "xinf": -0.08403913335805333,
    "xsup": 0.13733158091503453,
    "yinf": -0.11068535713654397,
    "ysup": 0.11068535713654389,
    "loopnb": [
        3
    ],
    "Targets": [
        [
            0,
            1,
            2
        ]
    ],
    "SpaceRotsUn": [
        [
            [
                [
                    1.0,
                    0.0
                ],
                [
                    0.0,
                    1.0
                ]
            ],
            [
                [
                    1.0,
                    0.0
                ],
                [
                    0.0,
                    1.0
                ]
            ],
            [
                [
                    1.0,
                    0.0
                ],
                [
                    0.0,
                    1.0
                ]
            ]
        ]
    ],
    "TimeRevsUn": [
        [
            1,
            1,
            1
        ]
    ],
    "TimeShiftNumUn": [
        [
            0,
            1,
            2
        ]
    ],
    "TimeShiftDenUn": [
        [
            1,
            3,
            3
        ]
    ],
    "RequiresLoopDispUn": [
        [
            true,
            false,
            false
        ]
    ]
}