{
    "nbody": 3,
    "n_int": 12288,
    "mass": [
        1.0,
        1.0,
        1.0
    ],
    "nloop": 1,
    "Action": 51.37336714735848,
    "Grad_Action": 1.2605853939877368e-14,
    "Newton_Error": 3.0509595183883683e-14,
    "Min_Distance": 0.013382603734980765,
    "Max_PathLength": 3.0387808080714485,
    "Hash": [
        51.37336714735848,
        24.391507594604608,
        36.95620610822906,
        77.94168068143034,
        223.94230948129092
    ],
    "xinf": -0.20942980448918558,
    "xsup": 0.12089840555005014,
    "yinf": -0.1651641050196178,
    "ysup": 0.16516410501961792,
    "loopnb": [
        3
    ],
    "Targets": [
        [
            0,
            1,
            2
        ]
    ],
    "SpaceRotsUn": [
        [
            [
                [
                    1.0,
                    0.0
                ],
                [
                    0.0,
                    1.0
                ]
            ],
            [
                [
                    1.0,
                    0.0
                ],
                [
                    0.0,
                    1.0
                ]
            ],
            [
                [
                    1.0,
                    0.0
                ],
                [
                    0.0,
                    1.0
                ]
            ]
        ]
    ],
    "TimeRevsUn": [
        [
            1,
            1,
            1
        ]
    ],
    "TimeShiftNumUn": [
        [
            0,
            1,
            2
        ]
    ],
    "TimeShiftDenUn": [
        [
            1,
            3,
            3
        ]
    ],
    "RequiresLoopDispUn": [
        [
            true,
            false,
            false
        ]
    ]
}