{
    "nbody": 3,
    "n_int": 24576,
    "mass": [
        1.0,
        1.0,
        1.0
    ],
    "nloop": 1,
    "Action": 67.91691329865782,
    "Grad_Action": 2.0848350571042855e-14,
    "Newton_Error": 5.1052802200124534e-14,
    "Min_Distance": 0.008680397629438008,
    "Max_PathLength": 3.442703137289328,
    "Hash": [
        67.91691329865782,
        30.91144103498635,
        47.679174166243605,
        106.73209490019686,
        336.95815952756766
    ],
    "xinf": -0.08318807746561943,
    "xsup": 0.1214040936895594,
    "yinf": -0.10229608557758937,
    "ysup": 0.10229608557758946,
    "loopnb": [
        3
    ],
    "Targets": [
        [
            0,
            1,
            2
        ]
    ],
    "SpaceRotsUn": [
        [
            [
                [
                    1.0,
                    0.0
                ],
                [
                    0.0,
                    1.0
                ]
            ],
            [
                [
                    1.0,
                    0.0
                ],
                [
                    0.0,
                    1.0
                ]
            ],
            [
                [
                    1.0,
                    0.0
                ],
                [
                    0.0,
                    1.0
                ]
            ]
        ]
    ],
    "TimeRevsUn": [
        [
            1,
            1,
            1
        ]
    ],
    "TimeShiftNumUn": [
        [
            0,
            1,
            2
        ]
    ],
    "TimeShiftDenUn": [
        [
            1,
            3,
            3
        ]
    ],
    "RequiresLoopDispUn": [
        [
            true,
            false,
            false
        ]
    ]
}