{
    "nbody": 3,
    "n_int": 24576,
    "mass": [
        1.0,
        1.0,
        1.0
    ],
    "nloop": 1,
    "Action": 42.601724223999085,
    "Grad_Action": 4.377449288284983e-13,
    "Newton_Error": 6.965443316140335e-14,
    "Min_Distance": 0.0400927848361964,
    "Max_PathLength": 2.7761004238175513,
    "Hash": [
        42.601724223999085,
        21.43764483619015,
        32.09369521039436,
        59.56798073222249,
        132.20631759581102
    ],
    "xinf": -0.1146777318518816,
    "xsup": 0.10660458317078161,
    "yinf": -0.11064115751133163,
    "ysup": 0.11064115751133158,
    "loopnb": [
        3
    ],
    "Targets": [
        [
            0,
            1,
            2
        ]
    ],
    "SpaceRotsUn": [
        [
            [
                [
                    1.0,
                    0.0
                ],
                [
                    0.0,
                    1.0
                ]
            ],
            [
                [
                    1.0,
                    0.0
                ],
                [
                    0.0,
                    1.0
                ]
            ],
            [
                [
                    1.0,
                    0.0
                ],
                [
                    0.0,
                    1.0
                ]
            ]
        ]
    ],
    "TimeRevsUn": [
        [
            1,
            1,
            1
        ]
    ],
    "TimeShiftNumUn": [
        [
            0,
            1,
            2
        ]
    ],
    "TimeShiftDenUn": [
        [
            1,
            3,
            3
        ]
    ],
    "RequiresLoopDispUn": [
        [
            true,
            false,
            false
        ]
    ]
}