{
    "nbody": 3,
    "n_int": 24576,
    "mass": [
        1.0,
        1.0,
        1.0
    ],
    "nloop": 1,
    "Action": 77.56994255043034,
    "Grad_Action": 1.8236696084651955e-14,
    "Newton_Error": 8.191087068292495e-14,
    "Min_Distance": 0.009251164344537396,
    "Max_PathLength": 3.8193056425140393,
    "Hash": [
        77.56994255043031,
        34.77834224311141,
        54.1376688843657,
        122.20766153030182,
        380.0561512309645
    ],
    "xinf": -0.08926482898128926,
    "xsup": 0.07042070481062915,
    "yinf": -0.07984276689595929,
    "ysup": 0.07984276689595912,
    "loopnb": [
        3
    ],
    "Targets": [
        [
            0,
            1,
            2
        ]
    ],
    "SpaceRotsUn": [
        [
            [
                [
                    1.0,
                    0.0
                ],
                [
                    0.0,
                    1.0
                ]
            ],
            [
                [
                    1.0,
                    0.0
                ],
                [
                    0.0,
                    1.0
                ]
            ],
            [
                [
                    1.0,
                    0.0
                ],
                [
                    0.0,
                    1.0
                ]
            ]
        ]
    ],
    "TimeRevsUn": [
        [
            1,
            1,
            1
        ]
    ],
    "TimeShiftNumUn": [
        [
            0,
            1,
            2
        ]
    ],
    "TimeShiftDenUn": [
        [
            1,
            3,
            3
        ]
    ],
    "RequiresLoopDispUn": [
        [
            true,
            false,
            false
        ]
    ]
}