{
    "nbody": 3,
    "n_int": 49152,
    "mass": [
        1.0,
        1.0,
        1.0
    ],
    "nloop": 1,
    "Action": 81.50943738973521,
    "Grad_Action": 5.241617735905736e-14,
    "Newton_Error": 7.445379417180527e-14,
    "Min_Distance": 0.0048522878540072315,
    "Max_PathLength": 3.8068056201419043,
    "Hash": [
        81.50943738973521,
        36.09406551557105,
        56.20879964978659,
        131.54004500632107,
        445.39626560310285
    ],
    "xinf": -0.13262322450807046,
    "xsup": 0.0750191440684092,
    "yinf": -0.10382118428823983,
    "ysup": 0.10382118428823983,
    "loopnb": [
        3
    ],
    "Targets": [
        [
            0,
            1,
            2
        ]
    ],
    "SpaceRotsUn": [
        [
            [
                [
                    1.0,
                    0.0
                ],
                [
                    0.0,
                    1.0
                ]
            ],
            [
                [
                    1.0,
                    0.0
                ],
                [
                    0.0,
                    1.0
                ]
            ],
            [
                [
                    1.0,
                    0.0
                ],
                [
                    0.0,
                    1.0
                ]
            ]
        ]
    ],
    "TimeRevsUn": [
        [
            1,
            1,
            1
        ]
    ],
    "TimeShiftNumUn": [
        [
            0,
            1,
            2
        ]
    ],
    "TimeShiftDenUn": [
        [
            1,
            3,
            3
        ]
    ],
    "RequiresLoopDispUn": [
        [
            true,
            false,
            false
        ]
    ]
}