{
    "nbody": 3,
    "n_int": 49152,
    "mass": [
        1.0,
        1.0,
        1.0
    ],
    "nloop": 1,
    "Action": 82.56736792952253,
    "Grad_Action": 1.4546119060994164e-13,
    "Newton_Error": 1.140546361227671e-09,
    "Min_Distance": 0.003705803456081645,
    "Max_PathLength": 3.6971434739405007,
    "Hash": [
        82.56736792952253,
        36.31832774945172,
        56.44701461057929,
        135.94702029058203,
        495.67909076968897
    ],
    "xinf": -0.14705377660367822,
    "xsup": 0.08137418129000629,
    "yinf": -0.11421397894684229,
    "ysup": 0.11421397894684221,
    "loopnb": [
        3
    ],
    "Targets": [
        [
            0,
            1,
            2
        ]
    ],
    "SpaceRotsUn": [
        [
            [
                [
                    1.0,
                    0.0
                ],
                [
                    0.0,
                    1.0
                ]
            ],
            [
                [
                    1.0,
                    0.0
                ],
                [
                    0.0,
                    1.0
                ]
            ],
            [
                [
                    1.0,
                    0.0
                ],
                [
                    0.0,
                    1.0
                ]
            ]
        ]
    ],
    "TimeRevsUn": [
        [
            1,
            1,
            1
        ]
    ],
    "TimeShiftNumUn": [
        [
            0,
            1,
            2
        ]
    ],
    "TimeShiftDenUn": [
        [
            1,
            3,
            3
        ]
    ],
    "RequiresLoopDispUn": [
        [
            true,
            false,
            false
        ]
    ]
}