{
    "nbody": 3,
    "n_int": 98304,
    "mass": [
        1.0,
        1.0,
        1.0
    ],
    "nloop": 1,
    "Action": 82.03798586052413,
    "Grad_Action": 1.1115853617697621e-12,
    "Newton_Error": 2.939636115178288e-13,
    "Min_Distance": 0.005673917647057205,
    "Max_PathLength": 3.724959358252413,
    "Hash": [
        82.03798586052415,
        36.257080779461745,
        56.45526080220405,
        132.9169722005854,
        454.4526138185034
    ],
    "xinf": -0.13239856980466197,
    "xsup": 0.07457775505035807,
    "yinf": -0.1034881624275099,
    "ysup": 0.10348816242751015,
    "loopnb": [
        3
    ],
    "Targets": [
        [
            0,
            1,
            2
        ]
    ],
    "SpaceRotsUn": [
        [
            [
                [
                    1.0,
                    0.0
                ],
                [
                    0.0,
                    1.0
                ]
            ],
            [
                [
                    1.0,
                    0.0
                ],
                [
                    0.0,
                    1.0
                ]
            ],
            [
                [
                    1.0,
                    0.0
                ],
                [
                    0.0,
                    1.0
                ]
            ]
        ]
    ],
    "TimeRevsUn": [
        [
            1,
            1,
            1
        ]
    ],
    "TimeShiftNumUn": [
        [
            0,
            1,
            2
        ]
    ],
    "TimeShiftDenUn": [
        [
            1,
            3,
            3
        ]
    ],
    "RequiresLoopDispUn": [
        [
            true,
            false,
            false
        ]
    ]
}