{
    "nbody": 3,
    "n_int": 6144,
    "mass": [
        1.0,
        1.0,
        1.0
    ],
    "nloop": 1,
    "Action": 45.86498285162748,
    "Grad_Action": 6.3757781084905115e-15,
    "Newton_Error": 1.0702671468794758e-14,
    "Min_Distance": 0.02651863069474708,
    "Max_PathLength": 2.942338829935597,
    "Hash": [
        45.86498285162748,
        22.320819816549157,
        33.5706855961753,
        67.55087171425932,
        176.66057229689073
    ],
    "xinf": -0.21055876188009842,
    "xsup": 0.12649081508476884,
    "yinf": -0.16852478848243363,
    "ysup": 0.16852478848243363,
    "loopnb": [
        3
    ],
    "Targets": [
        [
            0,
            1,
            2
        ]
    ],
    "SpaceRotsUn": [
        [
            [
                [
                    1.0,
                    0.0
                ],
                [
                    0.0,
                    1.0
                ]
            ],
            [
                [
                    1.0,
                    0.0
                ],
                [
                    0.0,
                    1.0
                ]
            ],
            [
                [
                    1.0,
                    0.0
                ],
                [
                    0.0,
                    1.0
                ]
            ]
        ]
    ],
    "TimeRevsUn": [
        [
            1,
            1,
            1
        ]
    ],
    "TimeShiftNumUn": [
        [
            0,
            1,
            2
        ]
    ],
    "TimeShiftDenUn": [
        [
            1,
            3,
            3
        ]
    ],
    "RequiresLoopDispUn": [
        [
            true,
            false,
            false
        ]
    ]
}