{
    "nbody": 3,
    "n_int": 98304,
    "mass": [
        1.0,
        1.0,
        1.0
    ],
    "nloop": 1,
    "Action": 86.69818335684678,
    "Grad_Action": 9.258444822265073e-14,
    "Newton_Error": 8.651814868044603e-14,
    "Min_Distance": 0.0040679838351380905,
    "Max_PathLength": 3.922046910207034,
    "Hash": [
        86.69818335684678,
        38.04589463349736,
        59.38298580882824,
        141.54521247880734,
        496.36188144113555
    ],
    "xinf": -0.09692582787864391,
    "xsup": 0.06676961259079243,
    "yinf": -0.08184772023471812,
    "ysup": 0.08184772023471823,
    "loopnb": [
        3
    ],
    "Targets": [
        [
            0,
            1,
            2
        ]
    ],
    "SpaceRotsUn": [
        [
            [
                [
                    1.0,
                    0.0
                ],
                [
                    0.0,
                    1.0
                ]
            ],
            [
                [
                    1.0,
                    0.0
                ],
                [
                    0.0,
                    1.0
                ]
            ],
            [
                [
                    1.0,
                    0.0
                ],
                [
                    0.0,
                    1.0
                ]
            ]
        ]
    ],
    "TimeRevsUn": [
        [
            1,
            1,
            1
        ]
    ],
    "TimeShiftNumUn": [
        [
            0,
            1,
            2
        ]
    ],
    "TimeShiftDenUn": [
        [
            1,
            3,
            3
        ]
    ],
    "RequiresLoopDispUn": [
        [
            true,
            false,
            false
        ]
    ]
}