{
    "nbody": 3,
    "n_int": 12288,
    "mass": [
        1.0,
        1.0,
        1.0
    ],
    "nloop": 1,
    "Action": 73.60810475526723,
    "Grad_Action": 9.803172709520838e-15,
    "Newton_Error": 4.375635670567409e-14,
    "Min_Distance": 0.013231191196995331,
    "Max_PathLength": 3.781317576509077,
    "Hash": [
        73.60810475526723,
        33.44231043288057,
        52.02132809194449,
        113.17610504334651,
        324.7456604882661
    ],
    "xinf": -0.07374854525673226,
    "xsup": 0.05997062694653567,
    "yinf": -0.06685958610163403,
    "ysup": 0.0668595861016339,
    "loopnb": [
        3
    ],
    "Targets": [
        [
            0,
            1,
            2
        ]
    ],
    "SpaceRotsUn": [
        [
            [
                [
                    1.0,
                    0.0
                ],
                [
                    0.0,
                    1.0
                ]
            ],
            [
                [
                    1.0,
                    0.0
                ],
                [
                    0.0,
                    1.0
                ]
            ],
            [
                [
                    1.0,
                    0.0
                ],
                [
                    0.0,
                    1.0
                ]
            ]
        ]
    ],
    "TimeRevsUn": [
        [
            1,
            1,
            1
        ]
    ],
    "TimeShiftNumUn": [
        [
            0,
            1,
            2
        ]
    ],
    "TimeShiftDenUn": [
        [
            1,
            3,
            3
        ]
    ],
    "RequiresLoopDispUn": [
        [
            true,
            false,
            false
        ]
    ]
}