{
    "nbody": 3,
    "n_int": 393216,
    "mass": [
        1.0,
        1.0,
        1.0
    ],
    "nloop": 1,
    "Action": 76.41580651890217,
    "Grad_Action": 8.987312598954622e-11,
    "Newton_Error": 1.7439162497580508e-11,
    "Min_Distance": 0.00868159094364816,
    "Max_PathLength": 3.897020145057656,
    "Hash": [
        76.41580651890217,
        34.57481834540774,
        53.92278776532685,
        117.5585623375178,
        335.9675487411424
    ],
    "xinf": -0.0631305502749096,
    "xsup": 0.06369966944888333,
    "yinf": -0.06341510986189633,
    "ysup": 0.0634151098618966,
    "loopnb": [
        3
    ],
    "Targets": [
        [
            0,
            1,
            2
        ]
    ],
    "SpaceRotsUn": [
        [
            [
                [
                    1.0,
                    0.0
                ],
                [
                    0.0,
                    1.0
                ]
            ],
            [
                [
                    1.0,
                    0.0
                ],
                [
                    0.0,
                    1.0
                ]
            ],
            [
                [
                    1.0,
                    0.0
                ],
                [
                    0.0,
                    1.0
                ]
            ]
        ]
    ],
    "TimeRevsUn": [
        [
            1,
            1,
            1
        ]
    ],
    "TimeShiftNumUn": [
        [
            0,
            1,
            2
        ]
    ],
    "TimeShiftDenUn": [
        [
            1,
            3,
            3
        ]
    ],
    "RequiresLoopDispUn": [
        [
            true,
            false,
            false
        ]
    ]
}