{
    "nbody": 3,
    "n_int": 6144,
    "mass": [
        1.0,
        1.0,
        1.0
    ],
    "nloop": 1,
    "Action": 48.567832272148536,
    "Grad_Action": 1.1570801612381157e-14,
    "Newton_Error": 7.910517266670301e-15,
    "Min_Distance": 0.020133341699475168,
    "Max_PathLength": 3.0334667939910247,
    "Hash": [
        48.567832272148536,
        23.7422611832634,
        35.91816396853812,
        69.91876916728663,
        169.48866142715767
    ],
    "xinf": -0.09190995751690026,
    "xsup": 0.10431599808464553,
    "yinf": -0.0981129778007729,
    "ysup": 0.0981129778007729,
    "loopnb": [
        3
    ],
    "Targets": [
        [
            0,
            1,
            2
        ]
    ],
    "SpaceRotsUn": [
        [
            [
                [
                    1.0,
                    0.0
                ],
                [
                    0.0,
                    1.0
                ]
            ],
            [
                [
                    1.0,
                    0.0
                ],
                [
                    0.0,
                    1.0
                ]
            ],
            [
                [
                    1.0,
                    0.0
                ],
                [
                    0.0,
                    1.0
                ]
            ]
        ]
    ],
    "TimeRevsUn": [
        [
            1,
            1,
            1
        ]
    ],
    "TimeShiftNumUn": [
        [
            0,
            1,
            2
        ]
    ],
    "TimeShiftDenUn": [
        [
            1,
            3,
            3
        ]
    ],
    "RequiresLoopDispUn": [
        [
            true,
            false,
            false
        ]
    ]
}