{
    "nbody": 3,
    "n_int": 6144,
    "mass": [
        1.0,
        1.0,
        1.0
    ],
    "nloop": 1,
    "Action": 86.95001255349445,
    "Grad_Action": 4.564253047881115e-15,
    "Newton_Error": 1.8080205998912738e-13,
    "Min_Distance": 0.015438095788391322,
    "Max_PathLength": 4.172261450144918,
    "Hash": [
        86.95001255349443,
        38.534232242473585,
        60.468487744834356,
        136.72948791928025,
        412.17746698545756
    ],
    "xinf": -0.0629646770080638,
    "xsup": 0.06465673261155558,
    "yinf": -0.06381070480980965,
    "ysup": 0.06381070480980973,
    "loopnb": [
        3
    ],
    "Targets": [
        [
            0,
            1,
            2
        ]
    ],
    "SpaceRotsUn": [
        [
            [
                [
                    1.0,
                    0.0
                ],
                [
                    0.0,
                    1.0
                ]
            ],
            [
                [
                    1.0,
                    0.0
                ],
                [
                    0.0,
                    1.0
                ]
            ],
            [
                [
                    1.0,
                    0.0
                ],
                [
                    0.0,
                    1.0
                ]
            ]
        ]
    ],
    "TimeRevsUn": [
        [
            1,
            1,
            1
        ]
    ],
    "TimeShiftNumUn": [
        [
            0,
            1,
            2
        ]
    ],
    "TimeShiftDenUn": [
        [
            1,
            3,
            3
        ]
    ],
    "RequiresLoopDispUn": [
        [
            true,
            false,
            false
        ]
    ]
}