{
    "nbody": 3,
    "n_int": 3072,
    "mass": [
        1.0,
        1.0,
        1.0
    ],
    "nloop": 1,
    "Action": 13.207782336993954,
    "Grad_Action": 5.477474338580331e-16,
    "Newton_Error": 1.748666316727976e-16,
    "Min_Distance": 0.20188229954724077,
    "Max_PathLength": 1.617953965133778,
    "Hash": [
        13.207782336993954,
        8.940998633639234,
        11.423451535639783,
        15.505419300517387,
        22.332968571854103
    ],
    "xinf": -0.31604571206446974,
    "xsup": 0.31604639091042186,
    "yinf": -0.3160460514874458,
    "ysup": 0.3160460514874458,
    "loopnb": [
        3
    ],
    "Targets": [
        [
            0,
            1,
            2
        ]
    ],
    "SpaceRotsUn": [
        [
            [
                [
                    1.0,
                    0.0
                ],
                [
                    0.0,
                    1.0
                ]
            ],
            [
                [
                    1.0,
                    0.0
                ],
                [
                    0.0,
                    1.0
                ]
            ],
            [
                [
                    1.0,
                    0.0
                ],
                [
                    0.0,
                    1.0
                ]
            ]
        ]
    ],
    "TimeRevsUn": [
        [
            1,
            1,
            1
        ]
    ],
    "TimeShiftNumUn": [
        [
            0,
            1,
            2
        ]
    ],
    "TimeShiftDenUn": [
        [
            1,
            3,
            3
        ]
    ],
    "RequiresLoopDispUn": [
        [
            true,
            false,
            false
        ]
    ]
}