{
    "nbody": 3,
    "n_int": 12288,
    "mass": [
        1.0,
        1.0,
        1.0
    ],
    "nloop": 1,
    "Action": 82.99409328075326,
    "Grad_Action": 1.245002171563885e-14,
    "Newton_Error": 5.4822013024666466e-14,
    "Min_Distance": 0.011439418909154625,
    "Max_PathLength": 4.004838858389755,
    "Hash": [
        82.99409328075325,
        36.89557464389927,
        57.6820268093363,
        131.1781249356942,
        406.32299180657174
    ],
    "xinf": -0.07657186308914919,
    "xsup": 0.08958767072795824,
    "yinf": -0.08307976690855379,
    "ysup": 0.08307976690855365,
    "loopnb": [
        3
    ],
    "Targets": [
        [
            0,
            1,
            2
        ]
    ],
    "SpaceRotsUn": [
        [
            [
                [
                    1.0,
                    0.0
                ],
                [
                    0.0,
                    1.0
                ]
            ],
            [
                [
                    1.0,
                    0.0
                ],
                [
                    0.0,
                    1.0
                ]
            ],
            [
                [
                    1.0,
                    0.0
                ],
                [
                    0.0,
                    1.0
                ]
            ]
        ]
    ],
    "TimeRevsUn": [
        [
            1,
            1,
            1
        ]
    ],
    "TimeShiftNumUn": [
        [
            0,
            1,
            2
        ]
    ],
    "TimeShiftDenUn": [
        [
            1,
            3,
            3
        ]
    ],
    "RequiresLoopDispUn": [
        [
            true,
            false,
            false
        ]
    ]
}