{
    "nbody": 3,
    "n_int": 49152,
    "mass": [
        1.0,
        1.0,
        1.0
    ],
    "nloop": 1,
    "Action": 73.27480790268893,
    "Grad_Action": 2.6104044394154362e-14,
    "Newton_Error": 4.267131672599693e-14,
    "Min_Distance": 0.006711102377425551,
    "Max_PathLength": 3.618615989744938,
    "Hash": [
        73.27480790268893,
        32.96288040327884,
        51.081296164652116,
        116.2002655136061,
        373.59835230336256
    ],
    "xinf": -0.1498684382304979,
    "xsup": 0.0858372803517998,
    "yinf": -0.11785285929114886,
    "ysup": 0.11785285929114883,
    "loopnb": [
        3
    ],
    "Targets": [
        [
            0,
            1,
            2
        ]
    ],
    "SpaceRotsUn": [
        [
            [
                [
                    1.0,
                    0.0
                ],
                [
                    0.0,
                    1.0
                ]
            ],
            [
                [
                    1.0,
                    0.0
                ],
                [
                    0.0,
                    1.0
                ]
            ],
            [
                [
                    1.0,
                    0.0
                ],
                [
                    0.0,
                    1.0
                ]
            ]
        ]
    ],
    "TimeRevsUn": [
        [
            1,
            1,
            1
        ]
    ],
    "TimeShiftNumUn": [
        [
            0,
            1,
            2
        ]
    ],
    "TimeShiftDenUn": [
        [
            1,
            3,
            3
        ]
    ],
    "RequiresLoopDispUn": [
        [
            true,
            false,
            false
        ]
    ]
}