{
    "nbody": 3,
    "n_int": 196608,
    "mass": [
        1.0,
        1.0,
        1.0
    ],
    "nloop": 1,
    "Action": 73.15987683258456,
    "Grad_Action": 0.029684595029571062,
    "Newton_Error": 0.05051791257772151,
    "Min_Distance": 0.0009431394415831184,
    "Max_PathLength": 3.7111201986438935,
    "Hash": [
        73.15987683258454,
        33.24666179004686,
        51.63383295398848,
        113.38600359506069,
        349.37345118030913
    ],
    "xinf": -0.06428545553368914,
    "xsup": 0.07050970826375208,
    "yinf": -0.06739758189872064,
    "ysup": 0.06739758189872058,
    "loopnb": [
        3
    ],
    "Targets": [
        [
            0,
            1,
            2
        ]
    ],
    "SpaceRotsUn": [
        [
            [
                [
                    1.0,
                    0.0
                ],
                [
                    0.0,
                    1.0
                ]
            ],
            [
                [
                    1.0,
                    0.0
                ],
                [
                    0.0,
                    1.0
                ]
            ],
            [
                [
                    1.0,
                    0.0
                ],
                [
                    0.0,
                    1.0
                ]
            ]
        ]
    ],
    "TimeRevsUn": [
        [
            1,
            1,
            1
        ]
    ],
    "TimeShiftNumUn": [
        [
            0,
            1,
            2
        ]
    ],
    "TimeShiftDenUn": [
        [
            1,
            3,
            3
        ]
    ],
    "RequiresLoopDispUn": [
        [
            true,
            false,
            false
        ]
    ]
}