{
    "nbody": 3,
    "n_int": 24576,
    "mass": [
        1.0,
        1.0,
        1.0
    ],
    "nloop": 1,
    "Action": 75.25802200593317,
    "Grad_Action": 2.2446230853629795e-14,
    "Newton_Error": 9.794542002384234e-14,
    "Min_Distance": 0.008329236817980182,
    "Max_PathLength": 3.731088664168545,
    "Hash": [
        75.25802200593317,
        33.92951465895965,
        52.73029092409476,
        117.93825282738055,
        363.8548365621646
    ],
    "xinf": -0.0662264809011746,
    "xsup": 0.07981400435476367,
    "yinf": -0.0730202426279691,
    "ysup": 0.07302024262796916,
    "loopnb": [
        3
    ],
    "Targets": [
        [
            0,
            1,
            2
        ]
    ],
    "SpaceRotsUn": [
        [
            [
                [
                    1.0,
                    0.0
                ],
                [
                    0.0,
                    1.0
                ]
            ],
            [
                [
                    1.0,
                    0.0
                ],
                [
                    0.0,
                    1.0
                ]
            ],
            [
                [
                    1.0,
                    0.0
                ],
                [
                    0.0,
                    1.0
                ]
            ]
        ]
    ],
    "TimeRevsUn": [
        [
            1,
            1,
            1
        ]
    ],
    "TimeShiftNumUn": [
        [
            0,
            1,
            2
        ]
    ],
    "TimeShiftDenUn": [
        [
            1,
            3,
            3
        ]
    ],
    "RequiresLoopDispUn": [
        [
            true,
            false,
            false
        ]
    ]
}