{
    "nbody": 3,
    "n_int": 196608,
    "mass": [
        1.0,
        1.0,
        1.0
    ],
    "nloop": 1,
    "Action": 65.00774914149173,
    "Grad_Action": 1.540045153896238e-13,
    "Newton_Error": 3.410935515809435e-13,
    "Min_Distance": 0.0019999323832819433,
    "Max_PathLength": 3.272816556443965,
    "Hash": [
        65.00774914149173,
        29.629544556652217,
        45.54922487700858,
        102.73552911746063,
        331.35482947320156
    ],
    "xinf": -0.1245618906240524,
    "xsup": 0.1502962212299325,
    "yinf": -0.13742905592699256,
    "ysup": 0.13742905592699234,
    "loopnb": [
        3
    ],
    "Targets": [
        [
            0,
            1,
            2
        ]
    ],
    "SpaceRotsUn": [
        [
            [
                [
                    1.0,
                    0.0
                ],
                [
                    0.0,
                    1.0
                ]
            ],
            [
                [
                    1.0,
                    0.0
                ],
                [
                    0.0,
                    1.0
                ]
            ],
            [
                [
                    1.0,
                    0.0
                ],
                [
                    0.0,
                    1.0
                ]
            ]
        ]
    ],
    "TimeRevsUn": [
        [
            1,
            1,
            1
        ]
    ],
    "TimeShiftNumUn": [
        [
            0,
            1,
            2
        ]
    ],
    "TimeShiftDenUn": [
        [
            1,
            3,
            3
        ]
    ],
    "RequiresLoopDispUn": [
        [
            true,
            false,
            false
        ]
    ]
}