{
    "nbody": 3,
    "n_int": 24576,
    "mass": [
        1.0,
        1.0,
        1.0
    ],
    "nloop": 1,
    "Action": 48.159620525788625,
    "Grad_Action": 3.855446203538218e-15,
    "Newton_Error": 3.9444040999253244e-14,
    "Min_Distance": 0.007429281582317784,
    "Max_PathLength": 2.978745070927018,
    "Hash": [
        48.159620525788625,
        23.428371586460628,
        35.385713561630645,
        70.32167313490801,
        179.95023600347474
    ],
    "xinf": -0.12317211160790055,
    "xsup": 0.1396260389231525,
    "yinf": -0.13139907526552652,
    "ysup": 0.13139907526552652,
    "loopnb": [
        3
    ],
    "Targets": [
        [
            0,
            1,
            2
        ]
    ],
    "SpaceRotsUn": [
        [
            [
                [
                    1.0,
                    0.0
                ],
                [
                    0.0,
                    1.0
                ]
            ],
            [
                [
                    1.0,
                    0.0
                ],
                [
                    0.0,
                    1.0
                ]
            ],
            [
                [
                    1.0,
                    0.0
                ],
                [
                    0.0,
                    1.0
                ]
            ]
        ]
    ],
    "TimeRevsUn": [
        [
            1,
            1,
            1
        ]
    ],
    "TimeShiftNumUn": [
        [
            0,
            1,
            2
        ]
    ],
    "TimeShiftDenUn": [
        [
            1,
            3,
            3
        ]
    ],
    "RequiresLoopDispUn": [
        [
            true,
            false,
            false
        ]
    ]
}