{
    "nbody": 3,
    "n_int": 1536,
    "mass": [
        1.0,
        1.0,
        1.0
    ],
    "nloop": 1,
    "Action": 59.81237766653758,
    "Grad_Action": 3.0786263058188423e-14,
    "Newton_Error": 8.352956864209855e-14,
    "Min_Distance": 0.03876774884989431,
    "Max_PathLength": 3.3869354576062918,
    "Hash": [
        59.81237766653758,
        28.202023227620405,
        43.370483009692876,
        88.24822627088345,
        224.2509245102886
    ],
    "xinf": -0.08576118419341211,
    "xsup": 0.0926187817986237,
    "yinf": -0.08918998299601785,
    "ysup": 0.08918998299601796,
    "loopnb": [
        3
    ],
    "Targets": [
        [
            0,
            1,
            2
        ]
    ],
    "SpaceRotsUn": [
        [
            [
                [
                    1.0,
                    0.0
                ],
                [
                    0.0,
                    1.0
                ]
            ],
            [
                [
                    1.0,
                    0.0
                ],
                [
                    0.0,
                    1.0
                ]
            ],
            [
                [
                    1.0,
                    0.0
                ],
                [
                    0.0,
                    1.0
                ]
            ]
        ]
    ],
    "TimeRevsUn": [
        [
            1,
            1,
            1
        ]
    ],
    "TimeShiftNumUn": [
        [
            0,
            1,
            2
        ]
    ],
    "TimeShiftDenUn": [
        [
            1,
            3,
            3
        ]
    ],
    "RequiresLoopDispUn": [
        [
            true,
            false,
            false
        ]
    ]
}