{
    "nbody": 3,
    "n_int": 24576,
    "mass": [
        1.0,
        1.0,
        1.0
    ],
    "nloop": 1,
    "Action": 81.89361697347674,
    "Grad_Action": 2.854725047435892e-14,
    "Newton_Error": 3.898771550307674e-14,
    "Min_Distance": 0.007642649410786052,
    "Max_PathLength": 3.875414129361708,
    "Hash": [
        81.89361697347674,
        36.305148363447486,
        56.60234271547399,
        131.29404173758275,
        430.50192949578906
    ],
    "xinf": -0.11810595391027717,
    "xsup": 0.06885183431375747,
    "yinf": -0.0934788941120173,
    "ysup": 0.09347889411201733,
    "loopnb": [
        3
    ],
    "Targets": [
        [
            0,
            1,
            2
        ]
    ],
    "SpaceRotsUn": [
        [
            [
                [
                    1.0,
                    0.0
                ],
                [
                    0.0,
                    1.0
                ]
            ],
            [
                [
                    1.0,
                    0.0
                ],
                [
                    0.0,
                    1.0
                ]
            ],
            [
                [
                    1.0,
                    0.0
                ],
                [
                    0.0,
                    1.0
                ]
            ]
        ]
    ],
    "TimeRevsUn": [
        [
            1,
            1,
            1
        ]
    ],
    "TimeShiftNumUn": [
        [
            0,
            1,
            2
        ]
    ],
    "TimeShiftDenUn": [
        [
            1,
            3,
            3
        ]
    ],
    "RequiresLoopDispUn": [
        [
            true,
            false,
            false
        ]
    ]
}