{
    "nbody": 3,
    "n_int": 49152,
    "mass": [
        1.0,
        1.0,
        1.0
    ],
    "nloop": 1,
    "Action": 78.20474266442443,
    "Grad_Action": 6.146204539613654e-14,
    "Newton_Error": 3.4611058762343544e-14,
    "Min_Distance": 0.008893329312628828,
    "Max_PathLength": 3.8920544214416717,
    "Hash": [
        78.20474266442443,
        35.12123202863857,
        54.76495195264968,
        122.16100930426586,
        367.6354379550646
    ],
    "xinf": -0.09362127683110326,
    "xsup": 0.059414803672528174,
    "yinf": -0.07651804025181555,
    "ysup": 0.07651804025181588,
    "loopnb": [
        3
    ],
    "Targets": [
        [
            0,
            1,
            2
        ]
    ],
    "SpaceRotsUn": [
        [
            [
                [
                    1.0,
                    0.0
                ],
                [
                    0.0,
                    1.0
                ]
            ],
            [
                [
                    1.0,
                    0.0
                ],
                [
                    0.0,
                    1.0
                ]
            ],
            [
                [
                    1.0,
                    0.0
                ],
                [
                    0.0,
                    1.0
                ]
            ]
        ]
    ],
    "TimeRevsUn": [
        [
            1,
            1,
            1
        ]
    ],
    "TimeShiftNumUn": [
        [
            0,
            1,
            2
        ]
    ],
    "TimeShiftDenUn": [
        [
            1,
            3,
            3
        ]
    ],
    "RequiresLoopDispUn": [
        [
            true,
            false,
            false
        ]
    ]
}