{
    "nbody": 3,
    "n_int": 12288,
    "mass": [
        1.0,
        1.0,
        1.0
    ],
    "nloop": 1,
    "Action": 56.61414998366973,
    "Grad_Action": 4.6573119525795493e-14,
    "Newton_Error": 7.311199840784107e-14,
    "Min_Distance": 0.011645778314382614,
    "Max_PathLength": 3.1503529102334733,
    "Hash": [
        56.61414998366973,
        26.304701492733905,
        40.095060204373446,
        88.08927239185932,
        271.0724204301365
    ],
    "xinf": -0.21715880192242154,
    "xsup": 0.12269138251090367,
    "yinf": -0.16992509221666263,
    "ysup": 0.16992509221666258,
    "loopnb": [
        3
    ],
    "Targets": [
        [
            0,
            1,
            2
        ]
    ],
    "SpaceRotsUn": [
        [
            [
                [
                    1.0,
                    0.0
                ],
                [
                    0.0,
                    1.0
                ]
            ],
            [
                [
                    1.0,
                    0.0
                ],
                [
                    0.0,
                    1.0
                ]
            ],
            [
                [
                    1.0,
                    0.0
                ],
                [
                    0.0,
                    1.0
                ]
            ]
        ]
    ],
    "TimeRevsUn": [
        [
            1,
            1,
            1
        ]
    ],
    "TimeShiftNumUn": [
        [
            0,
            1,
            2
        ]
    ],
    "TimeShiftDenUn": [
        [
            1,
            3,
            3
        ]
    ],
    "RequiresLoopDispUn": [
        [
            true,
            false,
            false
        ]
    ]
}