{
    "nbody": 3,
    "n_int": 6144,
    "mass": [
        1.0,
        1.0,
        1.0
    ],
    "nloop": 1,
    "Action": 83.09681367761503,
    "Grad_Action": 1.5664930750201093e-14,
    "Newton_Error": 2.8161145771086492e-14,
    "Min_Distance": 0.020038252595818706,
    "Max_PathLength": 4.08936181650302,
    "Hash": [
        83.09681367761503,
        36.96695412244111,
        57.830639746566355,
        130.8437648527214,
        398.1963570830994
    ],
    "xinf": -0.07635736854949263,
    "xsup": 0.05572254003651501,
    "yinf": -0.06603995429300372,
    "ysup": 0.06603995429300391,
    "loopnb": [
        3
    ],
    "Targets": [
        [
            0,
            1,
            2
        ]
    ],
    "SpaceRotsUn": [
        [
            [
                [
                    1.0,
                    0.0
                ],
                [
                    0.0,
                    1.0
                ]
            ],
            [
                [
                    1.0,
                    0.0
                ],
                [
                    0.0,
                    1.0
                ]
            ],
            [
                [
                    1.0,
                    0.0
                ],
                [
                    0.0,
                    1.0
                ]
            ]
        ]
    ],
    "TimeRevsUn": [
        [
            1,
            1,
            1
        ]
    ],
    "TimeShiftNumUn": [
        [
            0,
            1,
            2
        ]
    ],
    "TimeShiftDenUn": [
        [
            1,
            3,
            3
        ]
    ],
    "RequiresLoopDispUn": [
        [
            true,
            false,
            false
        ]
    ]
}