{
    "nbody": 3,
    "n_int": 49152,
    "mass": [
        1.0,
        1.0,
        1.0
    ],
    "nloop": 1,
    "Action": 86.43811381638477,
    "Grad_Action": 8.314296350976795e-14,
    "Newton_Error": 7.953993694933279e-14,
    "Min_Distance": 0.005551444791261691,
    "Max_PathLength": 3.9262103518913323,
    "Hash": [
        86.43811381638477,
        37.95245460028566,
        59.23767899624855,
        140.92332774312962,
        490.5193014470338
    ],
    "xinf": -0.10141968474485724,
    "xsup": 0.0687679107984861,
    "yinf": -0.08509379777167167,
    "ysup": 0.08509379777167167,
    "loopnb": [
        3
    ],
    "Targets": [
        [
            0,
            1,
            2
        ]
    ],
    "SpaceRotsUn": [
        [
            [
                [
                    1.0,
                    0.0
                ],
                [
                    0.0,
                    1.0
                ]
            ],
            [
                [
                    1.0,
                    0.0
                ],
                [
                    0.0,
                    1.0
                ]
            ],
            [
                [
                    1.0,
                    0.0
                ],
                [
                    0.0,
                    1.0
                ]
            ]
        ]
    ],
    "TimeRevsUn": [
        [
            1,
            1,
            1
        ]
    ],
    "TimeShiftNumUn": [
        [
            0,
            1,
            2
        ]
    ],
    "TimeShiftDenUn": [
        [
            1,
            3,
            3
        ]
    ],
    "RequiresLoopDispUn": [
        [
            true,
            false,
            false
        ]
    ]
}