{
    "nbody": 3,
    "n_int": 24576,
    "mass": [
        1.0,
        1.0,
        1.0
    ],
    "nloop": 1,
    "Action": 70.24948416105349,
    "Grad_Action": 1.5746969371028325e-14,
    "Newton_Error": 7.64786895437605e-14,
    "Min_Distance": 0.008475783692765403,
    "Max_PathLength": 3.6104621197609217,
    "Hash": [
        70.24948416105347,
        32.07700019638165,
        49.70289376004035,
        108.28349998842137,
        318.3607242765251
    ],
    "xinf": -0.07332548120998922,
    "xsup": 0.07406635291436647,
    "yinf": -0.07369591706217785,
    "ysup": 0.07369591706217785,
    "loopnb": [
        3
    ],
    "Targets": [
        [
            0,
            1,
            2
        ]
    ],
    "SpaceRotsUn": [
        [
            [
                [
                    1.0,
                    0.0
                ],
                [
                    0.0,
                    1.0
                ]
            ],
            [
                [
                    1.0,
                    0.0
                ],
                [
                    0.0,
                    1.0
                ]
            ],
            [
                [
                    1.0,
                    0.0
                ],
                [
                    0.0,
                    1.0
                ]
            ]
        ]
    ],
    "TimeRevsUn": [
        [
            1,
            1,
            1
        ]
    ],
    "TimeShiftNumUn": [
        [
            0,
            1,
            2
        ]
    ],
    "TimeShiftDenUn": [
        [
            1,
            3,
            3
        ]
    ],
    "RequiresLoopDispUn": [
        [
            true,
            false,
            false
        ]
    ]
}