{
    "nbody": 3,
    "n_int": 24576,
    "mass": [
        1.0,
        1.0,
        1.0
    ],
    "nloop": 1,
    "Action": 70.67035286038964,
    "Grad_Action": 8.06571877702884e-14,
    "Newton_Error": 9.006833892881771e-14,
    "Min_Distance": 0.008867266058943838,
    "Max_PathLength": 3.4355735721984915,
    "Hash": [
        70.67035286038964,
        31.389814900527014,
        48.373764068353715,
        116.22053811787194,
        413.4548917813937
    ],
    "xinf": -0.2313117686653561,
    "xsup": 0.12622092631833629,
    "yinf": -0.1787663474918461,
    "ysup": 0.17876634749184628,
    "loopnb": [
        3
    ],
    "Targets": [
        [
            0,
            1,
            2
        ]
    ],
    "SpaceRotsUn": [
        [
            [
                [
                    1.0,
                    0.0
                ],
                [
                    0.0,
                    1.0
                ]
            ],
            [
                [
                    1.0,
                    0.0
                ],
                [
                    0.0,
                    1.0
                ]
            ],
            [
                [
                    1.0,
                    0.0
                ],
                [
                    0.0,
                    1.0
                ]
            ]
        ]
    ],
    "TimeRevsUn": [
        [
            1,
            1,
            1
        ]
    ],
    "TimeShiftNumUn": [
        [
            0,
            1,
            2
        ]
    ],
    "TimeShiftDenUn": [
        [
            1,
            3,
            3
        ]
    ],
    "RequiresLoopDispUn": [
        [
            true,
            false,
            false
        ]
    ]
}