{
    "nbody": 3,
    "n_int": 1536,
    "mass": [
        1.0,
        1.0,
        1.0
    ],
    "nloop": 1,
    "Action": 42.325275822242894,
    "Grad_Action": 3.195656802933215e-15,
    "Newton_Error": 4.8691925718416645e-15,
    "Min_Distance": 0.04322920799415843,
    "Max_PathLength": 2.8512589271877946,
    "Hash": [
        42.325275822242894,
        21.35220380051562,
        31.9487640073778,
        58.97753612903492,
        129.45606358929336
    ],
    "xinf": -0.09920036355142609,
    "xsup": 0.10061446855897366,
    "yinf": -0.09990741605519987,
    "ysup": 0.09990741605519987,
    "loopnb": [
        3
    ],
    "Targets": [
        [
            0,
            1,
            2
        ]
    ],
    "SpaceRotsUn": [
        [
            [
                [
                    1.0,
                    0.0
                ],
                [
                    0.0,
                    1.0
                ]
            ],
            [
                [
                    1.0,
                    0.0
                ],
                [
                    0.0,
                    1.0
                ]
            ],
            [
                [
                    1.0,
                    0.0
                ],
                [
                    0.0,
                    1.0
                ]
            ]
        ]
    ],
    "TimeRevsUn": [
        [
            1,
            1,
            1
        ]
    ],
    "TimeShiftNumUn": [
        [
            0,
            1,
            2
        ]
    ],
    "TimeShiftDenUn": [
        [
            1,
            3,
            3
        ]
    ],
    "RequiresLoopDispUn": [
        [
            true,
            false,
            false
        ]
    ]
}