{
    "nbody": 3,
    "n_int": 6144,
    "mass": [
        1.0,
        1.0,
        1.0
    ],
    "nloop": 1,
    "Action": 68.84143563306813,
    "Grad_Action": 1.7900676363180567e-14,
    "Newton_Error": 6.74195963735526e-14,
    "Min_Distance": 0.016117430568597286,
    "Max_PathLength": 3.646271595263576,
    "Hash": [
        68.84143563306813,
        31.451885347482637,
        48.677788164097315,
        106.17010099235787,
        309.84320291581736
    ],
    "xinf": -0.06670649141352503,
    "xsup": 0.1040418115182937,
    "yinf": -0.08537415146590947,
    "ysup": 0.08537415146590925,
    "loopnb": [
        3
    ],
    "Targets": [
        [
            0,
            1,
            2
        ]
    ],
    "SpaceRotsUn": [
        [
            [
                [
                    1.0,
                    0.0
                ],
                [
                    0.0,
                    1.0
                ]
            ],
            [
                [
                    1.0,
                    0.0
                ],
                [
                    0.0,
                    1.0
                ]
            ],
            [
                [
                    1.0,
                    0.0
                ],
                [
                    0.0,
                    1.0
                ]
            ]
        ]
    ],
    "TimeRevsUn": [
        [
            1,
            1,
            1
        ]
    ],
    "TimeShiftNumUn": [
        [
            0,
            1,
            2
        ]
    ],
    "TimeShiftDenUn": [
        [
            1,
            3,
            3
        ]
    ],
    "RequiresLoopDispUn": [
        [
            true,
            false,
            false
        ]
    ]
}