{
    "nbody": 3,
    "n_int": 98304,
    "mass": [
        1.0,
        1.0,
        1.0
    ],
    "nloop": 1,
    "Action": 68.92645159499958,
    "Grad_Action": 9.752205152376436e-13,
    "Newton_Error": 4.0028945912781486e-13,
    "Min_Distance": 0.004293646502861884,
    "Max_PathLength": 3.3737641884354392,
    "Hash": [
        68.92645159499958,
        31.330429695114372,
        48.30586304845624,
        109.12056460203279,
        362.20928320115
    ],
    "xinf": -0.06454132330695515,
    "xsup": 0.10603387661220755,
    "yinf": -0.08528759995958143,
    "ysup": 0.08528759995958127,
    "loopnb": [
        3
    ],
    "Targets": [
        [
            0,
            1,
            2
        ]
    ],
    "SpaceRotsUn": [
        [
            [
                [
                    1.0,
                    0.0
                ],
                [
                    0.0,
                    1.0
                ]
            ],
            [
                [
                    1.0,
                    0.0
                ],
                [
                    0.0,
                    1.0
                ]
            ],
            [
                [
                    1.0,
                    0.0
                ],
                [
                    0.0,
                    1.0
                ]
            ]
        ]
    ],
    "TimeRevsUn": [
        [
            1,
            1,
            1
        ]
    ],
    "TimeShiftNumUn": [
        [
            0,
            1,
            2
        ]
    ],
    "TimeShiftDenUn": [
        [
            1,
            3,
            3
        ]
    ],
    "RequiresLoopDispUn": [
        [
            true,
            false,
            false
        ]
    ]
}