{
    "nbody": 3,
    "n_int": 24576,
    "mass": [
        1.0,
        1.0,
        1.0
    ],
    "nloop": 1,
    "Action": 87.01248025305918,
    "Grad_Action": 7.918394834970332e-14,
    "Newton_Error": 1.3789428151397907e-13,
    "Min_Distance": 0.009090600893571351,
    "Max_PathLength": 3.8145398946933637,
    "Hash": [
        87.01248025305918,
        37.25389890112309,
        57.87121587163969,
        149.66116827688361,
        590.0375358074501
    ],
    "xinf": -0.24342380906364253,
    "xsup": 0.13053948895847006,
    "yinf": -0.18698164901105632,
    "ysup": 0.18698164901105627,
    "loopnb": [
        3
    ],
    "Targets": [
        [
            0,
            1,
            2
        ]
    ],
    "SpaceRotsUn": [
        [
            [
                [
                    1.0,
                    0.0
                ],
                [
                    0.0,
                    1.0
                ]
            ],
            [
                [
                    1.0,
                    0.0
                ],
                [
                    0.0,
                    1.0
                ]
            ],
            [
                [
                    1.0,
                    0.0
                ],
                [
                    0.0,
                    1.0
                ]
            ]
        ]
    ],
    "TimeRevsUn": [
        [
            1,
            1,
            1
        ]
    ],
    "TimeShiftNumUn": [
        [
            0,
            1,
            2
        ]
    ],
    "TimeShiftDenUn": [
        [
            1,
            3,
            3
        ]
    ],
    "RequiresLoopDispUn": [
        [
            true,
            false,
            false
        ]
    ]
}