{
    "nbody": 3,
    "n_int": 12288,
    "mass": [
        1.0,
        1.0,
        1.0
    ],
    "nloop": 1,
    "Action": 78.16523058679331,
    "Grad_Action": 8.645322457483107e-15,
    "Newton_Error": 6.532231294426044e-14,
    "Min_Distance": 0.012917392540366855,
    "Max_PathLength": 3.870747353781354,
    "Hash": [
        78.16523058679331,
        35.08998866735309,
        54.71157188254741,
        122.19004397429369,
        367.9329135249539
    ],
    "xinf": -0.09374499106603272,
    "xsup": 0.0836469616278643,
    "yinf": -0.08869597634694859,
    "ysup": 0.08869597634694842,
    "loopnb": [
        3
    ],
    "Targets": [
        [
            0,
            1,
            2
        ]
    ],
    "SpaceRotsUn": [
        [
            [
                [
                    1.0,
                    0.0
                ],
                [
                    0.0,
                    1.0
                ]
            ],
            [
                [
                    1.0,
                    0.0
                ],
                [
                    0.0,
                    1.0
                ]
            ],
            [
                [
                    1.0,
                    0.0
                ],
                [
                    0.0,
                    1.0
                ]
            ]
        ]
    ],
    "TimeRevsUn": [
        [
            1,
            1,
            1
        ]
    ],
    "TimeShiftNumUn": [
        [
            0,
            1,
            2
        ]
    ],
    "TimeShiftDenUn": [
        [
            1,
            3,
            3
        ]
    ],
    "RequiresLoopDispUn": [
        [
            true,
            false,
            false
        ]
    ]
}