{
    "nbody": 3,
    "n_int": 24576,
    "mass": [
        1.0,
        1.0,
        1.0
    ],
    "nloop": 1,
    "Action": 82.79117158660364,
    "Grad_Action": 1.136965437699298e-14,
    "Newton_Error": 1.9740080594115547e-14,
    "Min_Distance": 0.012031100263350056,
    "Max_PathLength": 3.955881591513904,
    "Hash": [
        82.79117158660364,
        36.75677895188938,
        57.42171151977697,
        131.4969109156073,
        414.8536095798941
    ],
    "xinf": -0.1028487288161077,
    "xsup": 0.08712634188710038,
    "yinf": -0.09498753535160406,
    "ysup": 0.09498753535160401,
    "loopnb": [
        3
    ],
    "Targets": [
        [
            0,
            1,
            2
        ]
    ],
    "SpaceRotsUn": [
        [
            [
                [
                    1.0,
                    0.0
                ],
                [
                    0.0,
                    1.0
                ]
            ],
            [
                [
                    1.0,
                    0.0
                ],
                [
                    0.0,
                    1.0
                ]
            ],
            [
                [
                    1.0,
                    0.0
                ],
                [
                    0.0,
                    1.0
                ]
            ]
        ]
    ],
    "TimeRevsUn": [
        [
            1,
            1,
            1
        ]
    ],
    "TimeShiftNumUn": [
        [
            0,
            1,
            2
        ]
    ],
    "TimeShiftDenUn": [
        [
            1,
            3,
            3
        ]
    ],
    "RequiresLoopDispUn": [
        [
            true,
            false,
            false
        ]
    ]
}