{
    "nbody": 3,
    "n_int": 24576,
    "mass": [
        1.0,
        1.0,
        1.0
    ],
    "nloop": 1,
    "Action": 78.18874810996797,
    "Grad_Action": 2.0637132925031137e-14,
    "Newton_Error": 2.9513577114214593e-14,
    "Min_Distance": 0.007608493476130902,
    "Max_PathLength": 3.8241212355815764,
    "Hash": [
        78.18874810996796,
        35.1089855249544,
        54.73384615522087,
        122.2984848806446,
        371.0142510858437
    ],
    "xinf": -0.0769311063575391,
    "xsup": 0.08856956455867991,
    "yinf": -0.08275033545810945,
    "ysup": 0.08275033545810956,
    "loopnb": [
        3
    ],
    "Targets": [
        [
            0,
            1,
            2
        ]
    ],
    "SpaceRotsUn": [
        [
            [
                [
                    1.0,
                    0.0
                ],
                [
                    0.0,
                    1.0
                ]
            ],
            [
                [
                    1.0,
                    0.0
                ],
                [
                    0.0,
                    1.0
                ]
            ],
            [
                [
                    1.0,
                    0.0
                ],
                [
                    0.0,
                    1.0
                ]
            ]
        ]
    ],
    "TimeRevsUn": [
        [
            1,
            1,
            1
        ]
    ],
    "TimeShiftNumUn": [
        [
            0,
            1,
            2
        ]
    ],
    "TimeShiftDenUn": [
        [
            1,
            3,
            3
        ]
    ],
    "RequiresLoopDispUn": [
        [
            true,
            false,
            false
        ]
    ]
}