{
    "nbody": 3,
    "n_int": 1572864,
    "mass": [
        1.0,
        1.0,
        1.0
    ],
    "nloop": 1,
    "Action": 87.43454418582836,
    "Grad_Action": 4.5097130770997194e-08,
    "Newton_Error": 3.328564402013763e-08,
    "Min_Distance": 0.00045630973570576623,
    "Max_PathLength": 3.6163958755315826,
    "Hash": [
        87.43454418582836,
        37.71625069318515,
        58.574550574908166,
        149.34989410743447,
        600.3473897598234
    ],
    "xinf": -0.12364911649101719,
    "xsup": 0.15599727030560662,
    "yinf": -0.13982319339831184,
    "ysup": 0.13982319339831195,
    "loopnb": [
        3
    ],
    "Targets": [
        [
            0,
            1,
            2
        ]
    ],
    "SpaceRotsUn": [
        [
            [
                [
                    1.0,
                    0.0
                ],
                [
                    0.0,
                    1.0
                ]
            ],
            [
                [
                    1.0,
                    0.0
                ],
                [
                    0.0,
                    1.0
                ]
            ],
            [
                [
                    1.0,
                    0.0
                ],
                [
                    0.0,
                    1.0
                ]
            ]
        ]
    ],
    "TimeRevsUn": [
        [
            1,
            1,
            1
        ]
    ],
    "TimeShiftNumUn": [
        [
            0,
            1,
            2
        ]
    ],
    "TimeShiftDenUn": [
        [
            1,
            3,
            3
        ]
    ],
    "RequiresLoopDispUn": [
        [
            true,
            false,
            false
        ]
    ]
}