{
    "nbody": 3,
    "n_int": 49152,
    "mass": [
        1.0,
        1.0,
        1.0
    ],
    "nloop": 1,
    "Action": 87.47478282496233,
    "Grad_Action": 2.457355266659121e-14,
    "Newton_Error": 2.4189971018403423e-13,
    "Min_Distance": 0.004456396085213268,
    "Max_PathLength": 3.931241452853575,
    "Hash": [
        87.47478282496233,
        38.37828707633954,
        59.9854402648537,
        142.10783358038833,
        484.554677106407
    ],
    "xinf": -0.11509444521087132,
    "xsup": 0.0942911954737881,
    "yinf": -0.10469282034232966,
    "ysup": 0.10469282034232977,
    "loopnb": [
        3
    ],
    "Targets": [
        [
            0,
            1,
            2
        ]
    ],
    "SpaceRotsUn": [
        [
            [
                [
                    1.0,
                    0.0
                ],
                [
                    0.0,
                    1.0
                ]
            ],
            [
                [
                    1.0,
                    0.0
                ],
                [
                    0.0,
                    1.0
                ]
            ],
            [
                [
                    1.0,
                    0.0
                ],
                [
                    0.0,
                    1.0
                ]
            ]
        ]
    ],
    "TimeRevsUn": [
        [
            1,
            1,
            1
        ]
    ],
    "TimeShiftNumUn": [
        [
            0,
            1,
            2
        ]
    ],
    "TimeShiftDenUn": [
        [
            1,
            3,
            3
        ]
    ],
    "RequiresLoopDispUn": [
        [
            true,
            false,
            false
        ]
    ]
}