{
    "nbody": 3,
    "n_int": 49152,
    "mass": [
        1.0,
        1.0,
        1.0
    ],
    "nloop": 1,
    "Action": 82.14310528961177,
    "Grad_Action": 3.1324859005926663e-14,
    "Newton_Error": 2.1979619759137318e-14,
    "Min_Distance": 0.008411475908208876,
    "Max_PathLength": 3.903734342375799,
    "Hash": [
        82.14310528961177,
        36.43028270875878,
        56.815880264551005,
        131.47577840556525,
        428.4493010131406
    ],
    "xinf": -0.09637561734678116,
    "xsup": 0.0714846576287669,
    "yinf": -0.0839301374877741,
    "ysup": 0.08393013748777396,
    "loopnb": [
        3
    ],
    "Targets": [
        [
            0,
            1,
            2
        ]
    ],
    "SpaceRotsUn": [
        [
            [
                [
                    1.0,
                    0.0
                ],
                [
                    0.0,
                    1.0
                ]
            ],
            [
                [
                    1.0,
                    0.0
                ],
                [
                    0.0,
                    1.0
                ]
            ],
            [
                [
                    1.0,
                    0.0
                ],
                [
                    0.0,
                    1.0
                ]
            ]
        ]
    ],
    "TimeRevsUn": [
        [
            1,
            1,
            1
        ]
    ],
    "TimeShiftNumUn": [
        [
            0,
            1,
            2
        ]
    ],
    "TimeShiftDenUn": [
        [
            1,
            3,
            3
        ]
    ],
    "RequiresLoopDispUn": [
        [
            true,
            false,
            false
        ]
    ]
}