{
    "nbody": 3,
    "n_int": 196608,
    "mass": [
        1.0,
        1.0,
        1.0
    ],
    "nloop": 1,
    "Action": 70.03504641780495,
    "Grad_Action": 1.2713957394220468e-08,
    "Newton_Error": 7.110687179799953e-09,
    "Min_Distance": 0.0024719027502046313,
    "Max_PathLength": 3.559457289131386,
    "Hash": [
        70.03504641780495,
        31.962396121891302,
        49.44426111260926,
        108.9526932482861,
        341.63961169116703
    ],
    "xinf": -0.07763791263746304,
    "xsup": 0.06574549246981869,
    "yinf": -0.0716917025536408,
    "ysup": 0.07169170255364093,
    "loopnb": [
        3
    ],
    "Targets": [
        [
            0,
            1,
            2
        ]
    ],
    "SpaceRotsUn": [
        [
            [
                [
                    1.0,
                    0.0
                ],
                [
                    0.0,
                    1.0
                ]
            ],
            [
                [
                    1.0,
                    0.0
                ],
                [
                    0.0,
                    1.0
                ]
            ],
            [
                [
                    1.0,
                    0.0
                ],
                [
                    0.0,
                    1.0
                ]
            ]
        ]
    ],
    "TimeRevsUn": [
        [
            1,
            1,
            1
        ]
    ],
    "TimeShiftNumUn": [
        [
            0,
            1,
            2
        ]
    ],
    "TimeShiftDenUn": [
        [
            1,
            3,
            3
        ]
    ],
    "RequiresLoopDispUn": [
        [
            true,
            false,
            false
        ]
    ]
}