{
    "nbody": 3,
    "n_int": 1572864,
    "mass": [
        1.0,
        1.0,
        1.0
    ],
    "nloop": 1,
    "Action": 87.43454418582729,
    "Grad_Action": 2.7698500697737178e-12,
    "Newton_Error": 9.914421649895665e-12,
    "Min_Distance": 0.0004563097282479897,
    "Max_PathLength": 3.6163958743875626,
    "Hash": [
        87.43454418582729,
        37.716250692674755,
        58.5745505732302,
        149.34989412182605,
        600.3473901412643
    ],
    "xinf": -0.1236491166094437,
    "xsup": 0.15599727038576558,
    "yinf": -0.13982319349760458,
    "ysup": 0.1398231934976047,
    "loopnb": [
        3
    ],
    "Targets": [
        [
            0,
            1,
            2
        ]
    ],
    "SpaceRotsUn": [
        [
            [
                [
                    1.0,
                    0.0
                ],
                [
                    0.0,
                    1.0
                ]
            ],
            [
                [
                    1.0,
                    0.0
                ],
                [
                    0.0,
                    1.0
                ]
            ],
            [
                [
                    1.0,
                    0.0
                ],
                [
                    0.0,
                    1.0
                ]
            ]
        ]
    ],
    "TimeRevsUn": [
        [
            1,
            1,
            1
        ]
    ],
    "TimeShiftNumUn": [
        [
            0,
            1,
            2
        ]
    ],
    "TimeShiftDenUn": [
        [
            1,
            3,
            3
        ]
    ],
    "RequiresLoopDispUn": [
        [
            true,
            false,
            false
        ]
    ]
}