{
    "nbody": 3,
    "n_int": 49152,
    "mass": [
        1.0,
        1.0,
        1.0
    ],
    "nloop": 1,
    "Action": 70.16479233750869,
    "Grad_Action": 1.3170721476272881e-12,
    "Newton_Error": 5.457759673946368e-13,
    "Min_Distance": 0.01010629983000612,
    "Max_PathLength": 3.577145915016785,
    "Hash": [
        70.16479233750869,
        32.043783095382025,
        49.65624011008508,
        108.05012461574354,
        315.83944897893394
    ],
    "xinf": -0.08083077357604138,
    "xsup": 0.08797782132644075,
    "yinf": -0.08440429745124114,
    "ysup": 0.08440429745124098,
    "loopnb": [
        3
    ],
    "Targets": [
        [
            0,
            1,
            2
        ]
    ],
    "SpaceRotsUn": [
        [
            [
                [
                    1.0,
                    0.0
                ],
                [
                    0.0,
                    1.0
                ]
            ],
            [
                [
                    1.0,
                    0.0
                ],
                [
                    0.0,
                    1.0
                ]
            ],
            [
                [
                    1.0,
                    0.0
                ],
                [
                    0.0,
                    1.0
                ]
            ]
        ]
    ],
    "TimeRevsUn": [
        [
            1,
            1,
            1
        ]
    ],
    "TimeShiftNumUn": [
        [
            0,
            1,
            2
        ]
    ],
    "TimeShiftDenUn": [
        [
            1,
            3,
            3
        ]
    ],
    "RequiresLoopDispUn": [
        [
            true,
            false,
            false
        ]
    ]
}