{
    "nbody": 3,
    "n_int": 12288,
    "mass": [
        1.0,
        1.0,
        1.0
    ],
    "nloop": 1,
    "Action": 77.95107820639987,
    "Grad_Action": 3.498099401469427e-14,
    "Newton_Error": 8.067091861179407e-14,
    "Min_Distance": 0.012803718915808178,
    "Max_PathLength": 3.764430927174471,
    "Hash": [
        77.95107820639987,
        34.860372269362806,
        54.267152158228235,
        123.31436810366964,
        386.7356110910521
    ],
    "xinf": -0.09860686783296974,
    "xsup": 0.07153404278131686,
    "yinf": -0.08507045530714326,
    "ysup": 0.08507045530714334,
    "loopnb": [
        3
    ],
    "Targets": [
        [
            0,
            1,
            2
        ]
    ],
    "SpaceRotsUn": [
        [
            [
                [
                    1.0,
                    0.0
                ],
                [
                    0.0,
                    1.0
                ]
            ],
            [
                [
                    1.0,
                    0.0
                ],
                [
                    0.0,
                    1.0
                ]
            ],
            [
                [
                    1.0,
                    0.0
                ],
                [
                    0.0,
                    1.0
                ]
            ]
        ]
    ],
    "TimeRevsUn": [
        [
            1,
            1,
            1
        ]
    ],
    "TimeShiftNumUn": [
        [
            0,
            1,
            2
        ]
    ],
    "TimeShiftDenUn": [
        [
            1,
            3,
            3
        ]
    ],
    "RequiresLoopDispUn": [
        [
            true,
            false,
            false
        ]
    ]
}