{
    "nbody": 3,
    "n_int": 12288,
    "mass": [
        1.0,
        1.0,
        1.0
    ],
    "nloop": 1,
    "Action": 82.47871360764819,
    "Grad_Action": 1.5161050039264433e-14,
    "Newton_Error": 3.0540822233168886e-14,
    "Min_Distance": 0.012980698167221355,
    "Max_PathLength": 3.8808751213691517,
    "Hash": [
        82.47871360764817,
        36.504766513526754,
        56.95227978415073,
        132.22948718762242,
        429.4154754193277
    ],
    "xinf": -0.1044857871673061,
    "xsup": 0.07115883691886395,
    "yinf": -0.087822312043085,
    "ysup": 0.08782231204308505,
    "loopnb": [
        3
    ],
    "Targets": [
        [
            0,
            1,
            2
        ]
    ],
    "SpaceRotsUn": [
        [
            [
                [
                    1.0,
                    0.0
                ],
                [
                    0.0,
                    1.0
                ]
            ],
            [
                [
                    1.0,
                    0.0
                ],
                [
                    0.0,
                    1.0
                ]
            ],
            [
                [
                    1.0,
                    0.0
                ],
                [
                    0.0,
                    1.0
                ]
            ]
        ]
    ],
    "TimeRevsUn": [
        [
            1,
            1,
            1
        ]
    ],
    "TimeShiftNumUn": [
        [
            0,
            1,
            2
        ]
    ],
    "TimeShiftDenUn": [
        [
            1,
            3,
            3
        ]
    ],
    "RequiresLoopDispUn": [
        [
            true,
            false,
            false
        ]
    ]
}