{
    "nbody": 3,
    "n_int": 24576,
    "mass": [
        1.0,
        1.0,
        1.0
    ],
    "nloop": 1,
    "Action": 75.15530853246122,
    "Grad_Action": 1.0739259732514766e-14,
    "Newton_Error": 2.7355930993617153e-14,
    "Min_Distance": 0.009207610379272339,
    "Max_PathLength": 3.728214679208156,
    "Hash": [
        75.15530853246123,
        33.88121829638001,
        52.66254583607334,
        117.68062749882013,
        360.7753837204883
    ],
    "xinf": -0.07515033943317112,
    "xsup": 0.09611349794167506,
    "yinf": -0.08563191868742315,
    "ysup": 0.08563191868742304,
    "loopnb": [
        3
    ],
    "Targets": [
        [
            0,
            1,
            2
        ]
    ],
    "SpaceRotsUn": [
        [
            [
                [
                    1.0,
                    0.0
                ],
                [
                    0.0,
                    1.0
                ]
            ],
            [
                [
                    1.0,
                    0.0
                ],
                [
                    0.0,
                    1.0
                ]
            ],
            [
                [
                    1.0,
                    0.0
                ],
                [
                    0.0,
                    1.0
                ]
            ]
        ]
    ],
    "TimeRevsUn": [
        [
            1,
            1,
            1
        ]
    ],
    "TimeShiftNumUn": [
        [
            0,
            1,
            2
        ]
    ],
    "TimeShiftDenUn": [
        [
            1,
            3,
            3
        ]
    ],
    "RequiresLoopDispUn": [
        [
            true,
            false,
            false
        ]
    ]
}