{
    "nbody": 3,
    "n_int": 24576,
    "mass": [
        1.0,
        1.0,
        1.0
    ],
    "nloop": 1,
    "Action": 72.7317785421558,
    "Grad_Action": 1.6359266839697988e-14,
    "Newton_Error": 5.95343123856805e-14,
    "Min_Distance": 0.007146807021243273,
    "Max_PathLength": 3.6469237462283526,
    "Hash": [
        72.73177854215581,
        32.97447954202897,
        51.157108950077905,
        113.32119810179906,
        344.9357975585537
    ],
    "xinf": -0.0701614309991071,
    "xsup": 0.08155556170286105,
    "yinf": -0.07585849635098418,
    "ysup": 0.07585849635098396,
    "loopnb": [
        3
    ],
    "Targets": [
        [
            0,
            1,
            2
        ]
    ],
    "SpaceRotsUn": [
        [
            [
                [
                    1.0,
                    0.0
                ],
                [
                    0.0,
                    1.0
                ]
            ],
            [
                [
                    1.0,
                    0.0
                ],
                [
                    0.0,
                    1.0
                ]
            ],
            [
                [
                    1.0,
                    0.0
                ],
                [
                    0.0,
                    1.0
                ]
            ]
        ]
    ],
    "TimeRevsUn": [
        [
            1,
            1,
            1
        ]
    ],
    "TimeShiftNumUn": [
        [
            0,
            1,
            2
        ]
    ],
    "TimeShiftDenUn": [
        [
            1,
            3,
            3
        ]
    ],
    "RequiresLoopDispUn": [
        [
            true,
            false,
            false
        ]
    ]
}