{
    "nbody": 3,
    "n_int": 24576,
    "mass": [
        1.0,
        1.0,
        1.0
    ],
    "nloop": 1,
    "Action": 86.6290947860705,
    "Grad_Action": 2.191619324404195e-14,
    "Newton_Error": 4.938581051301329e-14,
    "Min_Distance": 0.009120588826731947,
    "Max_PathLength": 4.026261794135546,
    "Hash": [
        86.6290947860705,
        38.071763318021794,
        59.5020723009307,
        140.16790309913966,
        468.37401533199295
    ],
    "xinf": -0.09138962750043497,
    "xsup": 0.05668128329265884,
    "yinf": -0.07403545539654695,
    "ysup": 0.07403545539654686,
    "loopnb": [
        3
    ],
    "Targets": [
        [
            0,
            1,
            2
        ]
    ],
    "SpaceRotsUn": [
        [
            [
                [
                    1.0,
                    0.0
                ],
                [
                    0.0,
                    1.0
                ]
            ],
            [
                [
                    1.0,
                    0.0
                ],
                [
                    0.0,
                    1.0
                ]
            ],
            [
                [
                    1.0,
                    0.0
                ],
                [
                    0.0,
                    1.0
                ]
            ]
        ]
    ],
    "TimeRevsUn": [
        [
            1,
            1,
            1
        ]
    ],
    "TimeShiftNumUn": [
        [
            0,
            1,
            2
        ]
    ],
    "TimeShiftDenUn": [
        [
            1,
            3,
            3
        ]
    ],
    "RequiresLoopDispUn": [
        [
            true,
            false,
            false
        ]
    ]
}