{
    "nbody": 3,
    "n_int": 49152,
    "mass": [
        1.0,
        1.0,
        1.0
    ],
    "nloop": 1,
    "Action": 82.06120489436651,
    "Grad_Action": 4.145238558689739e-14,
    "Newton_Error": 1.1990125525410652e-13,
    "Min_Distance": 0.004590991949045563,
    "Max_PathLength": 3.8192689131538247,
    "Hash": [
        82.06120489436651,
        36.36121866831965,
        56.63973409486005,
        132.32364087049672,
        450.04011889531455
    ],
    "xinf": -0.09581378612320446,
    "xsup": 0.07009600352395068,
    "yinf": -0.0829548948235775,
    "ysup": 0.08295489482357764,
    "loopnb": [
        3
    ],
    "Targets": [
        [
            0,
            1,
            2
        ]
    ],
    "SpaceRotsUn": [
        [
            [
                [
                    1.0,
                    0.0
                ],
                [
                    0.0,
                    1.0
                ]
            ],
            [
                [
                    1.0,
                    0.0
                ],
                [
                    0.0,
                    1.0
                ]
            ],
            [
                [
                    1.0,
                    0.0
                ],
                [
                    0.0,
                    1.0
                ]
            ]
        ]
    ],
    "TimeRevsUn": [
        [
            1,
            1,
            1
        ]
    ],
    "TimeShiftNumUn": [
        [
            0,
            1,
            2
        ]
    ],
    "TimeShiftDenUn": [
        [
            1,
            3,
            3
        ]
    ],
    "RequiresLoopDispUn": [
        [
            true,
            false,
            false
        ]
    ]
}