{
    "nbody": 3,
    "n_int": 24576,
    "mass": [
        1.0,
        1.0,
        1.0
    ],
    "nloop": 1,
    "Action": 78.37024290284793,
    "Grad_Action": 1.8777998808862698e-14,
    "Newton_Error": 4.847494092292789e-14,
    "Min_Distance": 0.008356897664396764,
    "Max_PathLength": 3.882266222780845,
    "Hash": [
        78.37024290284793,
        35.185405988811866,
        54.86882289368518,
        122.46879050546175,
        369.02127835616835
    ],
    "xinf": -0.08043967112163025,
    "xsup": 0.07803296891312123,
    "yinf": -0.07923632001737593,
    "ysup": 0.07923632001737554,
    "loopnb": [
        3
    ],
    "Targets": [
        [
            0,
            1,
            2
        ]
    ],
    "SpaceRotsUn": [
        [
            [
                [
                    1.0,
                    0.0
                ],
                [
                    0.0,
                    1.0
                ]
            ],
            [
                [
                    1.0,
                    0.0
                ],
                [
                    0.0,
                    1.0
                ]
            ],
            [
                [
                    1.0,
                    0.0
                ],
                [
                    0.0,
                    1.0
                ]
            ]
        ]
    ],
    "TimeRevsUn": [
        [
            1,
            1,
            1
        ]
    ],
    "TimeShiftNumUn": [
        [
            0,
            1,
            2
        ]
    ],
    "TimeShiftDenUn": [
        [
            1,
            3,
            3
        ]
    ],
    "RequiresLoopDispUn": [
        [
            true,
            false,
            false
        ]
    ]
}