{
    "nbody": 3,
    "n_int": 393216,
    "mass": [
        1.0,
        1.0,
        1.0
    ],
    "nloop": 1,
    "Action": 62.08541534853456,
    "Grad_Action": 5.6443228560526823e-14,
    "Newton_Error": 4.2512209610957643e-13,
    "Min_Distance": 0.0011889688425073292,
    "Max_PathLength": 3.3229835153304794,
    "Hash": [
        62.08541534853457,
        28.960472483371955,
        44.506979849955265,
        94.33556361705674,
        281.8240739806508
    ],
    "xinf": -0.09284207836794384,
    "xsup": 0.08061253260014822,
    "yinf": -0.08672730548404606,
    "ysup": 0.086727305484046,
    "loopnb": [
        3
    ],
    "Targets": [
        [
            0,
            1,
            2
        ]
    ],
    "SpaceRotsUn": [
        [
            [
                [
                    1.0,
                    0.0
                ],
                [
                    0.0,
                    1.0
                ]
            ],
            [
                [
                    1.0,
                    0.0
                ],
                [
                    0.0,
                    1.0
                ]
            ],
            [
                [
                    1.0,
                    0.0
                ],
                [
                    0.0,
                    1.0
                ]
            ]
        ]
    ],
    "TimeRevsUn": [
        [
            1,
            1,
            1
        ]
    ],
    "TimeShiftNumUn": [
        [
            0,
            1,
            2
        ]
    ],
    "TimeShiftDenUn": [
        [
            1,
            3,
            3
        ]
    ],
    "RequiresLoopDispUn": [
        [
            true,
            false,
            false
        ]
    ]
}