{
    "nbody": 3,
    "n_int": 49152,
    "mass": [
        1.0,
        1.0,
        1.0
    ],
    "nloop": 1,
    "Action": 86.377434576793,
    "Grad_Action": 4.568963056011528e-14,
    "Newton_Error": 2.953497430881689e-14,
    "Min_Distance": 0.010378856746429209,
    "Max_PathLength": 4.104920763405734,
    "Hash": [
        86.37743457679298,
        38.21992811611816,
        59.88737171172418,
        136.88618720778723,
        425.74595738156677
    ],
    "xinf": -0.07883434157637156,
    "xsup": 0.0733954623220979,
    "yinf": -0.0761149019492347,
    "ysup": 0.07611490194923476,
    "loopnb": [
        3
    ],
    "Targets": [
        [
            0,
            1,
            2
        ]
    ],
    "SpaceRotsUn": [
        [
            [
                [
                    1.0,
                    0.0
                ],
                [
                    0.0,
                    1.0
                ]
            ],
            [
                [
                    1.0,
                    0.0
                ],
                [
                    0.0,
                    1.0
                ]
            ],
            [
                [
                    1.0,
                    0.0
                ],
                [
                    0.0,
                    1.0
                ]
            ]
        ]
    ],
    "TimeRevsUn": [
        [
            1,
            1,
            1
        ]
    ],
    "TimeShiftNumUn": [
        [
            0,
            1,
            2
        ]
    ],
    "TimeShiftDenUn": [
        [
            1,
            3,
            3
        ]
    ],
    "RequiresLoopDispUn": [
        [
            true,
            false,
            false
        ]
    ]
}