{
    "nbody": 3,
    "n_int": 49152,
    "mass": [
        1.0,
        1.0,
        1.0
    ],
    "nloop": 1,
    "Action": 88.65083379958358,
    "Grad_Action": 2.221559140114537e-14,
    "Newton_Error": 9.703512408427951e-15,
    "Min_Distance": 0.014447607887810422,
    "Max_PathLength": 4.173404165781365,
    "Hash": [
        88.65083379958358,
        39.05007206325533,
        61.253252876541026,
        141.21282115854356,
        443.9251792494245
    ],
    "xinf": -0.08273767476845688,
    "xsup": 0.07675132479283021,
    "yinf": -0.07974449978064356,
    "ysup": 0.07974449978064353,
    "loopnb": [
        3
    ],
    "Targets": [
        [
            0,
            1,
            2
        ]
    ],
    "SpaceRotsUn": [
        [
            [
                [
                    1.0,
                    0.0
                ],
                [
                    0.0,
                    1.0
                ]
            ],
            [
                [
                    1.0,
                    0.0
                ],
                [
                    0.0,
                    1.0
                ]
            ],
            [
                [
                    1.0,
                    0.0
                ],
                [
                    0.0,
                    1.0
                ]
            ]
        ]
    ],
    "TimeRevsUn": [
        [
            1,
            1,
            1
        ]
    ],
    "TimeShiftNumUn": [
        [
            0,
            1,
            2
        ]
    ],
    "TimeShiftDenUn": [
        [
            1,
            3,
            3
        ]
    ],
    "RequiresLoopDispUn": [
        [
            true,
            false,
            false
        ]
    ]
}