{
    "nbody": 3,
    "n_int": 12288,
    "mass": [
        1.0,
        1.0,
        1.0
    ],
    "nloop": 1,
    "Action": 73.23973421734354,
    "Grad_Action": 9.653085537630544e-15,
    "Newton_Error": 2.897943365765513e-14,
    "Min_Distance": 0.014711075806503337,
    "Max_PathLength": 3.781541451522484,
    "Hash": [
        73.23973421734354,
        33.30514541016945,
        51.79911915599667,
        112.44683465033772,
        320.8236972228959
    ],
    "xinf": -0.08101140568276732,
    "xsup": 0.07745556769501666,
    "yinf": -0.07923348668889199,
    "ysup": 0.07923348668889199,
    "loopnb": [
        3
    ],
    "Targets": [
        [
            0,
            1,
            2
        ]
    ],
    "SpaceRotsUn": [
        [
            [
                [
                    1.0,
                    0.0
                ],
                [
                    0.0,
                    1.0
                ]
            ],
            [
                [
                    1.0,
                    0.0
                ],
                [
                    0.0,
                    1.0
                ]
            ],
            [
                [
                    1.0,
                    0.0
                ],
                [
                    0.0,
                    1.0
                ]
            ]
        ]
    ],
    "TimeRevsUn": [
        [
            1,
            1,
            1
        ]
    ],
    "TimeShiftNumUn": [
        [
            0,
            1,
            2
        ]
    ],
    "TimeShiftDenUn": [
        [
            1,
            3,
            3
        ]
    ],
    "RequiresLoopDispUn": [
        [
            true,
            false,
            false
        ]
    ]
}