{
    "nbody": 3,
    "n_int": 196608,
    "mass": [
        1.0,
        1.0,
        1.0
    ],
    "nloop": 1,
    "Action": 90.01961931573764,
    "Grad_Action": 1.6940726179851307e-10,
    "Newton_Error": 1.1682218444621177e-09,
    "Min_Distance": 0.002503600369623986,
    "Max_PathLength": 3.8776218863369207,
    "Hash": [
        90.01961931573764,
        39.10008472310084,
        60.98540611674033,
        150.42578634210116,
        573.8734222930178
    ],
    "xinf": -0.1457442540923886,
    "xsup": 0.07877871455166527,
    "yinf": -0.112261484322027,
    "ysup": 0.11226148432202686,
    "loopnb": [
        3
    ],
    "Targets": [
        [
            0,
            1,
            2
        ]
    ],
    "SpaceRotsUn": [
        [
            [
                [
                    1.0,
                    0.0
                ],
                [
                    0.0,
                    1.0
                ]
            ],
            [
                [
                    1.0,
                    0.0
                ],
                [
                    0.0,
                    1.0
                ]
            ],
            [
                [
                    1.0,
                    0.0
                ],
                [
                    0.0,
                    1.0
                ]
            ]
        ]
    ],
    "TimeRevsUn": [
        [
            1,
            1,
            1
        ]
    ],
    "TimeShiftNumUn": [
        [
            0,
            1,
            2
        ]
    ],
    "TimeShiftDenUn": [
        [
            1,
            3,
            3
        ]
    ],
    "RequiresLoopDispUn": [
        [
            true,
            false,
            false
        ]
    ]
}