{
    "nbody": 3,
    "n_int": 393216,
    "mass": [
        1.0,
        1.0,
        1.0
    ],
    "nloop": 1,
    "Action": 86.902994759747,
    "Grad_Action": 7.787270046523277e-15,
    "Newton_Error": 2.715033335639456e-15,
    "Min_Distance": 0.01278539471681344,
    "Max_PathLength": 4.1486531241641575,
    "Hash": [
        86.902994759747,
        38.503799388888226,
        60.403352300669624,
        136.87930046795952,
        416.05400467359885
    ],
    "xinf": -0.06412283932951181,
    "xsup": 0.06433310247680644,
    "yinf": -0.06422797090315914,
    "ysup": 0.06422797090315911,
    "loopnb": [
        3
    ],
    "Targets": [
        [
            0,
            1,
            2
        ]
    ],
    "SpaceRotsUn": [
        [
            [
                [
                    1.0,
                    0.0
                ],
                [
                    0.0,
                    1.0
                ]
            ],
            [
                [
                    1.0,
                    0.0
                ],
                [
                    0.0,
                    1.0
                ]
            ],
            [
                [
                    1.0,
                    0.0
                ],
                [
                    0.0,
                    1.0
                ]
            ]
        ]
    ],
    "TimeRevsUn": [
        [
            1,
            1,
            1
        ]
    ],
    "TimeShiftNumUn": [
        [
            0,
            1,
            2
        ]
    ],
    "TimeShiftDenUn": [
        [
            1,
            3,
            3
        ]
    ],
    "RequiresLoopDispUn": [
        [
            true,
            false,
            false
        ]
    ]
}