{
    "nbody": 3,
    "n_int": 24576,
    "mass": [
        1.0,
        1.0,
        1.0
    ],
    "nloop": 1,
    "Action": 83.95917519148941,
    "Grad_Action": 1.6038881657460363e-14,
    "Newton_Error": 2.022848556924507e-14,
    "Min_Distance": 0.009333418532932788,
    "Max_PathLength": 4.007945439915591,
    "Hash": [
        83.95917519148941,
        37.30979480173294,
        58.38154181807802,
        132.5098712175052,
        408.80531778084685
    ],
    "xinf": -0.08057845202822636,
    "xsup": 0.06831829000063014,
    "yinf": -0.07444837101442824,
    "ysup": 0.07444837101442826,
    "loopnb": [
        3
    ],
    "Targets": [
        [
            0,
            1,
            2
        ]
    ],
    "SpaceRotsUn": [
        [
            [
                [
                    1.0,
                    0.0
                ],
                [
                    0.0,
                    1.0
                ]
            ],
            [
                [
                    1.0,
                    0.0
                ],
                [
                    0.0,
                    1.0
                ]
            ],
            [
                [
                    1.0,
                    0.0
                ],
                [
                    0.0,
                    1.0
                ]
            ]
        ]
    ],
    "TimeRevsUn": [
        [
            1,
            1,
            1
        ]
    ],
    "TimeShiftNumUn": [
        [
            0,
            1,
            2
        ]
    ],
    "TimeShiftDenUn": [
        [
            1,
            3,
            3
        ]
    ],
    "RequiresLoopDispUn": [
        [
            true,
            false,
            false
        ]
    ]
}