{
    "nbody": 3,
    "n_int": 24576,
    "mass": [
        1.0,
        1.0,
        1.0
    ],
    "nloop": 1,
    "Action": 73.30051282724718,
    "Grad_Action": 2.9297959420233587e-15,
    "Newton_Error": 5.314137650936643e-15,
    "Min_Distance": 0.01692644021625239,
    "Max_PathLength": 3.817830756222637,
    "Hash": [
        73.30051282724716,
        33.353635178071684,
        51.89632426447665,
        112.23459085165442,
        316.41306807865374
    ],
    "xinf": -0.06651883082982869,
    "xsup": 0.07372021870985355,
    "yinf": -0.07011952476984112,
    "ysup": 0.07011952476984112,
    "loopnb": [
        3
    ],
    "Targets": [
        [
            0,
            1,
            2
        ]
    ],
    "SpaceRotsUn": [
        [
            [
                [
                    1.0,
                    0.0
                ],
                [
                    0.0,
                    1.0
                ]
            ],
            [
                [
                    1.0,
                    0.0
                ],
                [
                    0.0,
                    1.0
                ]
            ],
            [
                [
                    1.0,
                    0.0
                ],
                [
                    0.0,
                    1.0
                ]
            ]
        ]
    ],
    "TimeRevsUn": [
        [
            1,
            1,
            1
        ]
    ],
    "TimeShiftNumUn": [
        [
            0,
            1,
            2
        ]
    ],
    "TimeShiftDenUn": [
        [
            1,
            3,
            3
        ]
    ],
    "RequiresLoopDispUn": [
        [
            true,
            false,
            false
        ]
    ]
}