{
    "nbody": 3,
    "n_int": 24576,
    "mass": [
        1.0,
        1.0,
        1.0
    ],
    "nloop": 1,
    "Action": 87.00966857049994,
    "Grad_Action": 7.108468326454073e-14,
    "Newton_Error": 2.0836743569927878e-13,
    "Min_Distance": 0.0072395856648322515,
    "Max_PathLength": 3.751287310308146,
    "Hash": [
        87.00966857049994,
        37.24419494874003,
        57.81020021081649,
        150.2389522212452,
        603.7482363582146
    ],
    "xinf": -0.24116733450670647,
    "xsup": 0.12885748917611606,
    "yinf": -0.1850124118414112,
    "ysup": 0.18501241184141132,
    "loopnb": [
        3
    ],
    "Targets": [
        [
            0,
            1,
            2
        ]
    ],
    "SpaceRotsUn": [
        [
            [
                [
                    1.0,
                    0.0
                ],
                [
                    0.0,
                    1.0
                ]
            ],
            [
                [
                    1.0,
                    0.0
                ],
                [
                    0.0,
                    1.0
                ]
            ],
            [
                [
                    1.0,
                    0.0
                ],
                [
                    0.0,
                    1.0
                ]
            ]
        ]
    ],
    "TimeRevsUn": [
        [
            1,
            1,
            1
        ]
    ],
    "TimeShiftNumUn": [
        [
            0,
            1,
            2
        ]
    ],
    "TimeShiftDenUn": [
        [
            1,
            3,
            3
        ]
    ],
    "RequiresLoopDispUn": [
        [
            true,
            false,
            false
        ]
    ]
}