{
    "nbody": 3,
    "n_int": 24576,
    "mass": [
        1.0,
        1.0,
        1.0
    ],
    "nloop": 1,
    "Action": 83.1417655772538,
    "Grad_Action": 2.8027053406702543e-14,
    "Newton_Error": 7.289564841085663e-14,
    "Min_Distance": 0.007738876171130849,
    "Max_PathLength": 3.9409582978918105,
    "Hash": [
        83.1417655772538,
        36.88337823308202,
        57.61174365828198,
        132.37564765154517,
        422.46975204197463
    ],
    "xinf": -0.09521038289908845,
    "xsup": 0.06517721107531732,
    "yinf": -0.08019379698720289,
    "ysup": 0.08019379698720289,
    "loopnb": [
        3
    ],
    "Targets": [
        [
            0,
            1,
            2
        ]
    ],
    "SpaceRotsUn": [
        [
            [
                [
                    1.0,
                    0.0
                ],
                [
                    0.0,
                    1.0
                ]
            ],
            [
                [
                    1.0,
                    0.0
                ],
                [
                    0.0,
                    1.0
                ]
            ],
            [
                [
                    1.0,
                    0.0
                ],
                [
                    0.0,
                    1.0
                ]
            ]
        ]
    ],
    "TimeRevsUn": [
        [
            1,
            1,
            1
        ]
    ],
    "TimeShiftNumUn": [
        [
            0,
            1,
            2
        ]
    ],
    "TimeShiftDenUn": [
        [
            1,
            3,
            3
        ]
    ],
    "RequiresLoopDispUn": [
        [
            true,
            false,
            false
        ]
    ]
}