{
    "nbody": 3,
    "n_int": 49152,
    "mass": [
        1.0,
        1.0,
        1.0
    ],
    "nloop": 1,
    "Action": 51.5312660830765,
    "Grad_Action": 2.7352417195267355e-15,
    "Newton_Error": 2.0879748809822582e-15,
    "Min_Distance": 0.02783671415230553,
    "Max_PathLength": 3.178582580763086,
    "Hash": [
        51.5312660830765,
        24.880191540617954,
        37.823292326569266,
        74.95311439173625,
        185.70460966442846
    ],
    "xinf": -0.12925581335229136,
    "xsup": 0.08799855166043136,
    "yinf": -0.10862718250636144,
    "ysup": 0.10862718250636128,
    "loopnb": [
        3
    ],
    "Targets": [
        [
            0,
            1,
            2
        ]
    ],
    "SpaceRotsUn": [
        [
            [
                [
                    1.0,
                    0.0
                ],
                [
                    0.0,
                    1.0
                ]
            ],
            [
                [
                    1.0,
                    0.0
                ],
                [
                    0.0,
                    1.0
                ]
            ],
            [
                [
                    1.0,
                    0.0
                ],
                [
                    0.0,
                    1.0
                ]
            ]
        ]
    ],
    "TimeRevsUn": [
        [
            1,
            1,
            1
        ]
    ],
    "TimeShiftNumUn": [
        [
            0,
            1,
            2
        ]
    ],
    "TimeShiftDenUn": [
        [
            1,
            3,
            3
        ]
    ],
    "RequiresLoopDispUn": [
        [
            true,
            false,
            false
        ]
    ]
}