{
    "nbody": 3,
    "n_int": 12288,
    "mass": [
        1.0,
        1.0,
        1.0
    ],
    "nloop": 1,
    "Action": 83.01222507388465,
    "Grad_Action": 2.0591590100641793e-14,
    "Newton_Error": 5.871874590638211e-14,
    "Min_Distance": 0.011624624916720607,
    "Max_PathLength": 4.01174327784295,
    "Hash": [
        83.01222507388466,
        36.90868655826207,
        57.69722458072333,
        131.2423899697673,
        407.6162571856806
    ],
    "xinf": -0.07305255111819703,
    "xsup": 0.08228251221446536,
    "yinf": -0.07766753166633131,
    "ysup": 0.07766753166633109,
    "loopnb": [
        3
    ],
    "Targets": [
        [
            0,
            1,
            2
        ]
    ],
    "SpaceRotsUn": [
        [
            [
                [
                    1.0,
                    0.0
                ],
                [
                    0.0,
                    1.0
                ]
            ],
            [
                [
                    1.0,
                    0.0
                ],
                [
                    0.0,
                    1.0
                ]
            ],
            [
                [
                    1.0,
                    0.0
                ],
                [
                    0.0,
                    1.0
                ]
            ]
        ]
    ],
    "TimeRevsUn": [
        [
            1,
            1,
            1
        ]
    ],
    "TimeShiftNumUn": [
        [
            0,
            1,
            2
        ]
    ],
    "TimeShiftDenUn": [
        [
            1,
            3,
            3
        ]
    ],
    "RequiresLoopDispUn": [
        [
            true,
            false,
            false
        ]
    ]
}