{
    "nbody": 3,
    "n_int": 49152,
    "mass": [
        1.0,
        1.0,
        1.0
    ],
    "nloop": 1,
    "Action": 82.11709384725106,
    "Grad_Action": 4.004757812311945e-15,
    "Newton_Error": 1.1404324502448247e-14,
    "Min_Distance": 0.012937211787617819,
    "Max_PathLength": 3.9890267345495714,
    "Hash": [
        82.11709384725106,
        36.451645460640044,
        56.90330237033589,
        130.68715540323376,
        414.30459610988413
    ],
    "xinf": -0.0967789829310428,
    "xsup": 0.06383961339508869,
    "yinf": -0.08030929816306576,
    "ysup": 0.08030929816306573,
    "loopnb": [
        3
    ],
    "Targets": [
        [
            0,
            1,
            2
        ]
    ],
    "SpaceRotsUn": [
        [
            [
                [
                    1.0,
                    0.0
                ],
                [
                    0.0,
                    1.0
                ]
            ],
            [
                [
                    1.0,
                    0.0
                ],
                [
                    0.0,
                    1.0
                ]
            ],
            [
                [
                    1.0,
                    0.0
                ],
                [
                    0.0,
                    1.0
                ]
            ]
        ]
    ],
    "TimeRevsUn": [
        [
            1,
            1,
            1
        ]
    ],
    "TimeShiftNumUn": [
        [
            0,
            1,
            2
        ]
    ],
    "TimeShiftDenUn": [
        [
            1,
            3,
            3
        ]
    ],
    "RequiresLoopDispUn": [
        [
            true,
            false,
            false
        ]
    ]
}