{
    "nbody": 3,
    "n_int": 49152,
    "mass": [
        1.0,
        1.0,
        1.0
    ],
    "nloop": 1,
    "Action": 63.95019137400382,
    "Grad_Action": 7.33178765382348e-10,
    "Newton_Error": 3.366181163565706e-10,
    "Min_Distance": 0.006362115830589574,
    "Max_PathLength": 3.4163280481175535,
    "Hash": [
        63.95019137400382,
        29.613944892708922,
        45.58728087698328,
        97.82930271658662,
        287.265930737846
    ],
    "xinf": -0.08171634714633495,
    "xsup": 0.07776512105081203,
    "yinf": -0.07974073409857348,
    "ysup": 0.0797407340985735,
    "loopnb": [
        3
    ],
    "Targets": [
        [
            0,
            1,
            2
        ]
    ],
    "SpaceRotsUn": [
        [
            [
                [
                    1.0,
                    0.0
                ],
                [
                    0.0,
                    1.0
                ]
            ],
            [
                [
                    1.0,
                    0.0
                ],
                [
                    0.0,
                    1.0
                ]
            ],
            [
                [
                    1.0,
                    0.0
                ],
                [
                    0.0,
                    1.0
                ]
            ]
        ]
    ],
    "TimeRevsUn": [
        [
            1,
            1,
            1
        ]
    ],
    "TimeShiftNumUn": [
        [
            0,
            1,
            2
        ]
    ],
    "TimeShiftDenUn": [
        [
            1,
            3,
            3
        ]
    ],
    "RequiresLoopDispUn": [
        [
            true,
            false,
            false
        ]
    ]
}