{
    "nbody": 3,
    "n_int": 786432,
    "mass": [
        1.0,
        1.0,
        1.0
    ],
    "nloop": 1,
    "Action": 67.26165373687387,
    "Grad_Action": 3.148091509478541e-08,
    "Newton_Error": 6.892301259308391e-08,
    "Min_Distance": 0.0009065393604431294,
    "Max_PathLength": 3.456347926908446,
    "Hash": [
        67.26165373687387,
        30.880566971305758,
        47.635727521789555,
        104.45657024804517,
        335.40729510102426
    ],
    "xinf": -0.09796319356392943,
    "xsup": 0.058342420767923564,
    "yinf": -0.0781528071659265,
    "ysup": 0.0781528071659265,
    "loopnb": [
        3
    ],
    "Targets": [
        [
            0,
            1,
            2
        ]
    ],
    "SpaceRotsUn": [
        [
            [
                [
                    1.0,
                    0.0
                ],
                [
                    0.0,
                    1.0
                ]
            ],
            [
                [
                    1.0,
                    0.0
                ],
                [
                    0.0,
                    1.0
                ]
            ],
            [
                [
                    1.0,
                    0.0
                ],
                [
                    0.0,
                    1.0
                ]
            ]
        ]
    ],
    "TimeRevsUn": [
        [
            1,
            1,
            1
        ]
    ],
    "TimeShiftNumUn": [
        [
            0,
            1,
            2
        ]
    ],
    "TimeShiftDenUn": [
        [
            1,
            3,
            3
        ]
    ],
    "RequiresLoopDispUn": [
        [
            true,
            false,
            false
        ]
    ]
}