{
    "nbody": 3,
    "n_int": 786432,
    "mass": [
        1.0,
        1.0,
        1.0
    ],
    "nloop": 1,
    "Action": 79.01006768844636,
    "Grad_Action": 1.1034242245784636e-13,
    "Newton_Error": 1.1139430807168887e-12,
    "Min_Distance": 0.0007843621394969556,
    "Max_PathLength": 3.487672256247191,
    "Hash": [
        79.01006768844636,
        34.692452403730506,
        53.72746588239526,
        131.4896278004504,
        491.6007648315971
    ],
    "xinf": -0.12417377271168131,
    "xsup": 0.15447299926720118,
    "yinf": -0.13932338598944125,
    "ysup": 0.13932338598944125,
    "loopnb": [
        3
    ],
    "Targets": [
        [
            0,
            1,
            2
        ]
    ],
    "SpaceRotsUn": [
        [
            [
                [
                    1.0,
                    0.0
                ],
                [
                    0.0,
                    1.0
                ]
            ],
            [
                [
                    1.0,
                    0.0
                ],
                [
                    0.0,
                    1.0
                ]
            ],
            [
                [
                    1.0,
                    0.0
                ],
                [
                    0.0,
                    1.0
                ]
            ]
        ]
    ],
    "TimeRevsUn": [
        [
            1,
            1,
            1
        ]
    ],
    "TimeShiftNumUn": [
        [
            0,
            1,
            2
        ]
    ],
    "TimeShiftDenUn": [
        [
            1,
            3,
            3
        ]
    ],
    "RequiresLoopDispUn": [
        [
            true,
            false,
            false
        ]
    ]
}