{
    "nbody": 3,
    "n_int": 1536,
    "mass": [
        1.0,
        1.0,
        1.0
    ],
    "nloop": 1,
    "Action": 40.867307114480454,
    "Grad_Action": 3.1140928228956295e-15,
    "Newton_Error": 2.1184234650027636e-14,
    "Min_Distance": 0.03952267728763084,
    "Max_PathLength": 2.840424009163132,
    "Hash": [
        40.86730711448047,
        20.69495140601983,
        30.853181121977876,
        57.08190999292593,
        127.16315463189865
    ],
    "xinf": -0.10689024000436642,
    "xsup": 0.12290741569066094,
    "yinf": -0.11489882784751365,
    "ysup": 0.11489882784751371,
    "loopnb": [
        3
    ],
    "Targets": [
        [
            0,
            1,
            2
        ]
    ],
    "SpaceRotsUn": [
        [
            [
                [
                    1.0,
                    0.0
                ],
                [
                    0.0,
                    1.0
                ]
            ],
            [
                [
                    1.0,
                    0.0
                ],
                [
                    0.0,
                    1.0
                ]
            ],
            [
                [
                    1.0,
                    0.0
                ],
                [
                    0.0,
                    1.0
                ]
            ]
        ]
    ],
    "TimeRevsUn": [
        [
            1,
            1,
            1
        ]
    ],
    "TimeShiftNumUn": [
        [
            0,
            1,
            2
        ]
    ],
    "TimeShiftDenUn": [
        [
            1,
            3,
            3
        ]
    ],
    "RequiresLoopDispUn": [
        [
            true,
            false,
            false
        ]
    ]
}