{
    "nbody": 3,
    "n_int": 12288,
    "mass": [
        1.0,
        1.0,
        1.0
    ],
    "nloop": 1,
    "Action": 70.29776319356057,
    "Grad_Action": 9.486445965961578e-15,
    "Newton_Error": 1.0645255003146274e-14,
    "Min_Distance": 0.028407105316642995,
    "Max_PathLength": 3.7232204985349537,
    "Hash": [
        70.29776319356057,
        31.840732745066916,
        49.314386098721684,
        109.82493691671492,
        329.9566212235314
    ],
    "xinf": -0.13282569919867562,
    "xsup": 0.1328256991976001,
    "yinf": -0.13282569919813786,
    "ysup": 0.13282569919813786,
    "loopnb": [
        3
    ],
    "Targets": [
        [
            0,
            1,
            2
        ]
    ],
    "SpaceRotsUn": [
        [
            [
                [
                    1.0,
                    0.0
                ],
                [
                    0.0,
                    1.0
                ]
            ],
            [
                [
                    1.0,
                    0.0
                ],
                [
                    0.0,
                    1.0
                ]
            ],
            [
                [
                    1.0,
                    0.0
                ],
                [
                    0.0,
                    1.0
                ]
            ]
        ]
    ],
    "TimeRevsUn": [
        [
            1,
            1,
            1
        ]
    ],
    "TimeShiftNumUn": [
        [
            0,
            1,
            2
        ]
    ],
    "TimeShiftDenUn": [
        [
            1,
            3,
            3
        ]
    ],
    "RequiresLoopDispUn": [
        [
            true,
            false,
            false
        ]
    ]
}