{
    "nbody": 3,
    "n_int": 6144,
    "mass": [
        1.0,
        1.0,
        1.0
    ],
    "nloop": 1,
    "Action": 88.72125248520624,
    "Grad_Action": 1.9028775184947822e-14,
    "Newton_Error": 5.631371564266764e-14,
    "Min_Distance": 0.018173973190676568,
    "Max_PathLength": 4.221939207393927,
    "Hash": [
        88.72125248520624,
        39.10178318725076,
        61.36500747142365,
        140.91553460036522,
        437.18675529355505
    ],
    "xinf": -0.06762714434033999,
    "xsup": 0.07738867084105035,
    "yinf": -0.07250790759069523,
    "ysup": 0.07250790759069511,
    "loopnb": [
        3
    ],
    "Targets": [
        [
            0,
            1,
            2
        ]
    ],
    "SpaceRotsUn": [
        [
            [
                [
                    1.0,
                    0.0
                ],
                [
                    0.0,
                    1.0
                ]
            ],
            [
                [
                    1.0,
                    0.0
                ],
                [
                    0.0,
                    1.0
                ]
            ],
            [
                [
                    1.0,
                    0.0
                ],
                [
                    0.0,
                    1.0
                ]
            ]
        ]
    ],
    "TimeRevsUn": [
        [
            1,
            1,
            1
        ]
    ],
    "TimeShiftNumUn": [
        [
            0,
            1,
            2
        ]
    ],
    "TimeShiftDenUn": [
        [
            1,
            3,
            3
        ]
    ],
    "RequiresLoopDispUn": [
        [
            true,
            false,
            false
        ]
    ]
}