{
    "nbody": 3,
    "n_int": 98304,
    "mass": [
        1.0,
        1.0,
        1.0
    ],
    "nloop": 1,
    "Action": 64.81729836038015,
    "Grad_Action": 1.2252826583474785e-14,
    "Newton_Error": 6.970515581708843e-15,
    "Min_Distance": 0.014598786213850861,
    "Max_PathLength": 3.4193441047979043,
    "Hash": [
        64.81729836038015,
        29.669992603599052,
        45.697897122144504,
        100.82017244780641,
        302.97304888325283
    ],
    "xinf": -0.1264609527260495,
    "xsup": 0.15014029026178755,
    "yinf": -0.13830062149391853,
    "ysup": 0.13830062149391853,
    "loopnb": [
        3
    ],
    "Targets": [
        [
            0,
            1,
            2
        ]
    ],
    "SpaceRotsUn": [
        [
            [
                [
                    1.0,
                    0.0
                ],
                [
                    0.0,
                    1.0
                ]
            ],
            [
                [
                    1.0,
                    0.0
                ],
                [
                    0.0,
                    1.0
                ]
            ],
            [
                [
                    1.0,
                    0.0
                ],
                [
                    0.0,
                    1.0
                ]
            ]
        ]
    ],
    "TimeRevsUn": [
        [
            1,
            1,
            1
        ]
    ],
    "TimeShiftNumUn": [
        [
            0,
            1,
            2
        ]
    ],
    "TimeShiftDenUn": [
        [
            1,
            3,
            3
        ]
    ],
    "RequiresLoopDispUn": [
        [
            true,
            false,
            false
        ]
    ]
}