{
    "nbody": 3,
    "n_int": 49152,
    "mass": [
        1.0,
        1.0,
        1.0
    ],
    "nloop": 1,
    "Action": 78.16523058679307,
    "Grad_Action": 2.6232189024741852e-14,
    "Newton_Error": 9.774967051636042e-15,
    "Min_Distance": 0.012917343639631984,
    "Max_PathLength": 3.8708033718671624,
    "Hash": [
        78.16523058679307,
        35.089988667353055,
        54.7115718825474,
        122.19004397429399,
        367.93291352495316
    ],
    "xinf": -0.09374500024162574,
    "xsup": 0.0836469696693459,
    "yinf": -0.0886959849554859,
    "ysup": 0.08869598495548574,
    "loopnb": [
        3
    ],
    "Targets": [
        [
            0,
            1,
            2
        ]
    ],
    "SpaceRotsUn": [
        [
            [
                [
                    1.0,
                    0.0
                ],
                [
                    0.0,
                    1.0
                ]
            ],
            [
                [
                    1.0,
                    0.0
                ],
                [
                    0.0,
                    1.0
                ]
            ],
            [
                [
                    1.0,
                    0.0
                ],
                [
                    0.0,
                    1.0
                ]
            ]
        ]
    ],
    "TimeRevsUn": [
        [
            1,
            1,
            1
        ]
    ],
    "TimeShiftNumUn": [
        [
            0,
            1,
            2
        ]
    ],
    "TimeShiftDenUn": [
        [
            1,
            3,
            3
        ]
    ],
    "RequiresLoopDispUn": [
        [
            true,
            false,
            false
        ]
    ]
}