{
    "nbody": 3,
    "n_int": 12288,
    "mass": [
        1.0,
        1.0,
        1.0
    ],
    "nloop": 1,
    "Action": 81.61865259726795,
    "Grad_Action": 4.173131172911502e-14,
    "Newton_Error": 7.277710897119825e-14,
    "Min_Distance": 0.01083939584867437,
    "Max_PathLength": 3.829299562046975,
    "Hash": [
        81.61865259726797,
        35.90196212117158,
        55.84356429868226,
        133.47343057565377,
        462.0560111649959
    ],
    "xinf": -0.08453583193808278,
    "xsup": 0.13327749451890641,
    "yinf": -0.10890666322849454,
    "ysup": 0.10890666322849465,
    "loopnb": [
        3
    ],
    "Targets": [
        [
            0,
            1,
            2
        ]
    ],
    "SpaceRotsUn": [
        [
            [
                [
                    1.0,
                    0.0
                ],
                [
                    0.0,
                    1.0
                ]
            ],
            [
                [
                    1.0,
                    0.0
                ],
                [
                    0.0,
                    1.0
                ]
            ],
            [
                [
                    1.0,
                    0.0
                ],
                [
                    0.0,
                    1.0
                ]
            ]
        ]
    ],
    "TimeRevsUn": [
        [
            1,
            1,
            1
        ]
    ],
    "TimeShiftNumUn": [
        [
            0,
            1,
            2
        ]
    ],
    "TimeShiftDenUn": [
        [
            1,
            3,
            3
        ]
    ],
    "RequiresLoopDispUn": [
        [
            true,
            false,
            false
        ]
    ]
}