{
    "nbody": 3,
    "n_int": 12288,
    "mass": [
        1.0,
        1.0,
        1.0
    ],
    "nloop": 1,
    "Action": 85.8214125524474,
    "Grad_Action": 2.482947402689637e-14,
    "Newton_Error": 1.844125690804609e-13,
    "Min_Distance": 0.010184931730467266,
    "Max_PathLength": 3.911485209657549,
    "Hash": [
        85.8214125524474,
        37.4140162685745,
        58.28777837331575,
        142.09974444108101,
        508.3932733221538
    ],
    "xinf": -0.0842577414800369,
    "xsup": 0.13548840293496728,
    "yinf": -0.10987307220750209,
    "ysup": 0.10987307220750209,
    "loopnb": [
        3
    ],
    "Targets": [
        [
            0,
            1,
            2
        ]
    ],
    "SpaceRotsUn": [
        [
            [
                [
                    1.0,
                    0.0
                ],
                [
                    0.0,
                    1.0
                ]
            ],
            [
                [
                    1.0,
                    0.0
                ],
                [
                    0.0,
                    1.0
                ]
            ],
            [
                [
                    1.0,
                    0.0
                ],
                [
                    0.0,
                    1.0
                ]
            ]
        ]
    ],
    "TimeRevsUn": [
        [
            1,
            1,
            1
        ]
    ],
    "TimeShiftNumUn": [
        [
            0,
            1,
            2
        ]
    ],
    "TimeShiftDenUn": [
        [
            1,
            3,
            3
        ]
    ],
    "RequiresLoopDispUn": [
        [
            true,
            false,
            false
        ]
    ]
}