{
    "nbody": 3,
    "n_int": 49152,
    "mass": [
        1.0,
        1.0,
        1.0
    ],
    "nloop": 1,
    "Action": 87.76526386090251,
    "Grad_Action": 1.4739487206613276e-14,
    "Newton_Error": 1.1466562301837665e-14,
    "Min_Distance": 0.01091185153092306,
    "Max_PathLength": 4.12674355977399,
    "Hash": [
        87.76526386090251,
        38.63309377613012,
        60.51769480557664,
        140.55075569714006,
        450.9695042312699
    ],
    "xinf": -0.05416014409504824,
    "xsup": 0.08365902812360185,
    "yinf": -0.06890958610932493,
    "ysup": 0.06890958610932515,
    "loopnb": [
        3
    ],
    "Targets": [
        [
            0,
            1,
            2
        ]
    ],
    "SpaceRotsUn": [
        [
            [
                [
                    1.0,
                    0.0
                ],
                [
                    0.0,
                    1.0
                ]
            ],
            [
                [
                    1.0,
                    0.0
                ],
                [
                    0.0,
                    1.0
                ]
            ],
            [
                [
                    1.0,
                    0.0
                ],
                [
                    0.0,
                    1.0
                ]
            ]
        ]
    ],
    "TimeRevsUn": [
        [
            1,
            1,
            1
        ]
    ],
    "TimeShiftNumUn": [
        [
            0,
            1,
            2
        ]
    ],
    "TimeShiftDenUn": [
        [
            1,
            3,
            3
        ]
    ],
    "RequiresLoopDispUn": [
        [
            true,
            false,
            false
        ]
    ]
}