{
    "nbody": 3,
    "n_int": 24576,
    "mass": [
        1.0,
        1.0,
        1.0
    ],
    "nloop": 1,
    "Action": 77.24242355776909,
    "Grad_Action": 2.6874685163774547e-14,
    "Newton_Error": 5.679624521580312e-14,
    "Min_Distance": 0.008654929474354419,
    "Max_PathLength": 3.6679798421605296,
    "Hash": [
        77.24242355776909,
        34.30769344054937,
        53.21930378119857,
        125.12848321988606,
        426.9771744529979
    ],
    "xinf": -0.08264973432976944,
    "xsup": 0.1282492128251464,
    "yinf": -0.10544947357745785,
    "ysup": 0.10544947357745799,
    "loopnb": [
        3
    ],
    "Targets": [
        [
            0,
            1,
            2
        ]
    ],
    "SpaceRotsUn": [
        [
            [
                [
                    1.0,
                    0.0
                ],
                [
                    0.0,
                    1.0
                ]
            ],
            [
                [
                    1.0,
                    0.0
                ],
                [
                    0.0,
                    1.0
                ]
            ],
            [
                [
                    1.0,
                    0.0
                ],
                [
                    0.0,
                    1.0
                ]
            ]
        ]
    ],
    "TimeRevsUn": [
        [
            1,
            1,
            1
        ]
    ],
    "TimeShiftNumUn": [
        [
            0,
            1,
            2
        ]
    ],
    "TimeShiftDenUn": [
        [
            1,
            3,
            3
        ]
    ],
    "RequiresLoopDispUn": [
        [
            true,
            false,
            false
        ]
    ]
}