{
    "nbody": 3,
    "n_int": 24576,
    "mass": [
        1.0,
        1.0,
        1.0
    ],
    "nloop": 1,
    "Action": 88.20734066694851,
    "Grad_Action": 3.2527231986099e-14,
    "Newton_Error": 8.928192032983402e-14,
    "Min_Distance": 0.007595738249169241,
    "Max_PathLength": 4.0256402861992875,
    "Hash": [
        88.20734066694851,
        38.73755923440806,
        60.63913393885434,
        142.27104793420403,
        469.66027863396846
    ],
    "xinf": -0.0627122399035585,
    "xsup": 0.08402710080369398,
    "yinf": -0.07336967035362632,
    "ysup": 0.07336967035362615,
    "loopnb": [
        3
    ],
    "Targets": [
        [
            0,
            1,
            2
        ]
    ],
    "SpaceRotsUn": [
        [
            [
                [
                    1.0,
                    0.0
                ],
                [
                    0.0,
                    1.0
                ]
            ],
            [
                [
                    1.0,
                    0.0
                ],
                [
                    0.0,
                    1.0
                ]
            ],
            [
                [
                    1.0,
                    0.0
                ],
                [
                    0.0,
                    1.0
                ]
            ]
        ]
    ],
    "TimeRevsUn": [
        [
            1,
            1,
            1
        ]
    ],
    "TimeShiftNumUn": [
        [
            0,
            1,
            2
        ]
    ],
    "TimeShiftDenUn": [
        [
            1,
            3,
            3
        ]
    ],
    "RequiresLoopDispUn": [
        [
            true,
            false,
            false
        ]
    ]
}