{
    "nbody": 3,
    "n_int": 98304,
    "mass": [
        1.0,
        1.0,
        1.0
    ],
    "nloop": 1,
    "Action": 82.21201192018735,
    "Grad_Action": 7.784754311307261e-14,
    "Newton_Error": 1.0446483170107318e-13,
    "Min_Distance": 0.003060594944767011,
    "Max_PathLength": 3.8358388445384666,
    "Hash": [
        82.21201192018735,
        36.450666891774794,
        56.8113546718109,
        132.23428804566282,
        447.95553273296605
    ],
    "xinf": -0.12229892368057346,
    "xsup": 0.06821737798220937,
    "yinf": -0.09525815083139139,
    "ysup": 0.09525815083139144,
    "loopnb": [
        3
    ],
    "Targets": [
        [
            0,
            1,
            2
        ]
    ],
    "SpaceRotsUn": [
        [
            [
                [
                    1.0,
                    0.0
                ],
                [
                    0.0,
                    1.0
                ]
            ],
            [
                [
                    1.0,
                    0.0
                ],
                [
                    0.0,
                    1.0
                ]
            ],
            [
                [
                    1.0,
                    0.0
                ],
                [
                    0.0,
                    1.0
                ]
            ]
        ]
    ],
    "TimeRevsUn": [
        [
            1,
            1,
            1
        ]
    ],
    "TimeShiftNumUn": [
        [
            0,
            1,
            2
        ]
    ],
    "TimeShiftDenUn": [
        [
            1,
            3,
            3
        ]
    ],
    "RequiresLoopDispUn": [
        [
            true,
            false,
            false
        ]
    ]
}