{
    "nbody": 3,
    "n_int": 6144,
    "mass": [
        1.0,
        1.0,
        1.0
    ],
    "nloop": 1,
    "Action": 51.480499242624106,
    "Grad_Action": 1.3591995993765767e-14,
    "Newton_Error": 5.614954472691095e-14,
    "Min_Distance": 0.02098705371921553,
    "Max_PathLength": 3.183933161255206,
    "Hash": [
        51.480499242624106,
        24.949442942678196,
        37.924064509799656,
        74.43590360125387,
        182.06371285735005
    ],
    "xinf": -0.08074493451494649,
    "xsup": 0.06731942754946471,
    "yinf": -0.07403218103220563,
    "ysup": 0.07403218103220557,
    "loopnb": [
        3
    ],
    "Targets": [
        [
            0,
            1,
            2
        ]
    ],
    "SpaceRotsUn": [
        [
            [
                [
                    1.0,
                    0.0
                ],
                [
                    0.0,
                    1.0
                ]
            ],
            [
                [
                    1.0,
                    0.0
                ],
                [
                    0.0,
                    1.0
                ]
            ],
            [
                [
                    1.0,
                    0.0
                ],
                [
                    0.0,
                    1.0
                ]
            ]
        ]
    ],
    "TimeRevsUn": [
        [
            1,
            1,
            1
        ]
    ],
    "TimeShiftNumUn": [
        [
            0,
            1,
            2
        ]
    ],
    "TimeShiftDenUn": [
        [
            1,
            3,
            3
        ]
    ],
    "RequiresLoopDispUn": [
        [
            true,
            false,
            false
        ]
    ]
}