{
    "nbody": 3,
    "n_int": 24576,
    "mass": [
        1.0,
        1.0,
        1.0
    ],
    "nloop": 1,
    "Action": 57.78150005955972,
    "Grad_Action": 1.5910026158603224e-12,
    "Newton_Error": 2.184241239326083e-12,
    "Min_Distance": 0.00858447495354073,
    "Max_PathLength": 3.291412009751308,
    "Hash": [
        57.78150005955972,
        27.289087109616105,
        41.78729221023333,
        86.17139260776948,
        232.25780965166112
    ],
    "xinf": -0.12480825368022963,
    "xsup": 0.0779112589129988,
    "yinf": -0.10135975629661421,
    "ysup": 0.10135975629661421,
    "loopnb": [
        3
    ],
    "Targets": [
        [
            0,
            1,
            2
        ]
    ],
    "SpaceRotsUn": [
        [
            [
                [
                    1.0,
                    0.0
                ],
                [
                    0.0,
                    1.0
                ]
            ],
            [
                [
                    1.0,
                    0.0
                ],
                [
                    0.0,
                    1.0
                ]
            ],
            [
                [
                    1.0,
                    0.0
                ],
                [
                    0.0,
                    1.0
                ]
            ]
        ]
    ],
    "TimeRevsUn": [
        [
            1,
            1,
            1
        ]
    ],
    "TimeShiftNumUn": [
        [
            0,
            1,
            2
        ]
    ],
    "TimeShiftDenUn": [
        [
            1,
            3,
            3
        ]
    ],
    "RequiresLoopDispUn": [
        [
            true,
            false,
            false
        ]
    ]
}