{
    "nbody": 3,
    "n_int": 24576,
    "mass": [
        1.0,
        1.0,
        1.0
    ],
    "nloop": 1,
    "Action": 63.97015451141061,
    "Grad_Action": 1.8549197951070956e-14,
    "Newton_Error": 7.855333037101312e-14,
    "Min_Distance": 0.0074459066161894575,
    "Max_PathLength": 3.427091941000383,
    "Hash": [
        63.97015451141061,
        29.62896562868212,
        45.6276017541195,
        97.64483101769095,
        282.7730241108922
    ],
    "xinf": -0.08001904073312435,
    "xsup": 0.0811195600192344,
    "yinf": -0.08056930037617938,
    "ysup": 0.08056930037617938,
    "loopnb": [
        3
    ],
    "Targets": [
        [
            0,
            1,
            2
        ]
    ],
    "SpaceRotsUn": [
        [
            [
                [
                    1.0,
                    0.0
                ],
                [
                    0.0,
                    1.0
                ]
            ],
            [
                [
                    1.0,
                    0.0
                ],
                [
                    0.0,
                    1.0
                ]
            ],
            [
                [
                    1.0,
                    0.0
                ],
                [
                    0.0,
                    1.0
                ]
            ]
        ]
    ],
    "TimeRevsUn": [
        [
            1,
            1,
            1
        ]
    ],
    "TimeShiftNumUn": [
        [
            0,
            1,
            2
        ]
    ],
    "TimeShiftDenUn": [
        [
            1,
            3,
            3
        ]
    ],
    "RequiresLoopDispUn": [
        [
            true,
            false,
            false
        ]
    ]
}