{
    "nbody": 3,
    "n_int": 49152,
    "mass": [
        1.0,
        1.0,
        1.0
    ],
    "nloop": 1,
    "Action": 72.75236593817024,
    "Grad_Action": 1.561950594118324e-14,
    "Newton_Error": 3.6556804399457067e-14,
    "Min_Distance": 0.006566392869780061,
    "Max_PathLength": 3.6476921571055794,
    "Hash": [
        72.75236593817024,
        32.97905672821297,
        51.163884592474204,
        113.3902570314547,
        345.6607546877417
    ],
    "xinf": -0.09077559042691408,
    "xsup": 0.06588037678291031,
    "yinf": -0.07832798360491239,
    "ysup": 0.078327983604912,
    "loopnb": [
        3
    ],
    "Targets": [
        [
            0,
            1,
            2
        ]
    ],
    "SpaceRotsUn": [
        [
            [
                [
                    1.0,
                    0.0
                ],
                [
                    0.0,
                    1.0
                ]
            ],
            [
                [
                    1.0,
                    0.0
                ],
                [
                    0.0,
                    1.0
                ]
            ],
            [
                [
                    1.0,
                    0.0
                ],
                [
                    0.0,
                    1.0
                ]
            ]
        ]
    ],
    "TimeRevsUn": [
        [
            1,
            1,
            1
        ]
    ],
    "TimeShiftNumUn": [
        [
            0,
            1,
            2
        ]
    ],
    "TimeShiftDenUn": [
        [
            1,
            3,
            3
        ]
    ],
    "RequiresLoopDispUn": [
        [
            true,
            false,
            false
        ]
    ]
}