{
    "nbody": 3,
    "n_int": 12288,
    "mass": [
        1.0,
        1.0,
        1.0
    ],
    "nloop": 1,
    "Action": 47.355457802303995,
    "Grad_Action": 6.4766703320880094e-15,
    "Newton_Error": 1.3605683750308707e-14,
    "Min_Distance": 0.014325363123790845,
    "Max_PathLength": 2.982178119205752,
    "Hash": [
        47.355457802303995,
        23.133106289924694,
        34.878547002846275,
        68.95656292360101,
        175.68356508799204
    ],
    "xinf": -0.1267387383904959,
    "xsup": 0.09750638720203117,
    "yinf": -0.11212256279626354,
    "ysup": 0.11212256279626354,
    "loopnb": [
        3
    ],
    "Targets": [
        [
            0,
            1,
            2
        ]
    ],
    "SpaceRotsUn": [
        [
            [
                [
                    1.0,
                    0.0
                ],
                [
                    0.0,
                    1.0
                ]
            ],
            [
                [
                    1.0,
                    0.0
                ],
                [
                    0.0,
                    1.0
                ]
            ],
            [
                [
                    1.0,
                    0.0
                ],
                [
                    0.0,
                    1.0
                ]
            ]
        ]
    ],
    "TimeRevsUn": [
        [
            1,
            1,
            1
        ]
    ],
    "TimeShiftNumUn": [
        [
            0,
            1,
            2
        ]
    ],
    "TimeShiftDenUn": [
        [
            1,
            3,
            3
        ]
    ],
    "RequiresLoopDispUn": [
        [
            true,
            false,
            false
        ]
    ]
}