{
    "nbody": 3,
    "n_int": 12288,
    "mass": [
        1.0,
        1.0,
        1.0
    ],
    "nloop": 1,
    "Action": 87.27749606241349,
    "Grad_Action": 5.271336059670547e-15,
    "Newton_Error": 6.672532677719402e-13,
    "Min_Distance": 0.010104508522217738,
    "Max_PathLength": 4.1281766719193325,
    "Hash": [
        87.27749606241349,
        38.634618805223006,
        60.61503881310393,
        137.66035086774946,
        419.9975383938225
    ],
    "xinf": -0.05558546832367031,
    "xsup": 0.06501081894236321,
    "yinf": -0.06029814363301687,
    "ysup": 0.06029814363301666,
    "loopnb": [
        3
    ],
    "Targets": [
        [
            0,
            1,
            2
        ]
    ],
    "SpaceRotsUn": [
        [
            [
                [
                    1.0,
                    0.0
                ],
                [
                    0.0,
                    1.0
                ]
            ],
            [
                [
                    1.0,
                    0.0
                ],
                [
                    0.0,
                    1.0
                ]
            ],
            [
                [
                    1.0,
                    0.0
                ],
                [
                    0.0,
                    1.0
                ]
            ]
        ]
    ],
    "TimeRevsUn": [
        [
            1,
            1,
            1
        ]
    ],
    "TimeShiftNumUn": [
        [
            0,
            1,
            2
        ]
    ],
    "TimeShiftDenUn": [
        [
            1,
            3,
            3
        ]
    ],
    "RequiresLoopDispUn": [
        [
            true,
            false,
            false
        ]
    ]
}