{
    "nbody": 3,
    "n_int": 49152,
    "mass": [
        1.0,
        1.0,
        1.0
    ],
    "nloop": 1,
    "Action": 90.20154361386291,
    "Grad_Action": 4.579669213531478e-13,
    "Newton_Error": 3.679248392001566e-12,
    "Min_Distance": 0.004810672286771236,
    "Max_PathLength": 3.864834459460093,
    "Hash": [
        90.20154361386291,
        39.154819295739486,
        61.114745214011656,
        150.2314732428475,
        555.8510462110676
    ],
    "xinf": -0.15075482574313953,
    "xsup": 0.08266168985751665,
    "yinf": -0.1167082578003281,
    "ysup": 0.11670825780032808,
    "loopnb": [
        3
    ],
    "Targets": [
        [
            0,
            1,
            2
        ]
    ],
    "SpaceRotsUn": [
        [
            [
                [
                    1.0,
                    0.0
                ],
                [
                    0.0,
                    1.0
                ]
            ],
            [
                [
                    1.0,
                    0.0
                ],
                [
                    0.0,
                    1.0
                ]
            ],
            [
                [
                    1.0,
                    0.0
                ],
                [
                    0.0,
                    1.0
                ]
            ]
        ]
    ],
    "TimeRevsUn": [
        [
            1,
            1,
            1
        ]
    ],
    "TimeShiftNumUn": [
        [
            0,
            1,
            2
        ]
    ],
    "TimeShiftDenUn": [
        [
            1,
            3,
            3
        ]
    ],
    "RequiresLoopDispUn": [
        [
            true,
            false,
            false
        ]
    ]
}