{
    "nbody": 3,
    "n_int": 6144,
    "mass": [
        1.0,
        1.0,
        1.0
    ],
    "nloop": 1,
    "Action": 56.67413768282847,
    "Grad_Action": 1.466104033490069e-14,
    "Newton_Error": 2.923945549226315e-14,
    "Min_Distance": 0.018836291240658203,
    "Max_PathLength": 3.2118819709961866,
    "Hash": [
        56.67413768282847,
        26.307326633529815,
        40.13967870003522,
        87.92571204151933,
        264.5772639382336
    ],
    "xinf": -0.22543727101554875,
    "xsup": 0.12850579937411213,
    "yinf": -0.1769715351948305,
    "ysup": 0.1769715351948304,
    "loopnb": [
        3
    ],
    "Targets": [
        [
            0,
            1,
            2
        ]
    ],
    "SpaceRotsUn": [
        [
            [
                [
                    1.0,
                    0.0
                ],
                [
                    0.0,
                    1.0
                ]
            ],
            [
                [
                    1.0,
                    0.0
                ],
                [
                    0.0,
                    1.0
                ]
            ],
            [
                [
                    1.0,
                    0.0
                ],
                [
                    0.0,
                    1.0
                ]
            ]
        ]
    ],
    "TimeRevsUn": [
        [
            1,
            1,
            1
        ]
    ],
    "TimeShiftNumUn": [
        [
            0,
            1,
            2
        ]
    ],
    "TimeShiftDenUn": [
        [
            1,
            3,
            3
        ]
    ],
    "RequiresLoopDispUn": [
        [
            true,
            false,
            false
        ]
    ]
}