{
    "nbody": 3,
    "n_int": 98304,
    "mass": [
        1.0,
        1.0,
        1.0
    ],
    "nloop": 1,
    "Action": 44.13447453517335,
    "Grad_Action": 7.528162359054606e-14,
    "Newton_Error": 1.224364655445725e-13,
    "Min_Distance": 0.0035486277436782613,
    "Max_PathLength": 2.6960056582217122,
    "Hash": [
        44.13447453517335,
        21.757641402764204,
        32.52660408187399,
        64.95773227050198,
        181.89246422587775
    ],
    "xinf": -0.15488155469590525,
    "xsup": 0.08988209888679466,
    "yinf": -0.12238182679134996,
    "ysup": 0.12238182679134996,
    "loopnb": [
        3
    ],
    "Targets": [
        [
            0,
            1,
            2
        ]
    ],
    "SpaceRotsUn": [
        [
            [
                [
                    1.0,
                    0.0
                ],
                [
                    0.0,
                    1.0
                ]
            ],
            [
                [
                    1.0,
                    0.0
                ],
                [
                    0.0,
                    1.0
                ]
            ],
            [
                [
                    1.0,
                    0.0
                ],
                [
                    0.0,
                    1.0
                ]
            ]
        ]
    ],
    "TimeRevsUn": [
        [
            1,
            1,
            1
        ]
    ],
    "TimeShiftNumUn": [
        [
            0,
            1,
            2
        ]
    ],
    "TimeShiftDenUn": [
        [
            1,
            3,
            3
        ]
    ],
    "RequiresLoopDispUn": [
        [
            true,
            false,
            false
        ]
    ]
}