{
    "nbody": 3,
    "n_int": 6144,
    "mass": [
        1.0,
        1.0,
        1.0
    ],
    "nloop": 1,
    "Action": 78.39797332077316,
    "Grad_Action": 5.941606527190701e-15,
    "Newton_Error": 1.1302290310614759e-14,
    "Min_Distance": 0.020010155488145873,
    "Max_PathLength": 3.9786649602337576,
    "Hash": [
        78.39797332077316,
        35.25190427116328,
        55.027054660249874,
        121.6827739717353,
        355.4460788458592
    ],
    "xinf": -0.07055583464332757,
    "xsup": 0.06262800162116763,
    "yinf": -0.06659191813224753,
    "ysup": 0.06659191813224767,
    "loopnb": [
        3
    ],
    "Targets": [
        [
            0,
            1,
            2
        ]
    ],
    "SpaceRotsUn": [
        [
            [
                [
                    1.0,
                    0.0
                ],
                [
                    0.0,
                    1.0
                ]
            ],
            [
                [
                    1.0,
                    0.0
                ],
                [
                    0.0,
                    1.0
                ]
            ],
            [
                [
                    1.0,
                    0.0
                ],
                [
                    0.0,
                    1.0
                ]
            ]
        ]
    ],
    "TimeRevsUn": [
        [
            1,
            1,
            1
        ]
    ],
    "TimeShiftNumUn": [
        [
            0,
            1,
            2
        ]
    ],
    "TimeShiftDenUn": [
        [
            1,
            3,
            3
        ]
    ],
    "RequiresLoopDispUn": [
        [
            true,
            false,
            false
        ]
    ]
}