{
    "nbody": 3,
    "n_int": 24576,
    "mass": [
        1.0,
        1.0,
        1.0
    ],
    "nloop": 1,
    "Action": 62.87072631066228,
    "Grad_Action": 2.685989665197771e-14,
    "Newton_Error": 5.3874727912612875e-14,
    "Min_Distance": 0.008763947280383199,
    "Max_PathLength": 3.3150252529688373,
    "Hash": [
        62.87072631066228,
        29.059133514543504,
        44.64718180642767,
        96.96217010736568,
        290.97665135042433
    ],
    "xinf": -0.08585124228846244,
    "xsup": 0.11820274782652915,
    "yinf": -0.10202699505749585,
    "ysup": 0.10202699505749574,
    "loopnb": [
        3
    ],
    "Targets": [
        [
            0,
            1,
            2
        ]
    ],
    "SpaceRotsUn": [
        [
            [
                [
                    1.0,
                    0.0
                ],
                [
                    0.0,
                    1.0
                ]
            ],
            [
                [
                    1.0,
                    0.0
                ],
                [
                    0.0,
                    1.0
                ]
            ],
            [
                [
                    1.0,
                    0.0
                ],
                [
                    0.0,
                    1.0
                ]
            ]
        ]
    ],
    "TimeRevsUn": [
        [
            1,
            1,
            1
        ]
    ],
    "TimeShiftNumUn": [
        [
            0,
            1,
            2
        ]
    ],
    "TimeShiftDenUn": [
        [
            1,
            3,
            3
        ]
    ],
    "RequiresLoopDispUn": [
        [
            true,
            false,
            false
        ]
    ]
}