{
    "nbody": 3,
    "n_int": 49152,
    "mass": [
        1.0,
        1.0,
        1.0
    ],
    "nloop": 1,
    "Action": 40.636099978676086,
    "Grad_Action": 7.85947371233341e-12,
    "Newton_Error": 1.6358085036273713e-11,
    "Min_Distance": 0.004738426075088231,
    "Max_PathLength": 2.550378187525945,
    "Hash": [
        40.63609997867609,
        20.468328671876172,
        30.42060214957086,
        58.132950318533055,
        147.51102996625227
    ],
    "xinf": -0.11574552662102042,
    "xsup": 0.1319168150921692,
    "yinf": -0.12383117085659484,
    "ysup": 0.12383117085659479,
    "loopnb": [
        3
    ],
    "Targets": [
        [
            0,
            1,
            2
        ]
    ],
    "SpaceRotsUn": [
        [
            [
                [
                    1.0,
                    0.0
                ],
                [
                    0.0,
                    1.0
                ]
            ],
            [
                [
                    1.0,
                    0.0
                ],
                [
                    0.0,
                    1.0
                ]
            ],
            [
                [
                    1.0,
                    0.0
                ],
                [
                    0.0,
                    1.0
                ]
            ]
        ]
    ],
    "TimeRevsUn": [
        [
            1,
            1,
            1
        ]
    ],
    "TimeShiftNumUn": [
        [
            0,
            1,
            2
        ]
    ],
    "TimeShiftDenUn": [
        [
            1,
            3,
            3
        ]
    ],
    "RequiresLoopDispUn": [
        [
            true,
            false,
            false
        ]
    ]
}