{
    "nbody": 3,
    "n_int": 6144,
    "mass": [
        1.0,
        1.0,
        1.0
    ],
    "nloop": 1,
    "Action": 60.12204573262973,
    "Grad_Action": 1.3487019348897412e-14,
    "Newton_Error": 2.820862292047584e-14,
    "Min_Distance": 0.019193320235513043,
    "Max_PathLength": 3.390791784937371,
    "Hash": [
        60.12204573262973,
        28.09058372877818,
        43.11722903933415,
        90.83407117434716,
        251.7131345335692
    ],
    "xinf": -0.1284352191923813,
    "xsup": 0.10351812679732333,
    "yinf": -0.11597667299485226,
    "ysup": 0.11597667299485237,
    "loopnb": [
        3
    ],
    "Targets": [
        [
            0,
            1,
            2
        ]
    ],
    "SpaceRotsUn": [
        [
            [
                [
                    1.0,
                    0.0
                ],
                [
                    0.0,
                    1.0
                ]
            ],
            [
                [
                    1.0,
                    0.0
                ],
                [
                    0.0,
                    1.0
                ]
            ],
            [
                [
                    1.0,
                    0.0
                ],
                [
                    0.0,
                    1.0
                ]
            ]
        ]
    ],
    "TimeRevsUn": [
        [
            1,
            1,
            1
        ]
    ],
    "TimeShiftNumUn": [
        [
            0,
            1,
            2
        ]
    ],
    "TimeShiftDenUn": [
        [
            1,
            3,
            3
        ]
    ],
    "RequiresLoopDispUn": [
        [
            true,
            false,
            false
        ]
    ]
}