{
    "nbody": 3,
    "n_int": 12288,
    "mass": [
        1.0,
        1.0,
        1.0
    ],
    "nloop": 1,
    "Action": 72.7178604839211,
    "Grad_Action": 3.950176587296749e-14,
    "Newton_Error": 9.592359263497742e-14,
    "Min_Distance": 0.012034674392631306,
    "Max_PathLength": 3.638410757474073,
    "Hash": [
        72.7178604839211,
        32.67961435739617,
        50.60682597855184,
        115.61263486090851,
        371.4016937443689
    ],
    "xinf": -0.08529758583404345,
    "xsup": 0.12728034338565122,
    "yinf": -0.10628896460984724,
    "ysup": 0.10628896460984744,
    "loopnb": [
        3
    ],
    "Targets": [
        [
            0,
            1,
            2
        ]
    ],
    "SpaceRotsUn": [
        [
            [
                [
                    1.0,
                    0.0
                ],
                [
                    0.0,
                    1.0
                ]
            ],
            [
                [
                    1.0,
                    0.0
                ],
                [
                    0.0,
                    1.0
                ]
            ],
            [
                [
                    1.0,
                    0.0
                ],
                [
                    0.0,
                    1.0
                ]
            ]
        ]
    ],
    "TimeRevsUn": [
        [
            1,
            1,
            1
        ]
    ],
    "TimeShiftNumUn": [
        [
            0,
            1,
            2
        ]
    ],
    "TimeShiftDenUn": [
        [
            1,
            3,
            3
        ]
    ],
    "RequiresLoopDispUn": [
        [
            true,
            false,
            false
        ]
    ]
}