{
    "nbody": 3,
    "n_int": 12288,
    "mass": [
        1.0,
        1.0,
        1.0
    ],
    "nloop": 1,
    "Action": 87.50107725753453,
    "Grad_Action": 2.4416728589695966e-14,
    "Newton_Error": 7.183369531855066e-14,
    "Min_Distance": 0.013246867135921107,
    "Max_PathLength": 4.142713149964864,
    "Hash": [
        87.50107725753453,
        38.54489482570582,
        60.375075858344466,
        139.97754193006494,
        448.02177023269587
    ],
    "xinf": -0.07926646787370764,
    "xsup": 0.09216367264250577,
    "yinf": -0.08571507025810671,
    "ysup": 0.08571507025810671,
    "loopnb": [
        3
    ],
    "Targets": [
        [
            0,
            1,
            2
        ]
    ],
    "SpaceRotsUn": [
        [
            [
                [
                    1.0,
                    0.0
                ],
                [
                    0.0,
                    1.0
                ]
            ],
            [
                [
                    1.0,
                    0.0
                ],
                [
                    0.0,
                    1.0
                ]
            ],
            [
                [
                    1.0,
                    0.0
                ],
                [
                    0.0,
                    1.0
                ]
            ]
        ]
    ],
    "TimeRevsUn": [
        [
            1,
            1,
            1
        ]
    ],
    "TimeShiftNumUn": [
        [
            0,
            1,
            2
        ]
    ],
    "TimeShiftDenUn": [
        [
            1,
            3,
            3
        ]
    ],
    "RequiresLoopDispUn": [
        [
            true,
            false,
            false
        ]
    ]
}