{
    "nbody": 3,
    "n_int": 49152,
    "mass": [
        1.0,
        1.0,
        1.0
    ],
    "nloop": 1,
    "Action": 61.502542099591906,
    "Grad_Action": 1.9698978982802607e-14,
    "Newton_Error": 4.271932162442703e-14,
    "Min_Distance": 0.006167590264703881,
    "Max_PathLength": 3.447970410371094,
    "Hash": [
        61.502542099591906,
        28.8267246910373,
        44.35914869618812,
        91.83017449583495,
        246.26778172170157
    ],
    "xinf": -0.07797807042894374,
    "xsup": 0.08310163667609831,
    "yinf": -0.08053985355252091,
    "ysup": 0.08053985355252113,
    "loopnb": [
        3
    ],
    "Targets": [
        [
            0,
            1,
            2
        ]
    ],
    "SpaceRotsUn": [
        [
            [
                [
                    1.0,
                    0.0
                ],
                [
                    0.0,
                    1.0
                ]
            ],
            [
                [
                    1.0,
                    0.0
                ],
                [
                    0.0,
                    1.0
                ]
            ],
            [
                [
                    1.0,
                    0.0
                ],
                [
                    0.0,
                    1.0
                ]
            ]
        ]
    ],
    "TimeRevsUn": [
        [
            1,
            1,
            1
        ]
    ],
    "TimeShiftNumUn": [
        [
            0,
            1,
            2
        ]
    ],
    "TimeShiftDenUn": [
        [
            1,
            3,
            3
        ]
    ],
    "RequiresLoopDispUn": [
        [
            true,
            false,
            false
        ]
    ]
}