{
    "nbody": 3,
    "n_int": 49152,
    "mass": [
        1.0,
        1.0,
        1.0
    ],
    "nloop": 1,
    "Action": 77.95107820639971,
    "Grad_Action": 1.5962486291633265e-14,
    "Newton_Error": 1.3328217235863596e-14,
    "Min_Distance": 0.012803718915806854,
    "Max_PathLength": 3.764499203627151,
    "Hash": [
        77.95107820639971,
        34.86037226936288,
        54.26715215822823,
        123.31436810367047,
        386.73561109104793
    ],
    "xinf": -0.0986069184290955,
    "xsup": 0.07153412793566341,
    "yinf": -0.08507052318237943,
    "ysup": 0.08507052318237948,
    "loopnb": [
        3
    ],
    "Targets": [
        [
            0,
            1,
            2
        ]
    ],
    "SpaceRotsUn": [
        [
            [
                [
                    1.0,
                    0.0
                ],
                [
                    0.0,
                    1.0
                ]
            ],
            [
                [
                    1.0,
                    0.0
                ],
                [
                    0.0,
                    1.0
                ]
            ],
            [
                [
                    1.0,
                    0.0
                ],
                [
                    0.0,
                    1.0
                ]
            ]
        ]
    ],
    "TimeRevsUn": [
        [
            1,
            1,
            1
        ]
    ],
    "TimeShiftNumUn": [
        [
            0,
            1,
            2
        ]
    ],
    "TimeShiftDenUn": [
        [
            1,
            3,
            3
        ]
    ],
    "RequiresLoopDispUn": [
        [
            true,
            false,
            false
        ]
    ]
}