{
    "nbody": 3,
    "n_int": 24576,
    "mass": [
        1.0,
        1.0,
        1.0
    ],
    "nloop": 1,
    "Action": 87.38638214904086,
    "Grad_Action": 1.6818817619973115e-14,
    "Newton_Error": 2.061988874153626e-14,
    "Min_Distance": 0.009783751929439437,
    "Max_PathLength": 4.128064834763344,
    "Hash": [
        87.38638214904086,
        38.47443206027329,
        60.24979391168628,
        140.0255715696365,
        450.7689089935132
    ],
    "xinf": -0.10286880236189361,
    "xsup": 0.062163852839865856,
    "yinf": -0.08251632760087971,
    "ysup": 0.08251632760087976,
    "loopnb": [
        3
    ],
    "Targets": [
        [
            0,
            1,
            2
        ]
    ],
    "SpaceRotsUn": [
        [
            [
                [
                    1.0,
                    0.0
                ],
                [
                    0.0,
                    1.0
                ]
            ],
            [
                [
                    1.0,
                    0.0
                ],
                [
                    0.0,
                    1.0
                ]
            ],
            [
                [
                    1.0,
                    0.0
                ],
                [
                    0.0,
                    1.0
                ]
            ]
        ]
    ],
    "TimeRevsUn": [
        [
            1,
            1,
            1
        ]
    ],
    "TimeShiftNumUn": [
        [
            0,
            1,
            2
        ]
    ],
    "TimeShiftDenUn": [
        [
            1,
            3,
            3
        ]
    ],
    "RequiresLoopDispUn": [
        [
            true,
            false,
            false
        ]
    ]
}