{
    "nbody": 3,
    "n_int": 24576,
    "mass": [
        1.0,
        1.0,
        1.0
    ],
    "nloop": 1,
    "Action": 57.60473318926971,
    "Grad_Action": 2.793498649897973e-14,
    "Newton_Error": 2.4063985984762217e-14,
    "Min_Distance": 0.009374127960362364,
    "Max_PathLength": 3.222433126697211,
    "Hash": [
        57.60473318926971,
        27.103116053820948,
        41.442077516528016,
        86.92668703127654,
        244.55998202809803
    ],
    "xinf": -0.09263161329216828,
    "xsup": 0.11132215112725465,
    "yinf": -0.10197688220971143,
    "ysup": 0.10197688220971149,
    "loopnb": [
        3
    ],
    "Targets": [
        [
            0,
            1,
            2
        ]
    ],
    "SpaceRotsUn": [
        [
            [
                [
                    1.0,
                    0.0
                ],
                [
                    0.0,
                    1.0
                ]
            ],
            [
                [
                    1.0,
                    0.0
                ],
                [
                    0.0,
                    1.0
                ]
            ],
            [
                [
                    1.0,
                    0.0
                ],
                [
                    0.0,
                    1.0
                ]
            ]
        ]
    ],
    "TimeRevsUn": [
        [
            1,
            1,
            1
        ]
    ],
    "TimeShiftNumUn": [
        [
            0,
            1,
            2
        ]
    ],
    "TimeShiftDenUn": [
        [
            1,
            3,
            3
        ]
    ],
    "RequiresLoopDispUn": [
        [
            true,
            false,
            false
        ]
    ]
}