{
    "nbody": 3,
    "n_int": 6144,
    "mass": [
        1.0,
        1.0,
        1.0
    ],
    "nloop": 1,
    "Action": 74.87445710732122,
    "Grad_Action": 2.3650024438516715e-14,
    "Newton_Error": 6.426719190435392e-14,
    "Min_Distance": 0.01800624223912443,
    "Max_PathLength": 3.7774783665202754,
    "Hash": [
        74.87445710732122,
        33.49496547092087,
        51.99101274167283,
        119.12561010324177,
        378.3722773151951
    ],
    "xinf": -0.1444114614999063,
    "xsup": 0.11771352247905337,
    "yinf": -0.13106249198947978,
    "ysup": 0.1310624919894799,
    "loopnb": [
        3
    ],
    "Targets": [
        [
            0,
            1,
            2
        ]
    ],
    "SpaceRotsUn": [
        [
            [
                [
                    1.0,
                    0.0
                ],
                [
                    0.0,
                    1.0
                ]
            ],
            [
                [
                    1.0,
                    0.0
                ],
                [
                    0.0,
                    1.0
                ]
            ],
            [
                [
                    1.0,
                    0.0
                ],
                [
                    0.0,
                    1.0
                ]
            ]
        ]
    ],
    "TimeRevsUn": [
        [
            1,
            1,
            1
        ]
    ],
    "TimeShiftNumUn": [
        [
            0,
            1,
            2
        ]
    ],
    "TimeShiftDenUn": [
        [
            1,
            3,
            3
        ]
    ],
    "RequiresLoopDispUn": [
        [
            true,
            false,
            false
        ]
    ]
}