{
    "nbody": 3,
    "n_int": 6144,
    "mass": [
        1.0,
        1.0,
        1.0
    ],
    "nloop": 1,
    "Action": 63.70682771122175,
    "Grad_Action": 9.73276023937514e-15,
    "Newton_Error": 1.7261909114943702e-14,
    "Min_Distance": 0.018318641760369698,
    "Max_PathLength": 3.513841362175361,
    "Hash": [
        63.70682771122175,
        29.56091401619641,
        45.57232600789008,
        96.3886671194529,
        266.42277375284783
    ],
    "xinf": -0.07100378962581738,
    "xsup": 0.09999132783715653,
    "yinf": -0.08549755873148693,
    "ysup": 0.08549755873148698,
    "loopnb": [
        3
    ],
    "Targets": [
        [
            0,
            1,
            2
        ]
    ],
    "SpaceRotsUn": [
        [
            [
                [
                    1.0,
                    0.0
                ],
                [
                    0.0,
                    1.0
                ]
            ],
            [
                [
                    1.0,
                    0.0
                ],
                [
                    0.0,
                    1.0
                ]
            ],
            [
                [
                    1.0,
                    0.0
                ],
                [
                    0.0,
                    1.0
                ]
            ]
        ]
    ],
    "TimeRevsUn": [
        [
            1,
            1,
            1
        ]
    ],
    "TimeShiftNumUn": [
        [
            0,
            1,
            2
        ]
    ],
    "TimeShiftDenUn": [
        [
            1,
            3,
            3
        ]
    ],
    "RequiresLoopDispUn": [
        [
            true,
            false,
            false
        ]
    ]
}