{
    "nbody": 3,
    "n_int": 12288,
    "mass": [
        1.0,
        1.0,
        1.0
    ],
    "nloop": 1,
    "Action": 87.59879852545468,
    "Grad_Action": 1.578920964917272e-14,
    "Newton_Error": 1.8141579059882452e-14,
    "Min_Distance": 0.01332587648009941,
    "Max_PathLength": 4.180054429851776,
    "Hash": [
        87.59879852545468,
        38.592631636617575,
        60.471850915910345,
        139.8905767459713,
        443.61304665180273
    ],
    "xinf": -0.0838863840318466,
    "xsup": 0.05489854864086276,
    "yinf": -0.0693924663363546,
    "ysup": 0.06939246633635476,
    "loopnb": [
        3
    ],
    "Targets": [
        [
            0,
            1,
            2
        ]
    ],
    "SpaceRotsUn": [
        [
            [
                [
                    1.0,
                    0.0
                ],
                [
                    0.0,
                    1.0
                ]
            ],
            [
                [
                    1.0,
                    0.0
                ],
                [
                    0.0,
                    1.0
                ]
            ],
            [
                [
                    1.0,
                    0.0
                ],
                [
                    0.0,
                    1.0
                ]
            ]
        ]
    ],
    "TimeRevsUn": [
        [
            1,
            1,
            1
        ]
    ],
    "TimeShiftNumUn": [
        [
            0,
            1,
            2
        ]
    ],
    "TimeShiftDenUn": [
        [
            1,
            3,
            3
        ]
    ],
    "RequiresLoopDispUn": [
        [
            true,
            false,
            false
        ]
    ]
}