{
    "nbody": 3,
    "n_int": 24576,
    "mass": [
        1.0,
        1.0,
        1.0
    ],
    "nloop": 1,
    "Action": 86.77288328747825,
    "Grad_Action": 3.9050297995386115e-14,
    "Newton_Error": 7.270009017974777e-14,
    "Min_Distance": 0.007093132912790578,
    "Max_PathLength": 3.9163981999156086,
    "Hash": [
        86.77288328747825,
        37.98833305848919,
        59.33800844895644,
        141.50581772959615,
        481.89750682049026
    ],
    "xinf": -0.12005800860910579,
    "xsup": 0.07726911699008338,
    "yinf": -0.0986635627995945,
    "ysup": 0.09866356279959466,
    "loopnb": [
        3
    ],
    "Targets": [
        [
            0,
            1,
            2
        ]
    ],
    "SpaceRotsUn": [
        [
            [
                [
                    1.0,
                    0.0
                ],
                [
                    0.0,
                    1.0
                ]
            ],
            [
                [
                    1.0,
                    0.0
                ],
                [
                    0.0,
                    1.0
                ]
            ],
            [
                [
                    1.0,
                    0.0
                ],
                [
                    0.0,
                    1.0
                ]
            ]
        ]
    ],
    "TimeRevsUn": [
        [
            1,
            1,
            1
        ]
    ],
    "TimeShiftNumUn": [
        [
            0,
            1,
            2
        ]
    ],
    "TimeShiftDenUn": [
        [
            1,
            3,
            3
        ]
    ],
    "RequiresLoopDispUn": [
        [
            true,
            false,
            false
        ]
    ]
}