{
    "nbody": 3,
    "n_int": 3072,
    "mass": [
        1.0,
        1.0,
        1.0
    ],
    "nloop": 1,
    "Action": 31.85631988448844,
    "Grad_Action": 1.1713434706902886e-15,
    "Newton_Error": 1.5523607771300129e-15,
    "Min_Distance": 0.05744816442482229,
    "Max_PathLength": 2.5807934305901687,
    "Hash": [
        31.85631988448844,
        17.08330283299712,
        24.82952703062423,
        42.533728099287444,
        83.94848805539367
    ],
    "xinf": -0.1514592373194718,
    "xsup": 0.10417211363358164,
    "yinf": -0.12781567547652667,
    "ysup": 0.12781567547652678,
    "loopnb": [
        3
    ],
    "Targets": [
        [
            0,
            1,
            2
        ]
    ],
    "SpaceRotsUn": [
        [
            [
                [
                    1.0,
                    0.0
                ],
                [
                    0.0,
                    1.0
                ]
            ],
            [
                [
                    1.0,
                    0.0
                ],
                [
                    0.0,
                    1.0
                ]
            ],
            [
                [
                    1.0,
                    0.0
                ],
                [
                    0.0,
                    1.0
                ]
            ]
        ]
    ],
    "TimeRevsUn": [
        [
            1,
            1,
            1
        ]
    ],
    "TimeShiftNumUn": [
        [
            0,
            1,
            2
        ]
    ],
    "TimeShiftDenUn": [
        [
            1,
            3,
            3
        ]
    ],
    "RequiresLoopDispUn": [
        [
            true,
            false,
            false
        ]
    ]
}