{
    "nbody": 3,
    "n_int": 1572864,
    "mass": [
        1.0,
        1.0,
        1.0
    ],
    "nloop": 1,
    "Action": 86.86242540714554,
    "Grad_Action": 0.014639666558710086,
    "Newton_Error": 0.005543792347318182,
    "Min_Distance": 0.0028554089361036553,
    "Max_PathLength": 4.033250819216436,
    "Hash": [
        86.86242540714554,
        38.40091490033484,
        60.13223194794773,
        138.4801890501404,
        448.21410645228434
    ],
    "xinf": -0.06827474020067956,
    "xsup": 0.06267071111224945,
    "yinf": -0.06547272565646445,
    "ysup": 0.06547272565646456,
    "loopnb": [
        3
    ],
    "Targets": [
        [
            0,
            1,
            2
        ]
    ],
    "SpaceRotsUn": [
        [
            [
                [
                    1.0,
                    0.0
                ],
                [
                    0.0,
                    1.0
                ]
            ],
            [
                [
                    1.0,
                    0.0
                ],
                [
                    0.0,
                    1.0
                ]
            ],
            [
                [
                    1.0,
                    0.0
                ],
                [
                    0.0,
                    1.0
                ]
            ]
        ]
    ],
    "TimeRevsUn": [
        [
            1,
            1,
            1
        ]
    ],
    "TimeShiftNumUn": [
        [
            0,
            1,
            2
        ]
    ],
    "TimeShiftDenUn": [
        [
            1,
            3,
            3
        ]
    ],
    "RequiresLoopDispUn": [
        [
            true,
            false,
            false
        ]
    ]
}