{
    "nbody": 3,
    "n_int": 49152,
    "mass": [
        1.0,
        1.0,
        1.0
    ],
    "nloop": 1,
    "Action": 90.13014888343244,
    "Grad_Action": 9.588576129464076e-14,
    "Newton_Error": 1.0854854226867604e-13,
    "Min_Distance": 0.0058047920985697275,
    "Max_PathLength": 3.9853343042042524,
    "Hash": [
        90.13014888343244,
        39.212330170083646,
        61.26888997476173,
        148.91974899786047,
        534.3406952417237
    ],
    "xinf": -0.14080129277014472,
    "xsup": 0.07840329440030172,
    "yinf": -0.1096022935852233,
    "ysup": 0.10960229358522314,
    "loopnb": [
        3
    ],
    "Targets": [
        [
            0,
            1,
            2
        ]
    ],
    "SpaceRotsUn": [
        [
            [
                [
                    1.0,
                    0.0
                ],
                [
                    0.0,
                    1.0
                ]
            ],
            [
                [
                    1.0,
                    0.0
                ],
                [
                    0.0,
                    1.0
                ]
            ],
            [
                [
                    1.0,
                    0.0
                ],
                [
                    0.0,
                    1.0
                ]
            ]
        ]
    ],
    "TimeRevsUn": [
        [
            1,
            1,
            1
        ]
    ],
    "TimeShiftNumUn": [
        [
            0,
            1,
            2
        ]
    ],
    "TimeShiftDenUn": [
        [
            1,
            3,
            3
        ]
    ],
    "RequiresLoopDispUn": [
        [
            true,
            false,
            false
        ]
    ]
}