{
    "nbody": 3,
    "n_int": 12288,
    "mass": [
        1.0,
        1.0,
        1.0
    ],
    "nloop": 1,
    "Action": 78.68337083863067,
    "Grad_Action": 7.499977479218112e-15,
    "Newton_Error": 3.516212638878507e-14,
    "Min_Distance": 0.012696325886984678,
    "Max_PathLength": 3.922027695626733,
    "Hash": [
        78.68337083863067,
        35.320005940368596,
        55.11550791520705,
        122.67965250620776,
        364.6705365054065
    ],
    "xinf": -0.07319290694984118,
    "xsup": 0.0856330091871538,
    "yinf": -0.07941295806849735,
    "ysup": 0.07941295806849763,
    "loopnb": [
        3
    ],
    "Targets": [
        [
            0,
            1,
            2
        ]
    ],
    "SpaceRotsUn": [
        [
            [
                [
                    1.0,
                    0.0
                ],
                [
                    0.0,
                    1.0
                ]
            ],
            [
                [
                    1.0,
                    0.0
                ],
                [
                    0.0,
                    1.0
                ]
            ],
            [
                [
                    1.0,
                    0.0
                ],
                [
                    0.0,
                    1.0
                ]
            ]
        ]
    ],
    "TimeRevsUn": [
        [
            1,
            1,
            1
        ]
    ],
    "TimeShiftNumUn": [
        [
            0,
            1,
            2
        ]
    ],
    "TimeShiftDenUn": [
        [
            1,
            3,
            3
        ]
    ],
    "RequiresLoopDispUn": [
        [
            true,
            false,
            false
        ]
    ]
}