{
    "nbody": 3,
    "n_int": 49152,
    "mass": [
        1.0,
        1.0,
        1.0
    ],
    "nloop": 1,
    "Action": 78.68337083862987,
    "Grad_Action": 3.458657096588227e-14,
    "Newton_Error": 1.5078521426138712e-14,
    "Min_Distance": 0.012696325886984555,
    "Max_PathLength": 3.922072659888528,
    "Hash": [
        78.68337083862986,
        35.32000594036857,
        55.11550791520688,
        122.67965250620762,
        364.67053650540225
    ],
    "xinf": -0.07319288681874633,
    "xsup": 0.08563302931824932,
    "yinf": -0.07941295806849769,
    "ysup": 0.07941295806849796,
    "loopnb": [
        3
    ],
    "Targets": [
        [
            0,
            1,
            2
        ]
    ],
    "SpaceRotsUn": [
        [
            [
                [
                    1.0,
                    0.0
                ],
                [
                    0.0,
                    1.0
                ]
            ],
            [
                [
                    1.0,
                    0.0
                ],
                [
                    0.0,
                    1.0
                ]
            ],
            [
                [
                    1.0,
                    0.0
                ],
                [
                    0.0,
                    1.0
                ]
            ]
        ]
    ],
    "TimeRevsUn": [
        [
            1,
            1,
            1
        ]
    ],
    "TimeShiftNumUn": [
        [
            0,
            1,
            2
        ]
    ],
    "TimeShiftDenUn": [
        [
            1,
            3,
            3
        ]
    ],
    "RequiresLoopDispUn": [
        [
            true,
            false,
            false
        ]
    ]
}