{
    "nbody": 3,
    "n_int": 49152,
    "mass": [
        1.0,
        1.0,
        1.0
    ],
    "nloop": 1,
    "Action": 82.47871360764856,
    "Grad_Action": 1.345784585618597e-14,
    "Newton_Error": 1.5650553622432017e-14,
    "Min_Distance": 0.012980698167221217,
    "Max_PathLength": 3.8809630370684443,
    "Hash": [
        82.47871360764857,
        36.50476651352669,
        56.9522797841506,
        132.22948718762274,
        429.41547541932783
    ],
    "xinf": -0.1044857980952671,
    "xsup": 0.0711592545990949,
    "yinf": -0.08782252634718096,
    "ysup": 0.08782252634718105,
    "loopnb": [
        3
    ],
    "Targets": [
        [
            0,
            1,
            2
        ]
    ],
    "SpaceRotsUn": [
        [
            [
                [
                    1.0,
                    0.0
                ],
                [
                    0.0,
                    1.0
                ]
            ],
            [
                [
                    1.0,
                    0.0
                ],
                [
                    0.0,
                    1.0
                ]
            ],
            [
                [
                    1.0,
                    0.0
                ],
                [
                    0.0,
                    1.0
                ]
            ]
        ]
    ],
    "TimeRevsUn": [
        [
            1,
            1,
            1
        ]
    ],
    "TimeShiftNumUn": [
        [
            0,
            1,
            2
        ]
    ],
    "TimeShiftDenUn": [
        [
            1,
            3,
            3
        ]
    ],
    "RequiresLoopDispUn": [
        [
            true,
            false,
            false
        ]
    ]
}