{
    "nbody": 3,
    "n_int": 6144,
    "mass": [
        1.0,
        1.0,
        1.0
    ],
    "nloop": 1,
    "Action": 39.396767417827334,
    "Grad_Action": 6.2616738121317285e-15,
    "Newton_Error": 8.79802931047617e-15,
    "Min_Distance": 0.022538660164115175,
    "Max_PathLength": 2.765295645898062,
    "Hash": [
        39.396767417827334,
        19.95869206259439,
        29.625417804910185,
        55.66583740706388,
        130.56512711057005
    ],
    "xinf": -0.18303666962285906,
    "xsup": 0.11588983073553108,
    "yinf": -0.14946325017919512,
    "ysup": 0.149463250179195,
    "loopnb": [
        3
    ],
    "Targets": [
        [
            0,
            1,
            2
        ]
    ],
    "SpaceRotsUn": [
        [
            [
                [
                    1.0,
                    0.0
                ],
                [
                    0.0,
                    1.0
                ]
            ],
            [
                [
                    1.0,
                    0.0
                ],
                [
                    0.0,
                    1.0
                ]
            ],
            [
                [
                    1.0,
                    0.0
                ],
                [
                    0.0,
                    1.0
                ]
            ]
        ]
    ],
    "TimeRevsUn": [
        [
            1,
            1,
            1
        ]
    ],
    "TimeShiftNumUn": [
        [
            0,
            1,
            2
        ]
    ],
    "TimeShiftDenUn": [
        [
            1,
            3,
            3
        ]
    ],
    "RequiresLoopDispUn": [
        [
            true,
            false,
            false
        ]
    ]
}