{
    "nbody": 3,
    "n_int": 3072,
    "mass": [
        1.0,
        1.0,
        1.0
    ],
    "nloop": 1,
    "Action": 84.12129565430368,
    "Grad_Action": 1.0946817955649238e-14,
    "Newton_Error": 4.648131690598329e-14,
    "Min_Distance": 0.023163939349135496,
    "Max_PathLength": 4.12857494155082,
    "Hash": [
        84.12129565430368,
        37.43787129689685,
        58.65535305855643,
        131.75887181083542,
        392.5430141472043
    ],
    "xinf": -0.06360431246251924,
    "xsup": 0.06360431246251894,
    "yinf": -0.06360431246251896,
    "ysup": 0.06360431246251921,
    "loopnb": [
        3
    ],
    "Targets": [
        [
            0,
            1,
            2
        ]
    ],
    "SpaceRotsUn": [
        [
            [
                [
                    1.0,
                    0.0
                ],
                [
                    0.0,
                    1.0
                ]
            ],
            [
                [
                    1.0,
                    0.0
                ],
                [
                    0.0,
                    1.0
                ]
            ],
            [
                [
                    1.0,
                    0.0
                ],
                [
                    0.0,
                    1.0
                ]
            ]
        ]
    ],
    "TimeRevsUn": [
        [
            1,
            1,
            1
        ]
    ],
    "TimeShiftNumUn": [
        [
            0,
            1,
            2
        ]
    ],
    "TimeShiftDenUn": [
        [
            1,
            3,
            3
        ]
    ],
    "RequiresLoopDispUn": [
        [
            true,
            false,
            false
        ]
    ]
}