{
    "nbody": 3,
    "n_int": 49152,
    "mass": [
        1.0,
        1.0,
        1.0
    ],
    "nloop": 1,
    "Action": 68.63761837855853,
    "Grad_Action": 1.432208378179865e-13,
    "Newton_Error": 8.771735609771852e-14,
    "Min_Distance": 0.008818416154916601,
    "Max_PathLength": 3.5705757538236673,
    "Hash": [
        68.63761837855853,
        31.318246864784225,
        48.42500972359053,
        106.49680740543927,
        319.5886612539631
    ],
    "xinf": -0.13644196027172592,
    "xsup": 0.08128392629649298,
    "yinf": -0.10886294328410959,
    "ysup": 0.10886294328410931,
    "loopnb": [
        3
    ],
    "Targets": [
        [
            0,
            1,
            2
        ]
    ],
    "SpaceRotsUn": [
        [
            [
                [
                    1.0,
                    0.0
                ],
                [
                    0.0,
                    1.0
                ]
            ],
            [
                [
                    1.0,
                    0.0
                ],
                [
                    0.0,
                    1.0
                ]
            ],
            [
                [
                    1.0,
                    0.0
                ],
                [
                    0.0,
                    1.0
                ]
            ]
        ]
    ],
    "TimeRevsUn": [
        [
            1,
            1,
            1
        ]
    ],
    "TimeShiftNumUn": [
        [
            0,
            1,
            2
        ]
    ],
    "TimeShiftDenUn": [
        [
            1,
            3,
            3
        ]
    ],
    "RequiresLoopDispUn": [
        [
            true,
            false,
            false
        ]
    ]
}