{
    "nbody": 3,
    "n_int": 49152,
    "mass": [
        1.0,
        1.0,
        1.0
    ],
    "nloop": 1,
    "Action": 72.71973337629004,
    "Grad_Action": 7.733588430428702e-15,
    "Newton_Error": 9.874034290729517e-15,
    "Min_Distance": 0.010998985337966116,
    "Max_PathLength": 3.7542108021255447,
    "Hash": [
        72.71973337629004,
        33.018739830901,
        51.28481614249394,
        112.43395821964297,
        329.6559177740129
    ],
    "xinf": -0.08409991820160233,
    "xsup": 0.06867875600467903,
    "yinf": -0.07638933710314065,
    "ysup": 0.0763893371031407,
    "loopnb": [
        3
    ],
    "Targets": [
        [
            0,
            1,
            2
        ]
    ],
    "SpaceRotsUn": [
        [
            [
                [
                    1.0,
                    0.0
                ],
                [
                    0.0,
                    1.0
                ]
            ],
            [
                [
                    1.0,
                    0.0
                ],
                [
                    0.0,
                    1.0
                ]
            ],
            [
                [
                    1.0,
                    0.0
                ],
                [
                    0.0,
                    1.0
                ]
            ]
        ]
    ],
    "TimeRevsUn": [
        [
            1,
            1,
            1
        ]
    ],
    "TimeShiftNumUn": [
        [
            0,
            1,
            2
        ]
    ],
    "TimeShiftDenUn": [
        [
            1,
            3,
            3
        ]
    ],
    "RequiresLoopDispUn": [
        [
            true,
            false,
            false
        ]
    ]
}