{
    "nbody": 3,
    "n_int": 24576,
    "mass": [
        1.0,
        1.0,
        1.0
    ],
    "nloop": 1,
    "Action": 81.502258237334,
    "Grad_Action": 1.819361338658808e-14,
    "Newton_Error": 9.958160125052516e-14,
    "Min_Distance": 0.009304221475481447,
    "Max_PathLength": 3.9942367680801882,
    "Hash": [
        81.502258237334,
        36.43402985851228,
        56.96363357634093,
        127.45874419969812,
        382.4604011089462
    ],
    "xinf": -0.07988331057556358,
    "xsup": 0.05230334477447368,
    "yinf": -0.0660933276750184,
    "ysup": 0.06609332767501887,
    "loopnb": [
        3
    ],
    "Targets": [
        [
            0,
            1,
            2
        ]
    ],
    "SpaceRotsUn": [
        [
            [
                [
                    1.0,
                    0.0
                ],
                [
                    0.0,
                    1.0
                ]
            ],
            [
                [
                    1.0,
                    0.0
                ],
                [
                    0.0,
                    1.0
                ]
            ],
            [
                [
                    1.0,
                    0.0
                ],
                [
                    0.0,
                    1.0
                ]
            ]
        ]
    ],
    "TimeRevsUn": [
        [
            1,
            1,
            1
        ]
    ],
    "TimeShiftNumUn": [
        [
            0,
            1,
            2
        ]
    ],
    "TimeShiftDenUn": [
        [
            1,
            3,
            3
        ]
    ],
    "RequiresLoopDispUn": [
        [
            true,
            false,
            false
        ]
    ]
}