{
    "nbody": 3,
    "n_int": 12288,
    "mass": [
        1.0,
        1.0,
        1.0
    ],
    "nloop": 1,
    "Action": 86.98232501470012,
    "Grad_Action": 9.817601185250269e-15,
    "Newton_Error": 3.598160870565341e-14,
    "Min_Distance": 0.013741982097111648,
    "Max_PathLength": 4.176664836969985,
    "Hash": [
        86.98232501470012,
        38.55055583938885,
        60.495672490402086,
        136.76695397579238,
        412.3919879655822
    ],
    "xinf": -0.060968213926999096,
    "xsup": 0.061785460114840554,
    "yinf": -0.06137683702091984,
    "ysup": 0.06137683702091981,
    "loopnb": [
        3
    ],
    "Targets": [
        [
            0,
            1,
            2
        ]
    ],
    "SpaceRotsUn": [
        [
            [
                [
                    1.0,
                    0.0
                ],
                [
                    0.0,
                    1.0
                ]
            ],
            [
                [
                    1.0,
                    0.0
                ],
                [
                    0.0,
                    1.0
                ]
            ],
            [
                [
                    1.0,
                    0.0
                ],
                [
                    0.0,
                    1.0
                ]
            ]
        ]
    ],
    "TimeRevsUn": [
        [
            1,
            1,
            1
        ]
    ],
    "TimeShiftNumUn": [
        [
            0,
            1,
            2
        ]
    ],
    "TimeShiftDenUn": [
        [
            1,
            3,
            3
        ]
    ],
    "RequiresLoopDispUn": [
        [
            true,
            false,
            false
        ]
    ]
}