{
    "nbody": 3,
    "n_int": 98304,
    "mass": [
        1.0,
        1.0,
        1.0
    ],
    "nloop": 1,
    "Action": 89.87583632540861,
    "Grad_Action": 1.3136388823359591e-12,
    "Newton_Error": 1.5449952329263088e-11,
    "Min_Distance": 0.003367505902023627,
    "Max_PathLength": 3.7754692638907867,
    "Hash": [
        89.87583632540861,
        38.79905190883143,
        60.40235333298176,
        152.51560742605884,
        603.4416146721463
    ],
    "xinf": -0.18264630999892154,
    "xsup": 0.09807998703687607,
    "yinf": -0.14036314851789872,
    "ysup": 0.14036314851789888,
    "loopnb": [
        3
    ],
    "Targets": [
        [
            0,
            1,
            2
        ]
    ],
    "SpaceRotsUn": [
        [
            [
                [
                    1.0,
                    0.0
                ],
                [
                    0.0,
                    1.0
                ]
            ],
            [
                [
                    1.0,
                    0.0
                ],
                [
                    0.0,
                    1.0
                ]
            ],
            [
                [
                    1.0,
                    0.0
                ],
                [
                    0.0,
                    1.0
                ]
            ]
        ]
    ],
    "TimeRevsUn": [
        [
            1,
            1,
            1
        ]
    ],
    "TimeShiftNumUn": [
        [
            0,
            1,
            2
        ]
    ],
    "TimeShiftDenUn": [
        [
            1,
            3,
            3
        ]
    ],
    "RequiresLoopDispUn": [
        [
            true,
            false,
            false
        ]
    ]
}