{
    "nbody": 3,
    "n_int": 24576,
    "mass": [
        1.0,
        1.0,
        1.0
    ],
    "nloop": 1,
    "Action": 73.90340471711728,
    "Grad_Action": 2.7483673657154577e-14,
    "Newton_Error": 2.2719862196730272e-14,
    "Min_Distance": 0.010245844345275399,
    "Max_PathLength": 3.700340199188665,
    "Hash": [
        73.90340471711728,
        33.29827790739965,
        51.67285768442354,
        116.31442681923438,
        362.2850637048621
    ],
    "xinf": -0.11738014633312506,
    "xsup": 0.09401214016659541,
    "yinf": -0.10569614324986021,
    "ysup": 0.10569614324986026,
    "loopnb": [
        3
    ],
    "Targets": [
        [
            0,
            1,
            2
        ]
    ],
    "SpaceRotsUn": [
        [
            [
                [
                    1.0,
                    0.0
                ],
                [
                    0.0,
                    1.0
                ]
            ],
            [
                [
                    1.0,
                    0.0
                ],
                [
                    0.0,
                    1.0
                ]
            ],
            [
                [
                    1.0,
                    0.0
                ],
                [
                    0.0,
                    1.0
                ]
            ]
        ]
    ],
    "TimeRevsUn": [
        [
            1,
            1,
            1
        ]
    ],
    "TimeShiftNumUn": [
        [
            0,
            1,
            2
        ]
    ],
    "TimeShiftDenUn": [
        [
            1,
            3,
            3
        ]
    ],
    "RequiresLoopDispUn": [
        [
            true,
            false,
            false
        ]
    ]
}