{
    "nbody": 3,
    "n_int": 98304,
    "mass": [
        1.0,
        1.0,
        1.0
    ],
    "nloop": 1,
    "Action": 90.01961931573828,
    "Grad_Action": 3.8899436124809994e-13,
    "Newton_Error": 1.5585218871781475e-10,
    "Min_Distance": 0.0025036002828797334,
    "Max_PathLength": 3.8776123611034086,
    "Hash": [
        90.01961931573828,
        39.100084723922855,
        60.98540611668235,
        150.42578635707778,
        573.8734228709834
    ],
    "xinf": -0.14574425363097726,
    "xsup": 0.0787787142749917,
    "yinf": -0.11226148395298455,
    "ysup": 0.11226148395298441,
    "loopnb": [
        3
    ],
    "Targets": [
        [
            0,
            1,
            2
        ]
    ],
    "SpaceRotsUn": [
        [
            [
                [
                    1.0,
                    0.0
                ],
                [
                    0.0,
                    1.0
                ]
            ],
            [
                [
                    1.0,
                    0.0
                ],
                [
                    0.0,
                    1.0
                ]
            ],
            [
                [
                    1.0,
                    0.0
                ],
                [
                    0.0,
                    1.0
                ]
            ]
        ]
    ],
    "TimeRevsUn": [
        [
            1,
            1,
            1
        ]
    ],
    "TimeShiftNumUn": [
        [
            0,
            1,
            2
        ]
    ],
    "TimeShiftDenUn": [
        [
            1,
            3,
            3
        ]
    ],
    "RequiresLoopDispUn": [
        [
            true,
            false,
            false
        ]
    ]
}