{
    "nbody": 3,
    "n_int": 24576,
    "mass": [
        1.0,
        1.0,
        1.0
    ],
    "nloop": 1,
    "Action": 84.0694792910175,
    "Grad_Action": 3.82138494918573e-14,
    "Newton_Error": 8.554036110581964e-14,
    "Min_Distance": 0.007350593262046881,
    "Max_PathLength": 3.9658098863826967,
    "Hash": [
        84.0694792910175,
        37.33315904878059,
        58.39803200757433,
        133.05754761968137,
        415.94102293352745
    ],
    "xinf": -0.07915657829402559,
    "xsup": 0.06719623652018825,
    "yinf": -0.0731764074071069,
    "ysup": 0.07317640740710693,
    "loopnb": [
        3
    ],
    "Targets": [
        [
            0,
            1,
            2
        ]
    ],
    "SpaceRotsUn": [
        [
            [
                [
                    1.0,
                    0.0
                ],
                [
                    0.0,
                    1.0
                ]
            ],
            [
                [
                    1.0,
                    0.0
                ],
                [
                    0.0,
                    1.0
                ]
            ],
            [
                [
                    1.0,
                    0.0
                ],
                [
                    0.0,
                    1.0
                ]
            ]
        ]
    ],
    "TimeRevsUn": [
        [
            1,
            1,
            1
        ]
    ],
    "TimeShiftNumUn": [
        [
            0,
            1,
            2
        ]
    ],
    "TimeShiftDenUn": [
        [
            1,
            3,
            3
        ]
    ],
    "RequiresLoopDispUn": [
        [
            true,
            false,
            false
        ]
    ]
}