{
    "nbody": 3,
    "n_int": 196608,
    "mass": [
        1.0,
        1.0,
        1.0
    ],
    "nloop": 1,
    "Action": 77.68595959652643,
    "Grad_Action": 1.7894853612882572e-14,
    "Newton_Error": 2.0070747787234212e-14,
    "Min_Distance": 0.006433911879865109,
    "Max_PathLength": 3.6455968031150285,
    "Hash": [
        77.68595959652643,
        34.70075500236064,
        53.94067486478317,
        123.8875212829035,
        404.2393124977771
    ],
    "xinf": -0.12023879505348459,
    "xsup": 0.06921729818822306,
    "yinf": -0.09472804662085385,
    "ysup": 0.0947280466208538,
    "loopnb": [
        3
    ],
    "Targets": [
        [
            0,
            1,
            2
        ]
    ],
    "SpaceRotsUn": [
        [
            [
                [
                    1.0,
                    0.0
                ],
                [
                    0.0,
                    1.0
                ]
            ],
            [
                [
                    1.0,
                    0.0
                ],
                [
                    0.0,
                    1.0
                ]
            ],
            [
                [
                    1.0,
                    0.0
                ],
                [
                    0.0,
                    1.0
                ]
            ]
        ]
    ],
    "TimeRevsUn": [
        [
            1,
            1,
            1
        ]
    ],
    "TimeShiftNumUn": [
        [
            0,
            1,
            2
        ]
    ],
    "TimeShiftDenUn": [
        [
            1,
            3,
            3
        ]
    ],
    "RequiresLoopDispUn": [
        [
            true,
            false,
            false
        ]
    ]
}