{
    "nbody": 3,
    "n_int": 98304,
    "mass": [
        1.0,
        1.0,
        1.0
    ],
    "nloop": 1,
    "Action": 86.65819357058174,
    "Grad_Action": 7.06232905108181e-13,
    "Newton_Error": 6.2307454363437744e-12,
    "Min_Distance": 0.003289818355222761,
    "Max_PathLength": 3.744858830373064,
    "Hash": [
        86.65819357058174,
        37.76067809777908,
        58.74916442447644,
        144.90681992285027,
        553.5592166458428
    ],
    "xinf": -0.15589697266072114,
    "xsup": 0.0849729136418109,
    "yinf": -0.12043494315126593,
    "ysup": 0.1204349431512661,
    "loopnb": [
        3
    ],
    "Targets": [
        [
            0,
            1,
            2
        ]
    ],
    "SpaceRotsUn": [
        [
            [
                [
                    1.0,
                    0.0
                ],
                [
                    0.0,
                    1.0
                ]
            ],
            [
                [
                    1.0,
                    0.0
                ],
                [
                    0.0,
                    1.0
                ]
            ],
            [
                [
                    1.0,
                    0.0
                ],
                [
                    0.0,
                    1.0
                ]
            ]
        ]
    ],
    "TimeRevsUn": [
        [
            1,
            1,
            1
        ]
    ],
    "TimeShiftNumUn": [
        [
            0,
            1,
            2
        ]
    ],
    "TimeShiftDenUn": [
        [
            1,
            3,
            3
        ]
    ],
    "RequiresLoopDispUn": [
        [
            true,
            false,
            false
        ]
    ]
}