{
    "nbody": 3,
    "n_int": 24576,
    "mass": [
        1.0,
        1.0,
        1.0
    ],
    "nloop": 1,
    "Action": 83.93930704115047,
    "Grad_Action": 3.8171457956371517e-14,
    "Newton_Error": 3.630289252198073e-10,
    "Min_Distance": 0.005899621335251461,
    "Max_PathLength": 3.881070038301957,
    "Hash": [
        83.93930704115047,
        37.12262143632797,
        57.97900890307192,
        134.48042137971103,
        437.7895280726168
    ],
    "xinf": -0.08711998400083504,
    "xsup": 0.10568333398059032,
    "yinf": -0.09640165899071274,
    "ysup": 0.09640165899071262,
    "loopnb": [
        3
    ],
    "Targets": [
        [
            0,
            1,
            2
        ]
    ],
    "SpaceRotsUn": [
        [
            [
                [
                    1.0,
                    0.0
                ],
                [
                    0.0,
                    1.0
                ]
            ],
            [
                [
                    1.0,
                    0.0
                ],
                [
                    0.0,
                    1.0
                ]
            ],
            [
                [
                    1.0,
                    0.0
                ],
                [
                    0.0,
                    1.0
                ]
            ]
        ]
    ],
    "TimeRevsUn": [
        [
            1,
            1,
            1
        ]
    ],
    "TimeShiftNumUn": [
        [
            0,
            1,
            2
        ]
    ],
    "TimeShiftDenUn": [
        [
            1,
            3,
            3
        ]
    ],
    "RequiresLoopDispUn": [
        [
            true,
            false,
            false
        ]
    ]
}