{
    "nbody": 3,
    "n_int": 393216,
    "mass": [
        1.0,
        1.0,
        1.0
    ],
    "nloop": 1,
    "Action": 72.750331758529,
    "Grad_Action": 0.00302603728846782,
    "Newton_Error": 0.0005097376853987457,
    "Min_Distance": 0.004041762989555585,
    "Max_PathLength": 3.5840091217591503,
    "Hash": [
        72.750331758529,
        32.93831107768918,
        51.0547544916097,
        114.098640449337,
        359.1901864494782
    ],
    "xinf": -0.09925918896667194,
    "xsup": 0.06711915910494395,
    "yinf": -0.08318917403580814,
    "ysup": 0.08318917403580775,
    "loopnb": [
        3
    ],
    "Targets": [
        [
            0,
            1,
            2
        ]
    ],
    "SpaceRotsUn": [
        [
            [
                [
                    1.0,
                    0.0
                ],
                [
                    0.0,
                    1.0
                ]
            ],
            [
                [
                    1.0,
                    0.0
                ],
                [
                    0.0,
                    1.0
                ]
            ],
            [
                [
                    1.0,
                    0.0
                ],
                [
                    0.0,
                    1.0
                ]
            ]
        ]
    ],
    "TimeRevsUn": [
        [
            1,
            1,
            1
        ]
    ],
    "TimeShiftNumUn": [
        [
            0,
            1,
            2
        ]
    ],
    "TimeShiftDenUn": [
        [
            1,
            3,
            3
        ]
    ],
    "RequiresLoopDispUn": [
        [
            true,
            false,
            false
        ]
    ]
}