{
    "nbody": 3,
    "n_int": 24576,
    "mass": [
        1.0,
        1.0,
        1.0
    ],
    "nloop": 1,
    "Action": 83.1135362805827,
    "Grad_Action": 8.617484950288071e-14,
    "Newton_Error": 2.572239207491901e-13,
    "Min_Distance": 0.0075288490822614275,
    "Max_PathLength": 3.6768785166771463,
    "Hash": [
        83.1135362805827,
        35.85245716010159,
        55.574670597599734,
        142.01996972196784,
        556.2717232392122
    ],
    "xinf": -0.2392181493317842,
    "xsup": 0.1283197171575039,
    "yinf": -0.18376893324464413,
    "ysup": 0.18376893324464397,
    "loopnb": [
        3
    ],
    "Targets": [
        [
            0,
            1,
            2
        ]
    ],
    "SpaceRotsUn": [
        [
            [
                [
                    1.0,
                    0.0
                ],
                [
                    0.0,
                    1.0
                ]
            ],
            [
                [
                    1.0,
                    0.0
                ],
                [
                    0.0,
                    1.0
                ]
            ],
            [
                [
                    1.0,
                    0.0
                ],
                [
                    0.0,
                    1.0
                ]
            ]
        ]
    ],
    "TimeRevsUn": [
        [
            1,
            1,
            1
        ]
    ],
    "TimeShiftNumUn": [
        [
            0,
            1,
            2
        ]
    ],
    "TimeShiftDenUn": [
        [
            1,
            3,
            3
        ]
    ],
    "RequiresLoopDispUn": [
        [
            true,
            false,
            false
        ]
    ]
}