{
    "nbody": 3,
    "n_int": 196608,
    "mass": [
        1.0,
        1.0,
        1.0
    ],
    "nloop": 1,
    "Action": 78.09758949939472,
    "Grad_Action": 5.142167475308454e-14,
    "Newton_Error": 2.5280955677027845e-11,
    "Min_Distance": 0.001681688921096616,
    "Max_PathLength": 3.687303815222975,
    "Hash": [
        78.09758949939472,
        34.98916551110372,
        54.41575006982514,
        124.02854791666412,
        409.71757820030075
    ],
    "xinf": -0.09456643166572525,
    "xsup": 0.05937106255799253,
    "yinf": -0.07696874711185887,
    "ysup": 0.0769687471118589,
    "loopnb": [
        3
    ],
    "Targets": [
        [
            0,
            1,
            2
        ]
    ],
    "SpaceRotsUn": [
        [
            [
                [
                    1.0,
                    0.0
                ],
                [
                    0.0,
                    1.0
                ]
            ],
            [
                [
                    1.0,
                    0.0
                ],
                [
                    0.0,
                    1.0
                ]
            ],
            [
                [
                    1.0,
                    0.0
                ],
                [
                    0.0,
                    1.0
                ]
            ]
        ]
    ],
    "TimeRevsUn": [
        [
            1,
            1,
            1
        ]
    ],
    "TimeShiftNumUn": [
        [
            0,
            1,
            2
        ]
    ],
    "TimeShiftDenUn": [
        [
            1,
            3,
            3
        ]
    ],
    "RequiresLoopDispUn": [
        [
            true,
            false,
            false
        ]
    ]
}