{
    "nbody": 3,
    "n_int": 12288,
    "mass": [
        1.0,
        1.0,
        1.0
    ],
    "nloop": 1,
    "Action": 83.11839613337472,
    "Grad_Action": 4.056706812558542e-14,
    "Newton_Error": 5.553608781891201e-13,
    "Min_Distance": 0.009840904384916815,
    "Max_PathLength": 3.7465595391577993,
    "Hash": [
        83.11839613337472,
        35.86233029940337,
        55.63959243507322,
        141.41624290772253,
        542.0302013676304
    ],
    "xinf": -0.2420251316051227,
    "xsup": 0.13040119271608555,
    "yinf": -0.18621316216060424,
    "ysup": 0.18621316216060402,
    "loopnb": [
        3
    ],
    "Targets": [
        [
            0,
            1,
            2
        ]
    ],
    "SpaceRotsUn": [
        [
            [
                [
                    1.0,
                    0.0
                ],
                [
                    0.0,
                    1.0
                ]
            ],
            [
                [
                    1.0,
                    0.0
                ],
                [
                    0.0,
                    1.0
                ]
            ],
            [
                [
                    1.0,
                    0.0
                ],
                [
                    0.0,
                    1.0
                ]
            ]
        ]
    ],
    "TimeRevsUn": [
        [
            1,
            1,
            1
        ]
    ],
    "TimeShiftNumUn": [
        [
            0,
            1,
            2
        ]
    ],
    "TimeShiftDenUn": [
        [
            1,
            3,
            3
        ]
    ],
    "RequiresLoopDispUn": [
        [
            true,
            false,
            false
        ]
    ]
}