{
    "nbody": 3,
    "n_int": 6144,
    "mass": [
        1.0,
        1.0,
        1.0
    ],
    "nloop": 1,
    "Action": 79.1597997082505,
    "Grad_Action": 1.664960925499879e-14,
    "Newton_Error": 9.346450650655748e-14,
    "Min_Distance": 0.01590126244533357,
    "Max_PathLength": 3.9540285213011064,
    "Hash": [
        79.1597997082505,
        35.581782228329836,
        55.58518173333588,
        122.70625914403566,
        356.98516264478343
    ],
    "xinf": -0.06978119238361712,
    "xsup": 0.07266237691051368,
    "yinf": -0.07122178464706533,
    "ysup": 0.07122178464706547,
    "loopnb": [
        3
    ],
    "Targets": [
        [
            0,
            1,
            2
        ]
    ],
    "SpaceRotsUn": [
        [
            [
                [
                    1.0,
                    0.0
                ],
                [
                    0.0,
                    1.0
                ]
            ],
            [
                [
                    1.0,
                    0.0
                ],
                [
                    0.0,
                    1.0
                ]
            ],
            [
                [
                    1.0,
                    0.0
                ],
                [
                    0.0,
                    1.0
                ]
            ]
        ]
    ],
    "TimeRevsUn": [
        [
            1,
            1,
            1
        ]
    ],
    "TimeShiftNumUn": [
        [
            0,
            1,
            2
        ]
    ],
    "TimeShiftDenUn": [
        [
            1,
            3,
            3
        ]
    ],
    "RequiresLoopDispUn": [
        [
            true,
            false,
            false
        ]
    ]
}