{
    "nbody": 3,
    "n_int": 24576,
    "mass": [
        1.0,
        1.0,
        1.0
    ],
    "nloop": 1,
    "Action": 82.80548426695631,
    "Grad_Action": 1.637626560227147e-14,
    "Newton_Error": 1.9974814308574164e-14,
    "Min_Distance": 0.012557471191899454,
    "Max_PathLength": 3.9650574953177022,
    "Hash": [
        82.80548426695631,
        36.77418548488282,
        57.457453469432025,
        131.3787101702361,
        412.7467062485816
    ],
    "xinf": -0.09834715793873973,
    "xsup": 0.07722792022047391,
    "yinf": -0.08778753907960687,
    "ysup": 0.08778753907960676,
    "loopnb": [
        3
    ],
    "Targets": [
        [
            0,
            1,
            2
        ]
    ],
    "SpaceRotsUn": [
        [
            [
                [
                    1.0,
                    0.0
                ],
                [
                    0.0,
                    1.0
                ]
            ],
            [
                [
                    1.0,
                    0.0
                ],
                [
                    0.0,
                    1.0
                ]
            ],
            [
                [
                    1.0,
                    0.0
                ],
                [
                    0.0,
                    1.0
                ]
            ]
        ]
    ],
    "TimeRevsUn": [
        [
            1,
            1,
            1
        ]
    ],
    "TimeShiftNumUn": [
        [
            0,
            1,
            2
        ]
    ],
    "TimeShiftDenUn": [
        [
            1,
            3,
            3
        ]
    ],
    "RequiresLoopDispUn": [
        [
            true,
            false,
            false
        ]
    ]
}