{
    "nbody": 3,
    "n_int": 24576,
    "mass": [
        1.0,
        1.0,
        1.0
    ],
    "nloop": 1,
    "Action": 81.60867988043306,
    "Grad_Action": 3.9597719838181565e-14,
    "Newton_Error": 6.386216021219978e-14,
    "Min_Distance": 0.00853486593913929,
    "Max_PathLength": 3.7665781407532095,
    "Hash": [
        81.60867988043306,
        35.88632505109657,
        55.782676845110515,
        133.9279423006519,
        472.23225937257973
    ],
    "xinf": -0.0834077391880178,
    "xsup": 0.13115539318396777,
    "yinf": -0.10728156618599274,
    "ysup": 0.10728156618599283,
    "loopnb": [
        3
    ],
    "Targets": [
        [
            0,
            1,
            2
        ]
    ],
    "SpaceRotsUn": [
        [
            [
                [
                    1.0,
                    0.0
                ],
                [
                    0.0,
                    1.0
                ]
            ],
            [
                [
                    1.0,
                    0.0
                ],
                [
                    0.0,
                    1.0
                ]
            ],
            [
                [
                    1.0,
                    0.0
                ],
                [
                    0.0,
                    1.0
                ]
            ]
        ]
    ],
    "TimeRevsUn": [
        [
            1,
            1,
            1
        ]
    ],
    "TimeShiftNumUn": [
        [
            0,
            1,
            2
        ]
    ],
    "TimeShiftDenUn": [
        [
            1,
            3,
            3
        ]
    ],
    "RequiresLoopDispUn": [
        [
            true,
            false,
            false
        ]
    ]
}