{
    "nbody": 3,
    "n_int": 49152,
    "mass": [
        1.0,
        1.0,
        1.0
    ],
    "nloop": 1,
    "Action": 87.76189986222565,
    "Grad_Action": 2.336837231626843e-14,
    "Newton_Error": 5.027892468942558e-13,
    "Min_Distance": 0.004402806181627297,
    "Max_PathLength": 3.9389680830136724,
    "Hash": [
        87.76189986222565,
        38.54617443018885,
        60.227328642420346,
        142.71154294112532,
        494.8484423483322
    ],
    "xinf": -0.07935761346430946,
    "xsup": 0.06374256388306539,
    "yinf": -0.07155008867368753,
    "ysup": 0.07155008867368731,
    "loopnb": [
        3
    ],
    "Targets": [
        [
            0,
            1,
            2
        ]
    ],
    "SpaceRotsUn": [
        [
            [
                [
                    1.0,
                    0.0
                ],
                [
                    0.0,
                    1.0
                ]
            ],
            [
                [
                    1.0,
                    0.0
                ],
                [
                    0.0,
                    1.0
                ]
            ],
            [
                [
                    1.0,
                    0.0
                ],
                [
                    0.0,
                    1.0
                ]
            ]
        ]
    ],
    "TimeRevsUn": [
        [
            1,
            1,
            1
        ]
    ],
    "TimeShiftNumUn": [
        [
            0,
            1,
            2
        ]
    ],
    "TimeShiftDenUn": [
        [
            1,
            3,
            3
        ]
    ],
    "RequiresLoopDispUn": [
        [
            true,
            false,
            false
        ]
    ]
}