{
    "nbody": 3,
    "n_int": 12288,
    "mass": [
        1.0,
        1.0,
        1.0
    ],
    "nloop": 1,
    "Action": 70.68815649278915,
    "Grad_Action": 3.9370167981126164e-14,
    "Newton_Error": 6.650349307507285e-14,
    "Min_Distance": 0.012916273513535597,
    "Max_PathLength": 3.512483158176051,
    "Hash": [
        70.68815649278915,
        31.396951585256073,
        48.43579586560216,
        115.70345570658486,
        401.0326742960811
    ],
    "xinf": -0.23618245845161562,
    "xsup": 0.12976513422997782,
    "yinf": -0.18297379634079664,
    "ysup": 0.1829737963407968,
    "loopnb": [
        3
    ],
    "Targets": [
        [
            0,
            1,
            2
        ]
    ],
    "SpaceRotsUn": [
        [
            [
                [
                    1.0,
                    0.0
                ],
                [
                    0.0,
                    1.0
                ]
            ],
            [
                [
                    1.0,
                    0.0
                ],
                [
                    0.0,
                    1.0
                ]
            ],
            [
                [
                    1.0,
                    0.0
                ],
                [
                    0.0,
                    1.0
                ]
            ]
        ]
    ],
    "TimeRevsUn": [
        [
            1,
            1,
            1
        ]
    ],
    "TimeShiftNumUn": [
        [
            0,
            1,
            2
        ]
    ],
    "TimeShiftDenUn": [
        [
            1,
            3,
            3
        ]
    ],
    "RequiresLoopDispUn": [
        [
            true,
            false,
            false
        ]
    ]
}