{
    "nbody": 3,
    "n_int": 24576,
    "mass": [
        1.0,
        1.0,
        1.0
    ],
    "nloop": 1,
    "Action": 56.61414998366932,
    "Grad_Action": 3.711231347649081e-14,
    "Newton_Error": 3.304678155848784e-14,
    "Min_Distance": 0.011642105744225641,
    "Max_PathLength": 3.1503947811293447,
    "Hash": [
        56.61414998366932,
        26.304701492733916,
        40.09506020437353,
        88.08927239185944,
        271.0724204301382
    ],
    "xinf": -0.2171579593933012,
    "xsup": 0.12269262109093823,
    "yinf": -0.16992529024211978,
    "ysup": 0.16992529024211966,
    "loopnb": [
        3
    ],
    "Targets": [
        [
            0,
            1,
            2
        ]
    ],
    "SpaceRotsUn": [
        [
            [
                [
                    1.0,
                    0.0
                ],
                [
                    0.0,
                    1.0
                ]
            ],
            [
                [
                    1.0,
                    0.0
                ],
                [
                    0.0,
                    1.0
                ]
            ],
            [
                [
                    1.0,
                    0.0
                ],
                [
                    0.0,
                    1.0
                ]
            ]
        ]
    ],
    "TimeRevsUn": [
        [
            1,
            1,
            1
        ]
    ],
    "TimeShiftNumUn": [
        [
            0,
            1,
            2
        ]
    ],
    "TimeShiftDenUn": [
        [
            1,
            3,
            3
        ]
    ],
    "RequiresLoopDispUn": [
        [
            true,
            false,
            false
        ]
    ]
}