{
    "nbody": 3,
    "n_int": 49152,
    "mass": [
        1.0,
        1.0,
        1.0
    ],
    "nloop": 1,
    "Action": 42.32527582224283,
    "Grad_Action": 2.7719893659880993e-11,
    "Newton_Error": 2.689264506397227e-12,
    "Min_Distance": 0.043227530865641836,
    "Max_PathLength": 2.851447111082538,
    "Hash": [
        42.32527582224283,
        21.35220380052141,
        31.948764007380856,
        58.97753612902938,
        129.45606358925846
    ],
    "xinf": -0.09920167035604968,
    "xsup": 0.10061356391742088,
    "yinf": -0.09990761713673528,
    "ysup": 0.09990761713673528,
    "loopnb": [
        3
    ],
    "Targets": [
        [
            0,
            1,
            2
        ]
    ],
    "SpaceRotsUn": [
        [
            [
                [
                    1.0,
                    0.0
                ],
                [
                    0.0,
                    1.0
                ]
            ],
            [
                [
                    1.0,
                    0.0
                ],
                [
                    0.0,
                    1.0
                ]
            ],
            [
                [
                    1.0,
                    0.0
                ],
                [
                    0.0,
                    1.0
                ]
            ]
        ]
    ],
    "TimeRevsUn": [
        [
            1,
            1,
            1
        ]
    ],
    "TimeShiftNumUn": [
        [
            0,
            1,
            2
        ]
    ],
    "TimeShiftDenUn": [
        [
            1,
            3,
            3
        ]
    ],
    "RequiresLoopDispUn": [
        [
            true,
            false,
            false
        ]
    ]
}