{
    "nbody": 3,
    "n_int": 6144,
    "mass": [
        1.0,
        1.0,
        1.0
    ],
    "nloop": 1,
    "Action": 87.55202940461385,
    "Grad_Action": 1.7480567339900004e-14,
    "Newton_Error": 4.340276059070291e-14,
    "Min_Distance": 0.017719224797445084,
    "Max_PathLength": 4.17989007665963,
    "Hash": [
        87.55202940461386,
        38.576166962520105,
        60.44710373243722,
        139.77141940838365,
        442.5800813830804
    ],
    "xinf": -0.08246664776778877,
    "xsup": 0.058917308715700736,
    "yinf": -0.07069197824174468,
    "ysup": 0.07069197824174482,
    "loopnb": [
        3
    ],
    "Targets": [
        [
            0,
            1,
            2
        ]
    ],
    "SpaceRotsUn": [
        [
            [
                [
                    1.0,
                    0.0
                ],
                [
                    0.0,
                    1.0
                ]
            ],
            [
                [
                    1.0,
                    0.0
                ],
                [
                    0.0,
                    1.0
                ]
            ],
            [
                [
                    1.0,
                    0.0
                ],
                [
                    0.0,
                    1.0
                ]
            ]
        ]
    ],
    "TimeRevsUn": [
        [
            1,
            1,
            1
        ]
    ],
    "TimeShiftNumUn": [
        [
            0,
            1,
            2
        ]
    ],
    "TimeShiftDenUn": [
        [
            1,
            3,
            3
        ]
    ],
    "RequiresLoopDispUn": [
        [
            true,
            false,
            false
        ]
    ]
}