{
    "nbody": 3,
    "n_int": 12288,
    "mass": [
        1.0,
        1.0,
        1.0
    ],
    "nloop": 1,
    "Action": 86.37743457679318,
    "Grad_Action": 9.042400193830354e-15,
    "Newton_Error": 1.5491498870120958e-13,
    "Min_Distance": 0.010378856746429056,
    "Max_PathLength": 4.104845863325122,
    "Hash": [
        86.37743457679318,
        38.21992811611817,
        59.88737171172433,
        136.8861872077869,
        425.74595738156506
    ],
    "xinf": -0.07883432872320627,
    "xsup": 0.07339540965253673,
    "yinf": -0.07611486918787147,
    "ysup": 0.07611486918787153,
    "loopnb": [
        3
    ],
    "Targets": [
        [
            0,
            1,
            2
        ]
    ],
    "SpaceRotsUn": [
        [
            [
                [
                    1.0,
                    0.0
                ],
                [
                    0.0,
                    1.0
                ]
            ],
            [
                [
                    1.0,
                    0.0
                ],
                [
                    0.0,
                    1.0
                ]
            ],
            [
                [
                    1.0,
                    0.0
                ],
                [
                    0.0,
                    1.0
                ]
            ]
        ]
    ],
    "TimeRevsUn": [
        [
            1,
            1,
            1
        ]
    ],
    "TimeShiftNumUn": [
        [
            0,
            1,
            2
        ]
    ],
    "TimeShiftDenUn": [
        [
            1,
            3,
            3
        ]
    ],
    "RequiresLoopDispUn": [
        [
            true,
            false,
            false
        ]
    ]
}