{
    "nbody": 3,
    "n_int": 98304,
    "mass": [
        1.0,
        1.0,
        1.0
    ],
    "nloop": 1,
    "Action": 87.56774225322802,
    "Grad_Action": 1.8084505659128498e-14,
    "Newton_Error": 4.371934372825303e-14,
    "Min_Distance": 0.004356277263689694,
    "Max_PathLength": 4.0636494588093575,
    "Hash": [
        87.56774225322802,
        38.49949369360882,
        60.25269243726772,
        141.03949387166978,
        464.5145206128089
    ],
    "xinf": -0.10327573399300538,
    "xsup": 0.07947426805356306,
    "yinf": -0.09137500102328433,
    "ysup": 0.09137500102328411,
    "loopnb": [
        3
    ],
    "Targets": [
        [
            0,
            1,
            2
        ]
    ],
    "SpaceRotsUn": [
        [
            [
                [
                    1.0,
                    0.0
                ],
                [
                    0.0,
                    1.0
                ]
            ],
            [
                [
                    1.0,
                    0.0
                ],
                [
                    0.0,
                    1.0
                ]
            ],
            [
                [
                    1.0,
                    0.0
                ],
                [
                    0.0,
                    1.0
                ]
            ]
        ]
    ],
    "TimeRevsUn": [
        [
            1,
            1,
            1
        ]
    ],
    "TimeShiftNumUn": [
        [
            0,
            1,
            2
        ]
    ],
    "TimeShiftDenUn": [
        [
            1,
            3,
            3
        ]
    ],
    "RequiresLoopDispUn": [
        [
            true,
            false,
            false
        ]
    ]
}