{
    "nbody": 3,
    "n_int": 3072,
    "mass": [
        1.0,
        1.0,
        1.0
    ],
    "nloop": 1,
    "Action": 36.92667885096943,
    "Grad_Action": 2.4146625311003967e-15,
    "Newton_Error": 3.0389794719652498e-15,
    "Min_Distance": 0.03911209656598446,
    "Max_PathLength": 2.709297934572417,
    "Hash": [
        36.92667885096943,
        19.14357087864056,
        28.25757360033927,
        50.60160189358409,
        107.3229839172742
    ],
    "xinf": -0.0992563476265294,
    "xsup": 0.11281400836034272,
    "yinf": -0.10603517799343606,
    "ysup": 0.10603517799343606,
    "loopnb": [
        3
    ],
    "Targets": [
        [
            0,
            1,
            2
        ]
    ],
    "SpaceRotsUn": [
        [
            [
                [
                    1.0,
                    0.0
                ],
                [
                    0.0,
                    1.0
                ]
            ],
            [
                [
                    1.0,
                    0.0
                ],
                [
                    0.0,
                    1.0
                ]
            ],
            [
                [
                    1.0,
                    0.0
                ],
                [
                    0.0,
                    1.0
                ]
            ]
        ]
    ],
    "TimeRevsUn": [
        [
            1,
            1,
            1
        ]
    ],
    "TimeShiftNumUn": [
        [
            0,
            1,
            2
        ]
    ],
    "TimeShiftDenUn": [
        [
            1,
            3,
            3
        ]
    ],
    "RequiresLoopDispUn": [
        [
            true,
            false,
            false
        ]
    ]
}