{
    "nbody": 3,
    "n_int": 6144,
    "mass": [
        1.0,
        1.0,
        1.0
    ],
    "nloop": 1,
    "Action": 73.3005128272469,
    "Grad_Action": 9.242008274390434e-15,
    "Newton_Error": 3.045625661959788e-14,
    "Min_Distance": 0.016926440216252326,
    "Max_PathLength": 3.8177104834387183,
    "Hash": [
        73.3005128272469,
        33.35363517807173,
        51.89632426447657,
        112.23459085165446,
        316.41306807865465
    ],
    "xinf": -0.06651802202113255,
    "xsup": 0.07371997821631254,
    "yinf": -0.07011900011872255,
    "ysup": 0.07011900011872255,
    "loopnb": [
        3
    ],
    "Targets": [
        [
            0,
            1,
            2
        ]
    ],
    "SpaceRotsUn": [
        [
            [
                [
                    1.0,
                    0.0
                ],
                [
                    0.0,
                    1.0
                ]
            ],
            [
                [
                    1.0,
                    0.0
                ],
                [
                    0.0,
                    1.0
                ]
            ],
            [
                [
                    1.0,
                    0.0
                ],
                [
                    0.0,
                    1.0
                ]
            ]
        ]
    ],
    "TimeRevsUn": [
        [
            1,
            1,
            1
        ]
    ],
    "TimeShiftNumUn": [
        [
            0,
            1,
            2
        ]
    ],
    "TimeShiftDenUn": [
        [
            1,
            3,
            3
        ]
    ],
    "RequiresLoopDispUn": [
        [
            true,
            false,
            false
        ]
    ]
}