{
    "nbody": 3,
    "n_int": 12288,
    "mass": [
        1.0,
        1.0,
        1.0
    ],
    "nloop": 1,
    "Action": 86.94744948626025,
    "Grad_Action": 1.6331036105758784e-14,
    "Newton_Error": 9.216569474916982e-14,
    "Min_Distance": 0.014046678023200688,
    "Max_PathLength": 4.159816839511668,
    "Hash": [
        86.94744948626025,
        38.527236652922944,
        60.451299386959896,
        136.81974936040672,
        413.75520249172786
    ],
    "xinf": -0.056774030448303314,
    "xsup": 0.06669629873751173,
    "yinf": -0.06173516459290765,
    "ysup": 0.0617351645929074,
    "loopnb": [
        3
    ],
    "Targets": [
        [
            0,
            1,
            2
        ]
    ],
    "SpaceRotsUn": [
        [
            [
                [
                    1.0,
                    0.0
                ],
                [
                    0.0,
                    1.0
                ]
            ],
            [
                [
                    1.0,
                    0.0
                ],
                [
                    0.0,
                    1.0
                ]
            ],
            [
                [
                    1.0,
                    0.0
                ],
                [
                    0.0,
                    1.0
                ]
            ]
        ]
    ],
    "TimeRevsUn": [
        [
            1,
            1,
            1
        ]
    ],
    "TimeShiftNumUn": [
        [
            0,
            1,
            2
        ]
    ],
    "TimeShiftDenUn": [
        [
            1,
            3,
            3
        ]
    ],
    "RequiresLoopDispUn": [
        [
            true,
            false,
            false
        ]
    ]
}