{
    "nbody": 3,
    "n_int": 12288,
    "mass": [
        1.0,
        1.0,
        1.0
    ],
    "nloop": 1,
    "Action": 87.46232332546884,
    "Grad_Action": 2.0917659574702473e-14,
    "Newton_Error": 6.786057313876759e-14,
    "Min_Distance": 0.010964634303191282,
    "Max_PathLength": 4.119558250402887,
    "Hash": [
        87.46232332546883,
        38.5155964112209,
        60.31126443760528,
        140.15624899976754,
        452.0349793292268
    ],
    "xinf": -0.08436329424346106,
    "xsup": 0.08788399591355706,
    "yinf": -0.08612364507850909,
    "ysup": 0.08612364507850903,
    "loopnb": [
        3
    ],
    "Targets": [
        [
            0,
            1,
            2
        ]
    ],
    "SpaceRotsUn": [
        [
            [
                [
                    1.0,
                    0.0
                ],
                [
                    0.0,
                    1.0
                ]
            ],
            [
                [
                    1.0,
                    0.0
                ],
                [
                    0.0,
                    1.0
                ]
            ],
            [
                [
                    1.0,
                    0.0
                ],
                [
                    0.0,
                    1.0
                ]
            ]
        ]
    ],
    "TimeRevsUn": [
        [
            1,
            1,
            1
        ]
    ],
    "TimeShiftNumUn": [
        [
            0,
            1,
            2
        ]
    ],
    "TimeShiftDenUn": [
        [
            1,
            3,
            3
        ]
    ],
    "RequiresLoopDispUn": [
        [
            true,
            false,
            false
        ]
    ]
}