{
    "nbody": 3,
    "n_int": 24576,
    "mass": [
        1.0,
        1.0,
        1.0
    ],
    "nloop": 1,
    "Action": 86.29571047274126,
    "Grad_Action": 2.061911892753604e-14,
    "Newton_Error": 5.1376968588709e-14,
    "Min_Distance": 0.00914884624147081,
    "Max_PathLength": 4.086567539804802,
    "Hash": [
        86.29571047274126,
        38.180550879290735,
        59.81480515118176,
        136.8674259411345,
        427.31946763454283
    ],
    "xinf": -0.08634836514808616,
    "xsup": 0.05527437776149344,
    "yinf": -0.07081137145478988,
    "ysup": 0.07081137145478972,
    "loopnb": [
        3
    ],
    "Targets": [
        [
            0,
            1,
            2
        ]
    ],
    "SpaceRotsUn": [
        [
            [
                [
                    1.0,
                    0.0
                ],
                [
                    0.0,
                    1.0
                ]
            ],
            [
                [
                    1.0,
                    0.0
                ],
                [
                    0.0,
                    1.0
                ]
            ],
            [
                [
                    1.0,
                    0.0
                ],
                [
                    0.0,
                    1.0
                ]
            ]
        ]
    ],
    "TimeRevsUn": [
        [
            1,
            1,
            1
        ]
    ],
    "TimeShiftNumUn": [
        [
            0,
            1,
            2
        ]
    ],
    "TimeShiftDenUn": [
        [
            1,
            3,
            3
        ]
    ],
    "RequiresLoopDispUn": [
        [
            true,
            false,
            false
        ]
    ]
}