{
    "nbody": 3,
    "n_int": 12288,
    "mass": [
        1.0,
        1.0,
        1.0
    ],
    "nloop": 1,
    "Action": 88.59602549806985,
    "Grad_Action": 2.2617984925250115e-14,
    "Newton_Error": 7.755473515570583e-14,
    "Min_Distance": 0.01224430310206405,
    "Max_PathLength": 4.157408818432581,
    "Hash": [
        88.59602549806985,
        39.03309767640174,
        61.21369284163948,
        141.2226932610577,
        446.39630414965967
    ],
    "xinf": -0.07886547827257906,
    "xsup": 0.0695990507221797,
    "yinf": -0.07423226449737938,
    "ysup": 0.07423226449737938,
    "loopnb": [
        3
    ],
    "Targets": [
        [
            0,
            1,
            2
        ]
    ],
    "SpaceRotsUn": [
        [
            [
                [
                    1.0,
                    0.0
                ],
                [
                    0.0,
                    1.0
                ]
            ],
            [
                [
                    1.0,
                    0.0
                ],
                [
                    0.0,
                    1.0
                ]
            ],
            [
                [
                    1.0,
                    0.0
                ],
                [
                    0.0,
                    1.0
                ]
            ]
        ]
    ],
    "TimeRevsUn": [
        [
            1,
            1,
            1
        ]
    ],
    "TimeShiftNumUn": [
        [
            0,
            1,
            2
        ]
    ],
    "TimeShiftDenUn": [
        [
            1,
            3,
            3
        ]
    ],
    "RequiresLoopDispUn": [
        [
            true,
            false,
            false
        ]
    ]
}