{
    "nbody": 3,
    "n_int": 49152,
    "mass": [
        1.0,
        1.0,
        1.0
    ],
    "nloop": 1,
    "Action": 73.60810475526789,
    "Grad_Action": 7.279593288671677e-15,
    "Newton_Error": 7.356316128434186e-15,
    "Min_Distance": 0.013229292261241221,
    "Max_PathLength": 3.781356369236936,
    "Hash": [
        73.60810475526789,
        33.44231043288044,
        52.02132809194416,
        113.17610504334735,
        324.7456604882656
    ],
    "xinf": -0.07374872311543929,
    "xsup": 0.05997075959252807,
    "yinf": -0.06685974135398373,
    "ysup": 0.06685974135398362,
    "loopnb": [
        3
    ],
    "Targets": [
        [
            0,
            1,
            2
        ]
    ],
    "SpaceRotsUn": [
        [
            [
                [
                    1.0,
                    0.0
                ],
                [
                    0.0,
                    1.0
                ]
            ],
            [
                [
                    1.0,
                    0.0
                ],
                [
                    0.0,
                    1.0
                ]
            ],
            [
                [
                    1.0,
                    0.0
                ],
                [
                    0.0,
                    1.0
                ]
            ]
        ]
    ],
    "TimeRevsUn": [
        [
            1,
            1,
            1
        ]
    ],
    "TimeShiftNumUn": [
        [
            0,
            1,
            2
        ]
    ],
    "TimeShiftDenUn": [
        [
            1,
            3,
            3
        ]
    ],
    "RequiresLoopDispUn": [
        [
            true,
            false,
            false
        ]
    ]
}