{
    "nbody": 3,
    "n_int": 49152,
    "mass": [
        1.0,
        1.0,
        1.0
    ],
    "nloop": 1,
    "Action": 82.94721201307372,
    "Grad_Action": 1.2638367805999468e-14,
    "Newton_Error": 1.0909327327852128e-14,
    "Min_Distance": 0.010999887773220142,
    "Max_PathLength": 4.013336526816365,
    "Hash": [
        82.94721201307372,
        36.85894815371562,
        57.61479592239463,
        131.27413816221434,
        408.45428608906684
    ],
    "xinf": -0.05609622187349592,
    "xsup": 0.08739593289966999,
    "yinf": -0.07174607738658295,
    "ysup": 0.07174607738658295,
    "loopnb": [
        3
    ],
    "Targets": [
        [
            0,
            1,
            2
        ]
    ],
    "SpaceRotsUn": [
        [
            [
                [
                    1.0,
                    0.0
                ],
                [
                    0.0,
                    1.0
                ]
            ],
            [
                [
                    1.0,
                    0.0
                ],
                [
                    0.0,
                    1.0
                ]
            ],
            [
                [
                    1.0,
                    0.0
                ],
                [
                    0.0,
                    1.0
                ]
            ]
        ]
    ],
    "TimeRevsUn": [
        [
            1,
            1,
            1
        ]
    ],
    "TimeShiftNumUn": [
        [
            0,
            1,
            2
        ]
    ],
    "TimeShiftDenUn": [
        [
            1,
            3,
            3
        ]
    ],
    "RequiresLoopDispUn": [
        [
            true,
            false,
            false
        ]
    ]
}