{
    "nbody": 3,
    "n_int": 49152,
    "mass": [
        1.0,
        1.0,
        1.0
    ],
    "nloop": 1,
    "Action": 77.15852769363451,
    "Grad_Action": 7.845316465594929e-14,
    "Newton_Error": 6.630084701371734e-14,
    "Min_Distance": 0.004737964818093111,
    "Max_PathLength": 3.748916994908411,
    "Hash": [
        77.15852769363451,
        34.55062931863853,
        53.71457677901544,
        122.46124872752438,
        395.3847219929675
    ],
    "xinf": -0.11895700667375514,
    "xsup": 0.0690053522364204,
    "yinf": -0.09398117945508783,
    "ysup": 0.09398117945508772,
    "loopnb": [
        3
    ],
    "Targets": [
        [
            0,
            1,
            2
        ]
    ],
    "SpaceRotsUn": [
        [
            [
                [
                    1.0,
                    0.0
                ],
                [
                    0.0,
                    1.0
                ]
            ],
            [
                [
                    1.0,
                    0.0
                ],
                [
                    0.0,
                    1.0
                ]
            ],
            [
                [
                    1.0,
                    0.0
                ],
                [
                    0.0,
                    1.0
                ]
            ]
        ]
    ],
    "TimeRevsUn": [
        [
            1,
            1,
            1
        ]
    ],
    "TimeShiftNumUn": [
        [
            0,
            1,
            2
        ]
    ],
    "TimeShiftDenUn": [
        [
            1,
            3,
            3
        ]
    ],
    "RequiresLoopDispUn": [
        [
            true,
            false,
            false
        ]
    ]
}