{
    "nbody": 3,
    "n_int": 98304,
    "mass": [
        1.0,
        1.0,
        1.0
    ],
    "nloop": 1,
    "Action": 87.76189986222508,
    "Grad_Action": 3.041163841809249e-14,
    "Newton_Error": 5.200409920478412e-14,
    "Min_Distance": 0.004398431607428942,
    "Max_PathLength": 3.9389818831783465,
    "Hash": [
        87.76189986222508,
        38.54617443018895,
        60.22732864241982,
        142.71154294112736,
        494.8484423483416
    ],
    "xinf": -0.07935761558630768,
    "xsup": 0.06374257709687862,
    "yinf": -0.07155009634159326,
    "ysup": 0.07155009634159304,
    "loopnb": [
        3
    ],
    "Targets": [
        [
            0,
            1,
            2
        ]
    ],
    "SpaceRotsUn": [
        [
            [
                [
                    1.0,
                    0.0
                ],
                [
                    0.0,
                    1.0
                ]
            ],
            [
                [
                    1.0,
                    0.0
                ],
                [
                    0.0,
                    1.0
                ]
            ],
            [
                [
                    1.0,
                    0.0
                ],
                [
                    0.0,
                    1.0
                ]
            ]
        ]
    ],
    "TimeRevsUn": [
        [
            1,
            1,
            1
        ]
    ],
    "TimeShiftNumUn": [
        [
            0,
            1,
            2
        ]
    ],
    "TimeShiftDenUn": [
        [
            1,
            3,
            3
        ]
    ],
    "RequiresLoopDispUn": [
        [
            true,
            false,
            false
        ]
    ]
}