{
    "nbody": 3,
    "n_int": 12288,
    "mass": [
        1.0,
        1.0,
        1.0
    ],
    "nloop": 1,
    "Action": 82.11709384725098,
    "Grad_Action": 2.4538810190111466e-14,
    "Newton_Error": 6.405831574431577e-14,
    "Min_Distance": 0.012937623915500046,
    "Max_PathLength": 3.988948735241668,
    "Hash": [
        82.11709384725098,
        36.45164546064002,
        56.90330237033593,
        130.68715540323302,
        414.3045961098863
    ],
    "xinf": -0.09677893113928637,
    "xsup": 0.0638396133950857,
    "yinf": -0.08030927226718604,
    "ysup": 0.08030927226718604,
    "loopnb": [
        3
    ],
    "Targets": [
        [
            0,
            1,
            2
        ]
    ],
    "SpaceRotsUn": [
        [
            [
                [
                    1.0,
                    0.0
                ],
                [
                    0.0,
                    1.0
                ]
            ],
            [
                [
                    1.0,
                    0.0
                ],
                [
                    0.0,
                    1.0
                ]
            ],
            [
                [
                    1.0,
                    0.0
                ],
                [
                    0.0,
                    1.0
                ]
            ]
        ]
    ],
    "TimeRevsUn": [
        [
            1,
            1,
            1
        ]
    ],
    "TimeShiftNumUn": [
        [
            0,
            1,
            2
        ]
    ],
    "TimeShiftDenUn": [
        [
            1,
            3,
            3
        ]
    ],
    "RequiresLoopDispUn": [
        [
            true,
            false,
            false
        ]
    ]
}