{
    "nbody": 3,
    "n_int": 24576,
    "mass": [
        1.0,
        1.0,
        1.0
    ],
    "nloop": 1,
    "Action": 75.16322838634066,
    "Grad_Action": 1.89076298711832e-14,
    "Newton_Error": 7.453827550262162e-14,
    "Min_Distance": 0.008737294136794568,
    "Max_PathLength": 3.7480469897490165,
    "Hash": [
        75.16322838634066,
        33.88551211865997,
        52.67071890101289,
        117.67465315570705,
        360.4896495017241
    ],
    "xinf": -0.0834529340517121,
    "xsup": 0.08880757694843179,
    "yinf": -0.08613025550007206,
    "ysup": 0.08613025550007183,
    "loopnb": [
        3
    ],
    "Targets": [
        [
            0,
            1,
            2
        ]
    ],
    "SpaceRotsUn": [
        [
            [
                [
                    1.0,
                    0.0
                ],
                [
                    0.0,
                    1.0
                ]
            ],
            [
                [
                    1.0,
                    0.0
                ],
                [
                    0.0,
                    1.0
                ]
            ],
            [
                [
                    1.0,
                    0.0
                ],
                [
                    0.0,
                    1.0
                ]
            ]
        ]
    ],
    "TimeRevsUn": [
        [
            1,
            1,
            1
        ]
    ],
    "TimeShiftNumUn": [
        [
            0,
            1,
            2
        ]
    ],
    "TimeShiftDenUn": [
        [
            1,
            3,
            3
        ]
    ],
    "RequiresLoopDispUn": [
        [
            true,
            false,
            false
        ]
    ]
}