{
    "nbody": 3,
    "n_int": 6144,
    "mass": [
        1.0,
        1.0,
        1.0
    ],
    "nloop": 1,
    "Action": 58.22682553742264,
    "Grad_Action": 3.8448525328514755e-15,
    "Newton_Error": 7.887714914903187e-15,
    "Min_Distance": 0.023575341197553563,
    "Max_PathLength": 3.424113686759152,
    "Hash": [
        58.22682553742264,
        27.55847105325255,
        42.283181250169534,
        85.86021582166919,
        219.3035638054215
    ],
    "xinf": -0.09398091561047216,
    "xsup": 0.06852299885611564,
    "yinf": -0.0812519572332939,
    "ysup": 0.0812519572332939,
    "loopnb": [
        3
    ],
    "Targets": [
        [
            0,
            1,
            2
        ]
    ],
    "SpaceRotsUn": [
        [
            [
                [
                    1.0,
                    0.0
                ],
                [
                    0.0,
                    1.0
                ]
            ],
            [
                [
                    1.0,
                    0.0
                ],
                [
                    0.0,
                    1.0
                ]
            ],
            [
                [
                    1.0,
                    0.0
                ],
                [
                    0.0,
                    1.0
                ]
            ]
        ]
    ],
    "TimeRevsUn": [
        [
            1,
            1,
            1
        ]
    ],
    "TimeShiftNumUn": [
        [
            0,
            1,
            2
        ]
    ],
    "TimeShiftDenUn": [
        [
            1,
            3,
            3
        ]
    ],
    "RequiresLoopDispUn": [
        [
            true,
            false,
            false
        ]
    ]
}