{
    "nbody": 3,
    "n_int": 49152,
    "mass": [
        1.0,
        1.0,
        1.0
    ],
    "nloop": 1,
    "Action": 87.27513971925592,
    "Grad_Action": 2.728237368171152e-14,
    "Newton_Error": 2.058264927531408e-14,
    "Min_Distance": 0.00710681198988459,
    "Max_PathLength": 4.10209683578975,
    "Hash": [
        87.27513971925592,
        38.61864888658216,
        60.57400327112789,
        137.90446730437836,
        424.3659083850614
    ],
    "xinf": -0.052645622417644033,
    "xsup": 0.06385486841122318,
    "yinf": -0.05825024541443362,
    "ysup": 0.05825024541443359,
    "loopnb": [
        3
    ],
    "Targets": [
        [
            0,
            1,
            2
        ]
    ],
    "SpaceRotsUn": [
        [
            [
                [
                    1.0,
                    0.0
                ],
                [
                    0.0,
                    1.0
                ]
            ],
            [
                [
                    1.0,
                    0.0
                ],
                [
                    0.0,
                    1.0
                ]
            ],
            [
                [
                    1.0,
                    0.0
                ],
                [
                    0.0,
                    1.0
                ]
            ]
        ]
    ],
    "TimeRevsUn": [
        [
            1,
            1,
            1
        ]
    ],
    "TimeShiftNumUn": [
        [
            0,
            1,
            2
        ]
    ],
    "TimeShiftDenUn": [
        [
            1,
            3,
            3
        ]
    ],
    "RequiresLoopDispUn": [
        [
            true,
            false,
            false
        ]
    ]
}