{
    "nbody": 3,
    "n_int": 1572864,
    "mass": [
        1.0,
        1.0,
        1.0
    ],
    "nloop": 1,
    "Action": 48.267861212335035,
    "Grad_Action": 2.5411514404393828e-08,
    "Newton_Error": 6.211281425008265e-08,
    "Min_Distance": 0.0004133706310229354,
    "Max_PathLength": 2.9322969893816824,
    "Hash": [
        48.267861212335035,
        23.54593498335673,
        35.485075079907325,
        71.2606019097122,
        214.97541965949887
    ],
    "xinf": -0.09316035490598358,
    "xsup": 0.0891315789790429,
    "yinf": -0.0911459669425132,
    "ysup": 0.09114596694251328,
    "loopnb": [
        3
    ],
    "Targets": [
        [
            0,
            1,
            2
        ]
    ],
    "SpaceRotsUn": [
        [
            [
                [
                    1.0,
                    0.0
                ],
                [
                    0.0,
                    1.0
                ]
            ],
            [
                [
                    1.0,
                    0.0
                ],
                [
                    0.0,
                    1.0
                ]
            ],
            [
                [
                    1.0,
                    0.0
                ],
                [
                    0.0,
                    1.0
                ]
            ]
        ]
    ],
    "TimeRevsUn": [
        [
            1,
            1,
            1
        ]
    ],
    "TimeShiftNumUn": [
        [
            0,
            1,
            2
        ]
    ],
    "TimeShiftDenUn": [
        [
            1,
            3,
            3
        ]
    ],
    "RequiresLoopDispUn": [
        [
            true,
            false,
            false
        ]
    ]
}