{
    "nbody": 10,
    "n_Fourier": 7200,
    "n_int": 14400,
    "mass": [
        1.0,
        1.0,
        1.0,
        1.0,
        1.0,
        1.0,
        1.0,
        1.0,
        1.0,
        1.0
    ],
    "nloop": 1,
    "Action": 60.78091640160076,
    "Grad_Action": 5.283967872513426e-14,
    "Newton_Error": 2.4308815980438384e-14,
    "Min_Distance": 0.015435074603677486,
    "Max_PathLength": 1.619890701999408,
    "Hash": [
        60.78091640160076,
        59.72176491866908,
        58.572806888322106,
        66.51212320625842,
        103.224743151785
    ],
    "xinf": -1.3012407808818016,
    "xsup": 1.3012407808818016,
    "yinf": -1.3012407808818016,
    "ysup": 1.3012407808818016,
    "loopnb": [
        10
    ],
    "Targets": [
        [
            0,
            1,
            5,
            2,
            6,
            3,
            7,
            4,
            8,
            9
        ]
    ],
    "SpaceRotsUn": [
        [
            [
                [
                    1.0,
                    0.0
                ],
                [
                    0.0,
                    1.0
                ]
            ],
            [
                [
                    0.8090169943749475,
                    -0.5877852522924731
                ],
                [
                    0.5877852522924731,
                    0.8090169943749475
                ]
            ],
            [
                [
                    -1.0,
                    -1.2246467991473532e-16
                ],
                [
                    1.2246467991473532e-16,
                    -1.0
                ]
            ],
            [
                [
                    0.30901699437494745,
                    -0.9510565162951536
                ],
                [
                    0.9510565162951536,
                    0.3090169943749475
                ]
            ],
            [
                [
                    -0.8090169943749476,
                    0.587785252292473
                ],
                [
                    -0.587785252292473,
                    -0.8090169943749476
                ]
            ],
            [
                [
                    -0.3090169943749474,
                    -0.9510565162951536
                ],
                [
                    0.9510565162951536,
                    -0.3090169943749474
                ]
            ],
            [
                [
                    -0.30901699437494756,
                    0.9510565162951536
                ],
                [
                    -0.9510565162951536,
                    -0.3090169943749476
                ]
            ],
            [
                [
                    -0.8090169943749475,
                    -0.5877852522924732
                ],
                [
                    0.5877852522924731,
                    -0.8090169943749475
                ]
            ],
            [
                [
                    0.3090169943749473,
                    0.9510565162951536
                ],
                [
                    -0.9510565162951536,
                    0.3090169943749473
                ]
            ],
            [
                [
                    0.8090169943749473,
                    0.5877852522924734
                ],
                [
                    -0.5877852522924732,
                    0.8090169943749473
                ]
            ]
        ]
    ],
    "TimeRevsUn": [
        [
            1,
            1,
            1,
            1,
            1,
            1,
            1,
            1,
            1,
            1
        ]
    ],
    "TimeShiftNumUn": [
        [
            0,
            1,
            0,
            2,
            1,
            3,
            2,
            4,
            3,
            4
        ]
    ],
    "TimeShiftDenUn": [
        [
            1,
            5,
            1,
            5,
            5,
            5,
            5,
            5,
            5,
            5
        ]
    ],
    "RequiresLoopDispUn": [
        [
            true,
            true,
            true,
            true,
            true,
            true,
            true,
            true,
            true,
            true
        ]
    ]
}