{
    "nbody": 9,
    "n_Fourier": 3600,
    "n_int": 7200,
    "mass": [
        1.0,
        1.0,
        1.0,
        1.0,
        1.0,
        1.0,
        1.0,
        1.0,
        1.0
    ],
    "nloop": 3,
    "Action": 522.5717169949216,
    "Grad_Action": 1.3078791979860112e-09,
    "Newton_Error": 2.5057270359336567e-10,
    "Min_Distance": 0.016143445489849424,
    "Max_PathLength": 6.148941867910958,
    "Hash": [
        522.5717169949216,
        245.11360705983316,
        365.8499623500772,
        837.6230432941331,
        2800.3251599382925
    ],
    "xinf": -0.514159640478107,
    "xsup": 0.5141594922586694,
    "yinf": -0.5140762298752904,
    "ysup": 0.514242902861486,
    "loopnb": [
        3,
        3,
        3
    ],
    "Targets": [
        [
            0,
            1,
            2
        ],
        [
            3,
            4,
            5
        ],
        [
            8,
            7,
            6
        ]
    ],
    "SpaceRotsUn": [
        [
            [
                [
                    1.0,
                    0.0
                ],
                [
                    0.0,
                    1.0
                ]
            ],
            [
                [
                    1.0,
                    0.0
                ],
                [
                    0.0,
                    1.0
                ]
            ],
            [
                [
                    1.0,
                    0.0
                ],
                [
                    0.0,
                    1.0
                ]
            ]
        ],
        [
            [
                [
                    1.0,
                    0.0
                ],
                [
                    0.0,
                    1.0
                ]
            ],
            [
                [
                    1.0,
                    0.0
                ],
                [
                    0.0,
                    1.0
                ]
            ],
            [
                [
                    1.0,
                    0.0
                ],
                [
                    0.0,
                    1.0
                ]
            ]
        ],
        [
            [
                [
                    1.0,
                    0.0
                ],
                [
                    0.0,
                    1.0
                ]
            ],
            [
                [
                    1.0,
                    0.0
                ],
                [
                    0.0,
                    1.0
                ]
            ],
            [
                [
                    1.0,
                    0.0
                ],
                [
                    0.0,
                    1.0
                ]
            ]
        ]
    ],
    "TimeRevsUn": [
        [
            1,
            1,
            1
        ],
        [
            1,
            1,
            1
        ],
        [
            1,
            1,
            1
        ]
    ],
    "TimeShiftNumUn": [
        [
            0,
            2,
            1
        ],
        [
            0,
            2,
            1
        ],
        [
            0,
            1,
            2
        ]
    ],
    "TimeShiftDenUn": [
        [
            1,
            3,
            3
        ],
        [
            1,
            3,
            3
        ],
        [
            1,
            3,
            3
        ]
    ],
    "RequiresLoopDispUn": [
        [
            true,
            false,
            false
        ],
        [
            true,
            false,
            false
        ],
        [
            true,
            false,
            false
        ]
    ]
}