{
    "nbody": 10,
    "n_int": 2400,
    "mass": [
        0.5,
        0.5,
        0.5,
        0.5,
        0.5,
        0.5,
        0.5,
        0.5,
        0.5,
        0.5
    ],
    "nloop": 2,
    "Action": 57.432224861367324,
    "Grad_Action": 3.94240879374244e-14,
    "Newton_Error": 4.925097972851417e-15,
    "Min_Distance": 0.04514373899835254,
    "Max_PathLength": 2.530470299002049,
    "Hash": [
        57.43222486136734,
        34.53322384789601,
        45.62359497459909,
        77.78545578692585,
        175.26194957864536
    ],
    "xinf": -0.6794677664816207,
    "xsup": 0.6794656648874509,
    "yinf": -0.6349850648947675,
    "ysup": 0.723948366474304,
    "loopnb": [
        5,
        5
    ],
    "Targets": [
        [
            0,
            2,
            4,
            6,
            8
        ],
        [
            1,
            3,
            5,
            7,
            9
        ]
    ],
    "SpaceRotsUn": [
        [
            [
                [
                    1.0,
                    0.0
                ],
                [
                    0.0,
                    1.0
                ]
            ],
            [
                [
                    0.3090169943749475,
                    -0.9510565162951536
                ],
                [
                    0.9510565162951536,
                    0.3090169943749475
                ]
            ],
            [
                [
                    -0.8090169943749475,
                    -0.5877852522924734
                ],
                [
                    0.5877852522924734,
                    -0.8090169943749475
                ]
            ],
            [
                [
                    -0.8090169943749478,
                    0.587785252292473
                ],
                [
                    -0.5877852522924731,
                    -0.8090169943749478
                ]
            ],
            [
                [
                    0.3090169943749472,
                    0.951056516295154
                ],
                [
                    -0.951056516295154,
                    0.3090169943749473
                ]
            ]
        ],
        [
            [
                [
                    1.0,
                    0.0
                ],
                [
                    0.0,
                    1.0
                ]
            ],
            [
                [
                    0.3090169943749475,
                    -0.9510565162951536
                ],
                [
                    0.9510565162951536,
                    0.3090169943749475
                ]
            ],
            [
                [
                    -0.8090169943749475,
                    -0.5877852522924734
                ],
                [
                    0.5877852522924734,
                    -0.8090169943749475
                ]
            ],
            [
                [
                    -0.8090169943749478,
                    0.587785252292473
                ],
                [
                    -0.5877852522924731,
                    -0.8090169943749478
                ]
            ],
            [
                [
                    0.3090169943749472,
                    0.951056516295154
                ],
                [
                    -0.951056516295154,
                    0.3090169943749473
                ]
            ]
        ]
    ],
    "TimeRevsUn": [
        [
            1,
            1,
            1,
            1,
            1
        ],
        [
            1,
            1,
            1,
            1,
            1
        ]
    ],
    "TimeShiftNumUn": [
        [
            0,
            1,
            2,
            3,
            4
        ],
        [
            0,
            1,
            2,
            3,
            4
        ]
    ],
    "TimeShiftDenUn": [
        [
            1,
            5,
            5,
            5,
            5
        ],
        [
            1,
            5,
            5,
            5,
            5
        ]
    ],
    "RequiresLoopDispUn": [
        [
            true,
            true,
            true,
            true,
            true
        ],
        [
            true,
            true,
            true,
            true,
            true
        ]
    ]
}