{
    "nbody": 10,
    "n_int": 2400,
    "mass": [
        0.5,
        0.5,
        0.5,
        0.5,
        0.5,
        0.5,
        0.5,
        0.5,
        0.5,
        0.5
    ],
    "nloop": 2,
    "Action": 60.70055773123026,
    "Grad_Action": 2.2984197661254553e-14,
    "Newton_Error": 1.2532285409735717e-14,
    "Min_Distance": 0.030243783378182936,
    "Max_PathLength": 2.6584111396503687,
    "Hash": [
        60.70055773123027,
        35.65073048698361,
        47.51427087859024,
        84.19201995365998,
        203.45987234334234
    ],
    "xinf": -0.6949806182894587,
    "xsup": 0.6950074675474431,
    "yinf": -0.6453257396629027,
    "ysup": 0.7446623461739991,
    "loopnb": [
        5,
        5
    ],
    "Targets": [
        [
            0,
            2,
            4,
            6,
            8
        ],
        [
            1,
            3,
            5,
            7,
            9
        ]
    ],
    "SpaceRotsUn": [
        [
            [
                [
                    1.0,
                    0.0
                ],
                [
                    0.0,
                    1.0
                ]
            ],
            [
                [
                    0.3090169943749475,
                    -0.9510565162951536
                ],
                [
                    0.9510565162951536,
                    0.3090169943749475
                ]
            ],
            [
                [
                    -0.8090169943749475,
                    -0.5877852522924734
                ],
                [
                    0.5877852522924734,
                    -0.8090169943749475
                ]
            ],
            [
                [
                    -0.8090169943749478,
                    0.587785252292473
                ],
                [
                    -0.5877852522924731,
                    -0.8090169943749478
                ]
            ],
            [
                [
                    0.3090169943749472,
                    0.951056516295154
                ],
                [
                    -0.951056516295154,
                    0.3090169943749473
                ]
            ]
        ],
        [
            [
                [
                    1.0,
                    0.0
                ],
                [
                    0.0,
                    1.0
                ]
            ],
            [
                [
                    0.3090169943749475,
                    -0.9510565162951536
                ],
                [
                    0.9510565162951536,
                    0.3090169943749475
                ]
            ],
            [
                [
                    -0.8090169943749475,
                    -0.5877852522924734
                ],
                [
                    0.5877852522924734,
                    -0.8090169943749475
                ]
            ],
            [
                [
                    -0.8090169943749478,
                    0.587785252292473
                ],
                [
                    -0.5877852522924731,
                    -0.8090169943749478
                ]
            ],
            [
                [
                    0.3090169943749472,
                    0.951056516295154
                ],
                [
                    -0.951056516295154,
                    0.3090169943749473
                ]
            ]
        ]
    ],
    "TimeRevsUn": [
        [
            1,
            1,
            1,
            1,
            1
        ],
        [
            1,
            1,
            1,
            1,
            1
        ]
    ],
    "TimeShiftNumUn": [
        [
            0,
            1,
            2,
            3,
            4
        ],
        [
            0,
            1,
            2,
            3,
            4
        ]
    ],
    "TimeShiftDenUn": [
        [
            1,
            5,
            5,
            5,
            5
        ],
        [
            1,
            5,
            5,
            5,
            5
        ]
    ],
    "RequiresLoopDispUn": [
        [
            true,
            true,
            true,
            true,
            true
        ],
        [
            true,
            true,
            true,
            true,
            true
        ]
    ]
}