{
    "nbody": 10,
    "n_int": 9600,
    "mass": [
        0.5,
        0.5,
        0.5,
        0.5,
        0.5,
        0.5,
        0.5,
        0.5,
        0.5,
        0.5
    ],
    "nloop": 2,
    "Action": 80.2742806973424,
    "Grad_Action": 3.927661255323062e-14,
    "Newton_Error": 1.455070860371495e-14,
    "Min_Distance": 0.016383152022338983,
    "Max_PathLength": 3.0455799263899035,
    "Hash": [
        80.2742806973424,
        42.793809687241364,
        59.419062578041505,
        120.63241274301986,
        353.1870037864391
    ],
    "xinf": -0.6960690894095953,
    "xsup": 0.6969554544481045,
    "yinf": -0.6602144273007676,
    "ysup": 0.7328101165569322,
    "loopnb": [
        5,
        5
    ],
    "Targets": [
        [
            0,
            2,
            4,
            6,
            8
        ],
        [
            1,
            3,
            5,
            7,
            9
        ]
    ],
    "SpaceRotsUn": [
        [
            [
                [
                    1.0,
                    0.0
                ],
                [
                    0.0,
                    1.0
                ]
            ],
            [
                [
                    -0.8090169943749475,
                    -0.5877852522924731
                ],
                [
                    0.5877852522924731,
                    -0.8090169943749475
                ]
            ],
            [
                [
                    0.30901699437494745,
                    0.9510565162951536
                ],
                [
                    -0.9510565162951536,
                    0.3090169943749475
                ]
            ],
            [
                [
                    0.3090169943749474,
                    -0.9510565162951536
                ],
                [
                    0.9510565162951536,
                    0.3090169943749474
                ]
            ],
            [
                [
                    -0.8090169943749475,
                    0.5877852522924732
                ],
                [
                    -0.5877852522924731,
                    -0.8090169943749475
                ]
            ]
        ],
        [
            [
                [
                    1.0,
                    0.0
                ],
                [
                    0.0,
                    1.0
                ]
            ],
            [
                [
                    -0.8090169943749475,
                    -0.5877852522924731
                ],
                [
                    0.5877852522924731,
                    -0.8090169943749475
                ]
            ],
            [
                [
                    0.30901699437494745,
                    0.9510565162951536
                ],
                [
                    -0.9510565162951536,
                    0.3090169943749475
                ]
            ],
            [
                [
                    0.3090169943749474,
                    -0.9510565162951536
                ],
                [
                    0.9510565162951536,
                    0.3090169943749474
                ]
            ],
            [
                [
                    -0.8090169943749475,
                    0.5877852522924732
                ],
                [
                    -0.5877852522924731,
                    -0.8090169943749475
                ]
            ]
        ]
    ],
    "TimeRevsUn": [
        [
            1,
            1,
            1,
            1,
            1
        ],
        [
            1,
            1,
            1,
            1,
            1
        ]
    ],
    "TimeShiftNumUn": [
        [
            0,
            4,
            3,
            2,
            1
        ],
        [
            0,
            4,
            3,
            2,
            1
        ]
    ],
    "TimeShiftDenUn": [
        [
            1,
            5,
            5,
            5,
            5
        ],
        [
            1,
            5,
            5,
            5,
            5
        ]
    ],
    "RequiresLoopDispUn": [
        [
            true,
            true,
            true,
            true,
            true
        ],
        [
            true,
            true,
            true,
            true,
            true
        ]
    ]
}