{
    "nbody": 10,
    "n_int": 9600,
    "mass": [
        0.5,
        0.5,
        0.5,
        0.5,
        0.5,
        0.5,
        0.5,
        0.5,
        0.5,
        0.5
    ],
    "nloop": 2,
    "Action": 77.7355922263416,
    "Grad_Action": 4.195255488624948e-14,
    "Newton_Error": 1.1128488332768816e-14,
    "Min_Distance": 0.027873102867745147,
    "Max_PathLength": 3.023228877063213,
    "Hash": [
        77.73559222634161,
        42.03023557368373,
        58.104479875632904,
        115.07150245009939,
        324.6731963010397
    ],
    "xinf": -0.6961822924198937,
    "xsup": 0.7004194316326908,
    "yinf": -0.6698756590905899,
    "ysup": 0.7267260649619947,
    "loopnb": [
        5,
        5
    ],
    "Targets": [
        [
            0,
            2,
            4,
            6,
            8
        ],
        [
            1,
            3,
            5,
            7,
            9
        ]
    ],
    "SpaceRotsUn": [
        [
            [
                [
                    1.0,
                    0.0
                ],
                [
                    0.0,
                    1.0
                ]
            ],
            [
                [
                    -0.8090169943749475,
                    -0.5877852522924731
                ],
                [
                    0.5877852522924731,
                    -0.8090169943749475
                ]
            ],
            [
                [
                    0.30901699437494745,
                    0.9510565162951536
                ],
                [
                    -0.9510565162951536,
                    0.3090169943749475
                ]
            ],
            [
                [
                    0.3090169943749474,
                    -0.9510565162951536
                ],
                [
                    0.9510565162951536,
                    0.3090169943749474
                ]
            ],
            [
                [
                    -0.8090169943749475,
                    0.5877852522924732
                ],
                [
                    -0.5877852522924731,
                    -0.8090169943749475
                ]
            ]
        ],
        [
            [
                [
                    1.0,
                    0.0
                ],
                [
                    0.0,
                    1.0
                ]
            ],
            [
                [
                    -0.8090169943749475,
                    -0.5877852522924731
                ],
                [
                    0.5877852522924731,
                    -0.8090169943749475
                ]
            ],
            [
                [
                    0.30901699437494745,
                    0.9510565162951536
                ],
                [
                    -0.9510565162951536,
                    0.3090169943749475
                ]
            ],
            [
                [
                    0.3090169943749474,
                    -0.9510565162951536
                ],
                [
                    0.9510565162951536,
                    0.3090169943749474
                ]
            ],
            [
                [
                    -0.8090169943749475,
                    0.5877852522924732
                ],
                [
                    -0.5877852522924731,
                    -0.8090169943749475
                ]
            ]
        ]
    ],
    "TimeRevsUn": [
        [
            1,
            1,
            1,
            1,
            1
        ],
        [
            1,
            1,
            1,
            1,
            1
        ]
    ],
    "TimeShiftNumUn": [
        [
            0,
            4,
            3,
            2,
            1
        ],
        [
            0,
            4,
            3,
            2,
            1
        ]
    ],
    "TimeShiftDenUn": [
        [
            1,
            5,
            5,
            5,
            5
        ],
        [
            1,
            5,
            5,
            5,
            5
        ]
    ],
    "RequiresLoopDispUn": [
        [
            true,
            true,
            true,
            true,
            true
        ],
        [
            true,
            true,
            true,
            true,
            true
        ]
    ]
}