{
    "nbody": 12,
    "n_int": 4000,
    "mass": [
        0.3333333333333333,
        0.3333333333333333,
        0.3333333333333333,
        0.3333333333333333,
        0.3333333333333333,
        0.3333333333333333,
        0.3333333333333333,
        0.3333333333333333,
        0.3333333333333333,
        0.3333333333333333,
        0.3333333333333333,
        0.3333333333333333
    ],
    "nloop": 3,
    "Action": 64.16924487655811,
    "Grad_Action": 5.02607299347951e-13,
    "Newton_Error": 2.4166457430838373e-12,
    "Min_Distance": 0.014154959190419598,
    "Max_PathLength": 2.828217608105465,
    "Hash": [
        64.16924487655811,
        33.52953053866431,
        47.667940471611765,
        94.95086533335979,
        265.62956809711693
    ],
    "xinf": -0.5809666995680216,
    "xsup": 0.5809666995680216,
    "yinf": -0.5809666995680216,
    "ysup": 0.5809666995680216,
    "loopnb": [
        4,
        4,
        4
    ],
    "Targets": [
        [
            0,
            3,
            6,
            9
        ],
        [
            1,
            4,
            7,
            10
        ],
        [
            8,
            2,
            5,
            11
        ]
    ],
    "SpaceRotsUn": [
        [
            [
                [
                    1.0,
                    0.0
                ],
                [
                    0.0,
                    1.0
                ]
            ],
            [
                [
                    6.123233995736766e-17,
                    1.0
                ],
                [
                    -1.0,
                    6.123233995736766e-17
                ]
            ],
            [
                [
                    -1.0,
                    1.2246467991473532e-16
                ],
                [
                    -1.2246467991473532e-16,
                    -1.0
                ]
            ],
            [
                [
                    -1.8369701987210297e-16,
                    -1.0
                ],
                [
                    1.0,
                    -1.8369701987210297e-16
                ]
            ]
        ],
        [
            [
                [
                    1.0,
                    0.0
                ],
                [
                    0.0,
                    1.0
                ]
            ],
            [
                [
                    6.123233995736766e-17,
                    1.0
                ],
                [
                    -1.0,
                    6.123233995736766e-17
                ]
            ],
            [
                [
                    -1.0,
                    1.2246467991473532e-16
                ],
                [
                    -1.2246467991473532e-16,
                    -1.0
                ]
            ],
            [
                [
                    -1.8369701987210297e-16,
                    -1.0
                ],
                [
                    1.0,
                    -1.8369701987210297e-16
                ]
            ]
        ],
        [
            [
                [
                    1.0,
                    0.0
                ],
                [
                    0.0,
                    1.0
                ]
            ],
            [
                [
                    -1.0,
                    -1.2246467991473532e-16
                ],
                [
                    1.2246467991473532e-16,
                    -1.0
                ]
            ],
            [
                [
                    6.123233995736766e-17,
                    -1.0
                ],
                [
                    1.0,
                    6.123233995736766e-17
                ]
            ],
            [
                [
                    6.123233995736765e-17,
                    1.0
                ],
                [
                    -1.0,
                    6.123233995736765e-17
                ]
            ]
        ]
    ],
    "TimeRevsUn": [
        [
            1,
            1,
            1,
            1
        ],
        [
            1,
            1,
            1,
            1
        ],
        [
            1,
            1,
            1,
            1
        ]
    ],
    "TimeShiftNumUn": [
        [
            0,
            3,
            1,
            1
        ],
        [
            0,
            3,
            1,
            1
        ],
        [
            0,
            1,
            1,
            3
        ]
    ],
    "TimeShiftDenUn": [
        [
            1,
            4,
            2,
            4
        ],
        [
            1,
            4,
            2,
            4
        ],
        [
            1,
            2,
            4,
            4
        ]
    ],
    "RequiresLoopDispUn": [
        [
            true,
            true,
            true,
            true
        ],
        [
            true,
            true,
            true,
            true
        ],
        [
            true,
            true,
            true,
            true
        ]
    ]
}