{
    "nbody": 7,
    "n_Fourier": 2100,
    "n_int": 4200,
    "mass": [
        1.0,
        1.0,
        1.0,
        1.0,
        1.0,
        1.0,
        1.0
    ],
    "nloop": 1,
    "Action": 39.092808714997545,
    "Grad_Action": 4.34224189816319e-11,
    "Newton_Error": 8.651179455978697e-13,
    "Min_Distance": 0.026167369591569938,
    "Max_PathLength": 1.5375788286660326,
    "Hash": [
        39.092808714997545,
        34.389190312282814,
        36.577291685197864,
        43.46095520594695,
        64.62575680654103
    ],
    "xinf": -0.8782195595669517,
    "xsup": 0.8782195595669517,
    "yinf": -0.9162042611698578,
    "ysup": 0.8402348579640457,
    "loopnb": [
        7
    ],
    "Targets": [
        [
            0,
            1,
            2,
            3,
            4,
            5,
            6
        ]
    ],
    "SpaceRotsUn": [
        [
            [
                [
                    1.0,
                    0.0
                ],
                [
                    0.0,
                    1.0
                ]
            ],
            [
                [
                    0.6234898018587335,
                    -0.7818314824680299
                ],
                [
                    0.7818314824680299,
                    0.6234898018587335
                ]
            ],
            [
                [
                    -0.22252093395631464,
                    -0.9749279121818236
                ],
                [
                    0.9749279121818236,
                    -0.22252093395631464
                ]
            ],
            [
                [
                    -0.9009688679024194,
                    -0.43388373911755784
                ],
                [
                    0.43388373911755784,
                    -0.9009688679024194
                ]
            ],
            [
                [
                    -0.9009688679024191,
                    0.43388373911755856
                ],
                [
                    -0.4338837391175586,
                    -0.900968867902419
                ]
            ],
            [
                [
                    -0.22252093395631392,
                    0.9749279121818241
                ],
                [
                    -0.974927912181824,
                    -0.22252093395631387
                ]
            ],
            [
                [
                    0.6234898018587343,
                    0.7818314824680297
                ],
                [
                    -0.7818314824680296,
                    0.6234898018587341
                ]
            ]
        ]
    ],
    "TimeRevsUn": [
        [
            1,
            1,
            1,
            1,
            1,
            1,
            1
        ]
    ],
    "TimeShiftNumUn": [
        [
            0,
            6,
            5,
            4,
            3,
            2,
            1
        ]
    ],
    "TimeShiftDenUn": [
        [
            1,
            7,
            7,
            7,
            7,
            7,
            7
        ]
    ],
    "RequiresLoopDispUn": [
        [
            true,
            true,
            true,
            true,
            true,
            true,
            true
        ]
    ]
}