{
    "nbody": 7,
    "n_Fourier": 8400,
    "n_int": 16800,
    "mass": [
        1.0,
        1.0,
        1.0,
        1.0,
        1.0,
        1.0,
        1.0
    ],
    "nloop": 1,
    "Action": 37.59341853114531,
    "Grad_Action": 8.800640371193293e-13,
    "Newton_Error": 1.5490027010743528e-12,
    "Min_Distance": 0.009674629324675466,
    "Max_PathLength": 1.67753910379996,
    "Hash": [
        37.59341853114531,
        32.94875643540474,
        34.74087844393379,
        43.28387065279691,
        77.66916559874564
    ],
    "xinf": -0.9633923953951484,
    "xsup": 0.9633923953951473,
    "yinf": -0.9894467147400685,
    "ysup": 0.9373380760502272,
    "loopnb": [
        7
    ],
    "Targets": [
        [
            0,
            1,
            2,
            3,
            4,
            5,
            6
        ]
    ],
    "SpaceRotsUn": [
        [
            [
                [
                    1.0,
                    0.0
                ],
                [
                    0.0,
                    1.0
                ]
            ],
            [
                [
                    -0.22252093395631437,
                    -0.9749279121818238
                ],
                [
                    0.9749279121818238,
                    -0.22252093395631437
                ]
            ],
            [
                [
                    -0.9009688679024196,
                    0.4338837391175582
                ],
                [
                    -0.4338837391175582,
                    -0.9009688679024197
                ]
            ],
            [
                [
                    0.6234898018587337,
                    0.7818314824680305
                ],
                [
                    -0.7818314824680306,
                    0.6234898018587338
                ]
            ],
            [
                [
                    0.6234898018587344,
                    -0.7818314824680302
                ],
                [
                    0.7818314824680304,
                    0.6234898018587345
                ]
            ],
            [
                [
                    -0.9009688679024199,
                    -0.43388373911755895
                ],
                [
                    0.4338837391175591,
                    -0.90096886790242
                ]
            ],
            [
                [
                    -0.22252093395631517,
                    0.9749279121818247
                ],
                [
                    -0.974927912181825,
                    -0.22252093395631528
                ]
            ]
        ]
    ],
    "TimeRevsUn": [
        [
            1,
            1,
            1,
            1,
            1,
            1,
            1
        ]
    ],
    "TimeShiftNumUn": [
        [
            0,
            6,
            5,
            4,
            3,
            2,
            1
        ]
    ],
    "TimeShiftDenUn": [
        [
            1,
            7,
            7,
            7,
            7,
            7,
            7
        ]
    ],
    "RequiresLoopDispUn": [
        [
            true,
            true,
            true,
            true,
            true,
            true,
            true
        ]
    ]
}