{
    "nbody": 9,
    "n_int": 3600,
    "mass": [
        0.3333333333333333,
        0.3333333333333333,
        0.3333333333333333,
        0.3333333333333333,
        0.3333333333333333,
        0.3333333333333333,
        0.3333333333333333,
        0.3333333333333333,
        0.3333333333333333
    ],
    "nloop": 1,
    "Action": 57.47616356484962,
    "Grad_Action": 4.454721539636689e-15,
    "Newton_Error": 2.3819107472785033e-14,
    "Min_Distance": 0.017115558058164122,
    "Max_PathLength": 3.527582425979527,
    "Hash": [
        57.47616356484962,
        28.276641289840427,
        42.209190176619614,
        84.82724196708091,
        229.48197989743815
    ],
    "xinf": -0.15922099827368355,
    "xsup": 0.1569201945620786,
    "yinf": -0.15828077181651168,
    "ysup": 0.15786042101925046,
    "loopnb": [
        9
    ],
    "Targets": [
        [
            0,
            3,
            6,
            1,
            2,
            4,
            7,
            5,
            8
        ]
    ],
    "SpaceRotsUn": [
        [
            [
                [
                    1.0,
                    0.0
                ],
                [
                    0.0,
                    1.0
                ]
            ],
            [
                [
                    1.0,
                    2.449293598294706e-16
                ],
                [
                    -2.449293598294706e-16,
                    1.0
                ]
            ],
            [
                [
                    1.0,
                    4.898587196589413e-16
                ],
                [
                    -4.898587196589413e-16,
                    1.0
                ]
            ],
            [
                [
                    1.0,
                    2.4492935982947064e-16
                ],
                [
                    -2.4492935982947064e-16,
                    1.0
                ]
            ],
            [
                [
                    1.0,
                    2.4492935982947064e-16
                ],
                [
                    -2.4492935982947064e-16,
                    1.0
                ]
            ],
            [
                [
                    1.0,
                    4.898587196589412e-16
                ],
                [
                    -4.898587196589412e-16,
                    1.0
                ]
            ],
            [
                [
                    1.0,
                    7.347880794884119e-16
                ],
                [
                    -7.347880794884119e-16,
                    1.0
                ]
            ],
            [
                [
                    1.0,
                    4.898587196589412e-16
                ],
                [
                    -4.898587196589412e-16,
                    1.0
                ]
            ],
            [
                [
                    1.0,
                    7.347880794884119e-16
                ],
                [
                    -7.347880794884119e-16,
                    1.0
                ]
            ]
        ]
    ],
    "TimeRevsUn": [
        [
            1,
            1,
            1,
            1,
            1,
            1,
            1,
            1,
            1
        ]
    ],
    "TimeShiftNumUn": [
        [
            0,
            1,
            2,
            1,
            2,
            4,
            7,
            5,
            8
        ]
    ],
    "TimeShiftDenUn": [
        [
            1,
            3,
            3,
            9,
            9,
            9,
            9,
            9,
            9
        ]
    ],
    "RequiresLoopDispUn": [
        [
            true,
            false,
            false,
            false,
            false,
            false,
            false,
            false,
            false
        ]
    ]
}