{
    "nbody": 9,
    "n_int": 3600,
    "mass": [
        0.3333333333333333,
        0.3333333333333333,
        0.3333333333333333,
        0.3333333333333333,
        0.3333333333333333,
        0.3333333333333333,
        0.3333333333333333,
        0.3333333333333333,
        0.3333333333333333
    ],
    "nloop": 1,
    "Action": 57.09328381770497,
    "Grad_Action": 5.870008743968716e-15,
    "Newton_Error": 1.231184494418204e-13,
    "Min_Distance": 0.01687855620284914,
    "Max_PathLength": 3.157318477148728,
    "Hash": [
        57.09328381770497,
        28.142420300196637,
        41.98164512050489,
        84.11155323302017,
        226.72757216044602
    ],
    "xinf": -0.13662823848229866,
    "xsup": 0.1358222017460623,
    "yinf": -0.13463467604936344,
    "ysup": 0.13781576417899752,
    "loopnb": [
        9
    ],
    "Targets": [
        [
            0,
            3,
            6,
            1,
            2,
            4,
            7,
            5,
            8
        ]
    ],
    "SpaceRotsUn": [
        [
            [
                [
                    1.0,
                    0.0
                ],
                [
                    0.0,
                    1.0
                ]
            ],
            [
                [
                    1.0,
                    2.449293598294706e-16
                ],
                [
                    -2.449293598294706e-16,
                    1.0
                ]
            ],
            [
                [
                    1.0,
                    4.898587196589413e-16
                ],
                [
                    -4.898587196589413e-16,
                    1.0
                ]
            ],
            [
                [
                    1.0,
                    2.4492935982947064e-16
                ],
                [
                    -2.4492935982947064e-16,
                    1.0
                ]
            ],
            [
                [
                    1.0,
                    2.4492935982947064e-16
                ],
                [
                    -2.4492935982947064e-16,
                    1.0
                ]
            ],
            [
                [
                    1.0,
                    4.898587196589412e-16
                ],
                [
                    -4.898587196589412e-16,
                    1.0
                ]
            ],
            [
                [
                    1.0,
                    7.347880794884119e-16
                ],
                [
                    -7.347880794884119e-16,
                    1.0
                ]
            ],
            [
                [
                    1.0,
                    4.898587196589412e-16
                ],
                [
                    -4.898587196589412e-16,
                    1.0
                ]
            ],
            [
                [
                    1.0,
                    7.347880794884119e-16
                ],
                [
                    -7.347880794884119e-16,
                    1.0
                ]
            ]
        ]
    ],
    "TimeRevsUn": [
        [
            1,
            1,
            1,
            1,
            1,
            1,
            1,
            1,
            1
        ]
    ],
    "TimeShiftNumUn": [
        [
            0,
            1,
            2,
            1,
            2,
            4,
            7,
            5,
            8
        ]
    ],
    "TimeShiftDenUn": [
        [
            1,
            3,
            3,
            9,
            9,
            9,
            9,
            9,
            9
        ]
    ],
    "RequiresLoopDispUn": [
        [
            true,
            false,
            false,
            false,
            false,
            false,
            false,
            false,
            false
        ]
    ]
}