{
    "nbody": 9,
    "n_int": 3600,
    "mass": [
        0.3333333333333333,
        0.3333333333333333,
        0.3333333333333333,
        0.3333333333333333,
        0.3333333333333333,
        0.3333333333333333,
        0.3333333333333333,
        0.3333333333333333,
        0.3333333333333333
    ],
    "nloop": 1,
    "Action": 57.47309108707259,
    "Grad_Action": 5.164643105354663e-15,
    "Newton_Error": 1.8516677851616698e-14,
    "Min_Distance": 0.017153073216479364,
    "Max_PathLength": 3.0796232499229,
    "Hash": [
        57.47309108707259,
        28.275908565878307,
        42.2079640410528,
        84.81892501538309,
        229.42671332753247
    ],
    "xinf": -0.15915532025811546,
    "xsup": 0.15923012558248395,
    "yinf": -0.15695765478241513,
    "ysup": 0.16142779105818428,
    "loopnb": [
        9
    ],
    "Targets": [
        [
            0,
            3,
            6,
            1,
            2,
            4,
            7,
            5,
            8
        ]
    ],
    "SpaceRotsUn": [
        [
            [
                [
                    1.0,
                    0.0
                ],
                [
                    0.0,
                    1.0
                ]
            ],
            [
                [
                    1.0,
                    2.449293598294706e-16
                ],
                [
                    -2.449293598294706e-16,
                    1.0
                ]
            ],
            [
                [
                    1.0,
                    4.898587196589413e-16
                ],
                [
                    -4.898587196589413e-16,
                    1.0
                ]
            ],
            [
                [
                    1.0,
                    2.4492935982947064e-16
                ],
                [
                    -2.4492935982947064e-16,
                    1.0
                ]
            ],
            [
                [
                    1.0,
                    2.4492935982947064e-16
                ],
                [
                    -2.4492935982947064e-16,
                    1.0
                ]
            ],
            [
                [
                    1.0,
                    4.898587196589412e-16
                ],
                [
                    -4.898587196589412e-16,
                    1.0
                ]
            ],
            [
                [
                    1.0,
                    7.347880794884119e-16
                ],
                [
                    -7.347880794884119e-16,
                    1.0
                ]
            ],
            [
                [
                    1.0,
                    4.898587196589412e-16
                ],
                [
                    -4.898587196589412e-16,
                    1.0
                ]
            ],
            [
                [
                    1.0,
                    7.347880794884119e-16
                ],
                [
                    -7.347880794884119e-16,
                    1.0
                ]
            ]
        ]
    ],
    "TimeRevsUn": [
        [
            1,
            1,
            1,
            1,
            1,
            1,
            1,
            1,
            1
        ]
    ],
    "TimeShiftNumUn": [
        [
            0,
            1,
            2,
            1,
            2,
            4,
            7,
            5,
            8
        ]
    ],
    "TimeShiftDenUn": [
        [
            1,
            3,
            3,
            9,
            9,
            9,
            9,
            9,
            9
        ]
    ],
    "RequiresLoopDispUn": [
        [
            true,
            false,
            false,
            false,
            false,
            false,
            false,
            false,
            false
        ]
    ]
}