{
    "nbody": 12,
    "n_int": 4800,
    "mass": [
        0.25,
        0.25,
        0.25,
        0.25,
        0.25,
        0.25,
        0.25,
        0.25,
        0.25,
        0.25,
        0.25,
        0.25
    ],
    "nloop": 4,
    "Action": 40.30108937255215,
    "Grad_Action": 1.3719143733552595e-13,
    "Newton_Error": 5.782450515825613e-12,
    "Min_Distance": 0.011858201944423507,
    "Max_PathLength": 2.974274803661637,
    "Hash": [
        40.301089372552156,
        21.059278449476967,
        30.218466433688242,
        58.690997197314786,
        161.08045807538113
    ],
    "xinf": -0.2972375869130594,
    "xsup": 0.2964002143957912,
    "yinf": -0.29776829801086857,
    "ysup": 0.295869503297982,
    "loopnb": [
        3,
        3,
        3,
        3
    ],
    "Targets": [
        [
            0,
            4,
            8
        ],
        [
            1,
            5,
            9
        ],
        [
            2,
            6,
            10
        ],
        [
            11,
            3,
            7
        ]
    ],
    "SpaceRotsUn": [
        [
            [
                [
                    1.0,
                    0.0
                ],
                [
                    0.0,
                    1.0
                ]
            ],
            [
                [
                    1.0,
                    2.449293598294706e-16
                ],
                [
                    -2.449293598294706e-16,
                    1.0
                ]
            ],
            [
                [
                    1.0,
                    4.898587196589413e-16
                ],
                [
                    -4.898587196589413e-16,
                    1.0
                ]
            ]
        ],
        [
            [
                [
                    1.0,
                    0.0
                ],
                [
                    0.0,
                    1.0
                ]
            ],
            [
                [
                    1.0,
                    2.449293598294706e-16
                ],
                [
                    -2.449293598294706e-16,
                    1.0
                ]
            ],
            [
                [
                    1.0,
                    4.898587196589413e-16
                ],
                [
                    -4.898587196589413e-16,
                    1.0
                ]
            ]
        ],
        [
            [
                [
                    1.0,
                    0.0
                ],
                [
                    0.0,
                    1.0
                ]
            ],
            [
                [
                    1.0,
                    2.449293598294706e-16
                ],
                [
                    -2.449293598294706e-16,
                    1.0
                ]
            ],
            [
                [
                    1.0,
                    4.898587196589413e-16
                ],
                [
                    -4.898587196589413e-16,
                    1.0
                ]
            ]
        ],
        [
            [
                [
                    1.0,
                    0.0
                ],
                [
                    0.0,
                    1.0
                ]
            ],
            [
                [
                    1.0,
                    -4.898587196589413e-16
                ],
                [
                    4.898587196589413e-16,
                    1.0
                ]
            ],
            [
                [
                    1.0,
                    -2.449293598294707e-16
                ],
                [
                    2.449293598294707e-16,
                    1.0
                ]
            ]
        ]
    ],
    "TimeRevsUn": [
        [
            1,
            1,
            1
        ],
        [
            1,
            1,
            1
        ],
        [
            1,
            1,
            1
        ],
        [
            1,
            1,
            1
        ]
    ],
    "TimeShiftNumUn": [
        [
            0,
            1,
            2
        ],
        [
            0,
            1,
            2
        ],
        [
            0,
            1,
            2
        ],
        [
            0,
            1,
            2
        ]
    ],
    "TimeShiftDenUn": [
        [
            1,
            3,
            3
        ],
        [
            1,
            3,
            3
        ],
        [
            1,
            3,
            3
        ],
        [
            1,
            3,
            3
        ]
    ],
    "RequiresLoopDispUn": [
        [
            true,
            false,
            false
        ],
        [
            true,
            false,
            false
        ],
        [
            true,
            false,
            false
        ],
        [
            true,
            false,
            false
        ]
    ]
}