{
    "nbody": 5,
    "n_int": 2400,
    "mass": [
        0.16666666666666666,
        0.16666666666666666,
        0.16666666666666666,
        0.25,
        0.25
    ],
    "nloop": 5,
    "Action": 8.398800607874554,
    "Grad_Action": 1.0684097635238506e-11,
    "Newton_Error": 5.541654694548672e-12,
    "Min_Distance": 0.0177387368947419,
    "Max_PathLength": 2.24084456039645,
    "Hash": [
        8.398800607874556,
        3.7886628835404665,
        5.815013989593667,
        13.513582860766506,
        44.49417194248741
    ],
    "xinf": -0.16007997760550155,
    "xsup": 0.16008085507278505,
    "yinf": -0.16008083650283908,
    "ysup": 0.16007999617544752,
    "loopnb": [
        1,
        1,
        1,
        1,
        1
    ],
    "Targets": [
        [
            0
        ],
        [
            1
        ],
        [
            2
        ],
        [
            3
        ],
        [
            4
        ]
    ],
    "SpaceRotsUn": [
        [
            [
                [
                    1.0,
                    0.0
                ],
                [
                    0.0,
                    1.0
                ]
            ]
        ],
        [
            [
                [
                    1.0,
                    0.0
                ],
                [
                    0.0,
                    1.0
                ]
            ]
        ],
        [
            [
                [
                    1.0,
                    0.0
                ],
                [
                    0.0,
                    1.0
                ]
            ]
        ],
        [
            [
                [
                    1.0,
                    0.0
                ],
                [
                    0.0,
                    1.0
                ]
            ]
        ],
        [
            [
                [
                    1.0,
                    0.0
                ],
                [
                    0.0,
                    1.0
                ]
            ]
        ]
    ],
    "TimeRevsUn": [
        [
            1
        ],
        [
            1
        ],
        [
            1
        ],
        [
            1
        ],
        [
            1
        ]
    ],
    "TimeShiftNumUn": [
        [
            0
        ],
        [
            0
        ],
        [
            0
        ],
        [
            0
        ],
        [
            0
        ]
    ],
    "TimeShiftDenUn": [
        [
            1
        ],
        [
            1
        ],
        [
            1
        ],
        [
            1
        ],
        [
            1
        ]
    ],
    "RequiresLoopDispUn": [
        [
            true
        ],
        [
            true
        ],
        [
            true
        ],
        [
            true
        ],
        [
            true
        ]
    ]
}