{
    "nbody": 5,
    "n_int": 2400,
    "mass": [
        0.16666666666666666,
        0.16666666666666666,
        0.16666666666666666,
        0.25,
        0.25
    ],
    "nloop": 5,
    "Action": 8.586646051626909,
    "Grad_Action": 8.718050619397464e-11,
    "Newton_Error": 5.076881510618e-11,
    "Min_Distance": 0.017770966062954408,
    "Max_PathLength": 2.2954324478663573,
    "Hash": [
        8.58664605162691,
        3.8567778221825,
        5.9260347907293545,
        13.886237004050438,
        46.31082213839819
    ],
    "xinf": -0.17897051762341298,
    "xsup": 0.1793964510767625,
    "yinf": -0.17925851707859808,
    "ysup": 0.1791084516215774,
    "loopnb": [
        1,
        1,
        1,
        1,
        1
    ],
    "Targets": [
        [
            0
        ],
        [
            1
        ],
        [
            2
        ],
        [
            3
        ],
        [
            4
        ]
    ],
    "SpaceRotsUn": [
        [
            [
                [
                    1.0,
                    0.0
                ],
                [
                    0.0,
                    1.0
                ]
            ]
        ],
        [
            [
                [
                    1.0,
                    0.0
                ],
                [
                    0.0,
                    1.0
                ]
            ]
        ],
        [
            [
                [
                    1.0,
                    0.0
                ],
                [
                    0.0,
                    1.0
                ]
            ]
        ],
        [
            [
                [
                    1.0,
                    0.0
                ],
                [
                    0.0,
                    1.0
                ]
            ]
        ],
        [
            [
                [
                    1.0,
                    0.0
                ],
                [
                    0.0,
                    1.0
                ]
            ]
        ]
    ],
    "TimeRevsUn": [
        [
            1
        ],
        [
            1
        ],
        [
            1
        ],
        [
            1
        ],
        [
            1
        ]
    ],
    "TimeShiftNumUn": [
        [
            0
        ],
        [
            0
        ],
        [
            0
        ],
        [
            0
        ],
        [
            0
        ]
    ],
    "TimeShiftDenUn": [
        [
            1
        ],
        [
            1
        ],
        [
            1
        ],
        [
            1
        ],
        [
            1
        ]
    ],
    "RequiresLoopDispUn": [
        [
            true
        ],
        [
            true
        ],
        [
            true
        ],
        [
            true
        ],
        [
            true
        ]
    ]
}