{
    "nbody": 5,
    "n_int": 2400,
    "mass": [
        0.16666666666666666,
        0.16666666666666666,
        0.16666666666666666,
        0.25,
        0.25
    ],
    "nloop": 5,
    "Action": 8.405656365930842,
    "Grad_Action": 3.725555073732161e-11,
    "Newton_Error": 1.925324166556653e-11,
    "Min_Distance": 0.01777909331549665,
    "Max_PathLength": 2.2424840621014464,
    "Hash": [
        8.405656365930843,
        3.7909698150030295,
        5.818978138424209,
        13.526771809260659,
        44.547926182978564
    ],
    "xinf": -0.17898322254443658,
    "xsup": 0.17939925101311663,
    "yinf": -0.17910816037881436,
    "ysup": 0.17927431317873885,
    "loopnb": [
        1,
        1,
        1,
        1,
        1
    ],
    "Targets": [
        [
            0
        ],
        [
            1
        ],
        [
            2
        ],
        [
            3
        ],
        [
            4
        ]
    ],
    "SpaceRotsUn": [
        [
            [
                [
                    1.0,
                    0.0
                ],
                [
                    0.0,
                    1.0
                ]
            ]
        ],
        [
            [
                [
                    1.0,
                    0.0
                ],
                [
                    0.0,
                    1.0
                ]
            ]
        ],
        [
            [
                [
                    1.0,
                    0.0
                ],
                [
                    0.0,
                    1.0
                ]
            ]
        ],
        [
            [
                [
                    1.0,
                    0.0
                ],
                [
                    0.0,
                    1.0
                ]
            ]
        ],
        [
            [
                [
                    1.0,
                    0.0
                ],
                [
                    0.0,
                    1.0
                ]
            ]
        ]
    ],
    "TimeRevsUn": [
        [
            1
        ],
        [
            1
        ],
        [
            1
        ],
        [
            1
        ],
        [
            1
        ]
    ],
    "TimeShiftNumUn": [
        [
            0
        ],
        [
            0
        ],
        [
            0
        ],
        [
            0
        ],
        [
            0
        ]
    ],
    "TimeShiftDenUn": [
        [
            1
        ],
        [
            1
        ],
        [
            1
        ],
        [
            1
        ],
        [
            1
        ]
    ],
    "RequiresLoopDispUn": [
        [
            true
        ],
        [
            true
        ],
        [
            true
        ],
        [
            true
        ],
        [
            true
        ]
    ]
}