{
    "nbody": 5,
    "n_int": 2400,
    "mass": [
        0.16666666666666666,
        0.16666666666666666,
        0.16666666666666666,
        0.25,
        0.25
    ],
    "nloop": 5,
    "Action": 8.586618254475411,
    "Grad_Action": 4.200369673254695e-10,
    "Newton_Error": 2.44717803624101e-10,
    "Min_Distance": 0.017743007188704904,
    "Max_PathLength": 2.3886488685525142,
    "Hash": [
        8.586618254475411,
        3.8567690570983837,
        5.926018404271838,
        13.886193013762343,
        46.31085220014411
    ],
    "xinf": -0.17861019443052534,
    "xsup": 0.17902885960674964,
    "yinf": -0.1788497631962448,
    "ysup": 0.17878929084103018,
    "loopnb": [
        1,
        1,
        1,
        1,
        1
    ],
    "Targets": [
        [
            0
        ],
        [
            1
        ],
        [
            2
        ],
        [
            3
        ],
        [
            4
        ]
    ],
    "SpaceRotsUn": [
        [
            [
                [
                    1.0,
                    0.0
                ],
                [
                    0.0,
                    1.0
                ]
            ]
        ],
        [
            [
                [
                    1.0,
                    0.0
                ],
                [
                    0.0,
                    1.0
                ]
            ]
        ],
        [
            [
                [
                    1.0,
                    0.0
                ],
                [
                    0.0,
                    1.0
                ]
            ]
        ],
        [
            [
                [
                    1.0,
                    0.0
                ],
                [
                    0.0,
                    1.0
                ]
            ]
        ],
        [
            [
                [
                    1.0,
                    0.0
                ],
                [
                    0.0,
                    1.0
                ]
            ]
        ]
    ],
    "TimeRevsUn": [
        [
            1
        ],
        [
            1
        ],
        [
            1
        ],
        [
            1
        ],
        [
            1
        ]
    ],
    "TimeShiftNumUn": [
        [
            0
        ],
        [
            0
        ],
        [
            0
        ],
        [
            0
        ],
        [
            0
        ]
    ],
    "TimeShiftDenUn": [
        [
            1
        ],
        [
            1
        ],
        [
            1
        ],
        [
            1
        ],
        [
            1
        ]
    ],
    "RequiresLoopDispUn": [
        [
            true
        ],
        [
            true
        ],
        [
            true
        ],
        [
            true
        ],
        [
            true
        ]
    ]
}