{
    "nbody": 5,
    "n_int": 2400,
    "mass": [
        0.16666666666666666,
        0.16666666666666666,
        0.16666666666666666,
        0.25,
        0.25
    ],
    "nloop": 5,
    "Action": 8.405628559803292,
    "Grad_Action": 1.030121568803339e-11,
    "Newton_Error": 5.324939912859079e-12,
    "Min_Distance": 0.017773380917500897,
    "Max_PathLength": 2.3882621096846632,
    "Hash": [
        8.405628559803292,
        3.790961067211133,
        5.818961805017758,
        13.526727412789107,
        44.5479491101422
    ],
    "xinf": -0.17889514868985124,
    "xsup": 0.17872851968720865,
    "yinf": -0.17865225593891115,
    "ysup": 0.17897141243814874,
    "loopnb": [
        1,
        1,
        1,
        1,
        1
    ],
    "Targets": [
        [
            0
        ],
        [
            1
        ],
        [
            2
        ],
        [
            3
        ],
        [
            4
        ]
    ],
    "SpaceRotsUn": [
        [
            [
                [
                    1.0,
                    0.0
                ],
                [
                    0.0,
                    1.0
                ]
            ]
        ],
        [
            [
                [
                    1.0,
                    0.0
                ],
                [
                    0.0,
                    1.0
                ]
            ]
        ],
        [
            [
                [
                    1.0,
                    0.0
                ],
                [
                    0.0,
                    1.0
                ]
            ]
        ],
        [
            [
                [
                    1.0,
                    0.0
                ],
                [
                    0.0,
                    1.0
                ]
            ]
        ],
        [
            [
                [
                    1.0,
                    0.0
                ],
                [
                    0.0,
                    1.0
                ]
            ]
        ]
    ],
    "TimeRevsUn": [
        [
            1
        ],
        [
            1
        ],
        [
            1
        ],
        [
            1
        ],
        [
            1
        ]
    ],
    "TimeShiftNumUn": [
        [
            0
        ],
        [
            0
        ],
        [
            0
        ],
        [
            0
        ],
        [
            0
        ]
    ],
    "TimeShiftDenUn": [
        [
            1
        ],
        [
            1
        ],
        [
            1
        ],
        [
            1
        ],
        [
            1
        ]
    ],
    "RequiresLoopDispUn": [
        [
            true
        ],
        [
            true
        ],
        [
            true
        ],
        [
            true
        ],
        [
            true
        ]
    ]
}