{
    "nbody": 6,
    "n_Fourier": 4200,
    "n_int": 8400,
    "mass": [
        1.0,
        1.0,
        1.0,
        1.0,
        1.0,
        1.0
    ],
    "nloop": 1,
    "Action": 30.746273672401603,
    "Grad_Action": 8.10022549195277e-14,
    "Newton_Error": 5.74958133715532e-15,
    "Min_Distance": 0.04166946353702187,
    "Max_PathLength": 1.682893774255713,
    "Hash": [
        30.746273672401603,
        25.997034119500935,
        28.35923821536137,
        34.60502927573619,
        51.224824464378415
    ],
    "xinf": -0.8346005581783764,
    "xsup": 0.8346005581783764,
    "yinf": -0.8346005581783764,
    "ysup": 0.8346005581783764,
    "loopnb": [
        6
    ],
    "Targets": [
        [
            0,
            1,
            3,
            2,
            4,
            5
        ]
    ],
    "SpaceRotsUn": [
        [
            [
                [
                    1.0,
                    0.0
                ],
                [
                    0.0,
                    1.0
                ]
            ],
            [
                [
                    0.5000000000000001,
                    -0.8660254037844385
                ],
                [
                    0.8660254037844385,
                    0.5000000000000001
                ]
            ],
            [
                [
                    -1.0,
                    -1.2246467991473532e-16
                ],
                [
                    1.2246467991473532e-16,
                    -1.0
                ]
            ],
            [
                [
                    -0.4999999999999996,
                    -0.8660254037844387
                ],
                [
                    0.8660254037844387,
                    -0.49999999999999956
                ]
            ],
            [
                [
                    -0.5000000000000002,
                    0.8660254037844384
                ],
                [
                    -0.8660254037844384,
                    -0.5000000000000002
                ]
            ],
            [
                [
                    0.4999999999999995,
                    0.8660254037844388
                ],
                [
                    -0.8660254037844388,
                    0.49999999999999944
                ]
            ]
        ]
    ],
    "TimeRevsUn": [
        [
            1,
            1,
            1,
            1,
            1,
            1
        ]
    ],
    "TimeShiftNumUn": [
        [
            0,
            1,
            0,
            2,
            1,
            2
        ]
    ],
    "TimeShiftDenUn": [
        [
            1,
            3,
            1,
            3,
            3,
            3
        ]
    ],
    "RequiresLoopDispUn": [
        [
            true,
            true,
            true,
            true,
            true,
            true
        ]
    ]
}