{
    "nbody": 3,
    "n_Fourier": 38400,
    "n_int": 76800,
    "mass": [
        1.0,
        1.0,
        1.0
    ],
    "nloop": 1,
    "Action": 32.16898136308117,
    "Grad_Action": 1.5877535696197484e-10,
    "Newton_Error": 3.489345860207347e-09,
    "Min_Distance": 0.004694295256140179,
    "Max_PathLength": 2.1794702930166805,
    "Hash": [
        32.16898136308117,
        16.867379014369238,
        24.36920258682675,
        46.26323946991015,
        131.40395632274044
    ],
    "xinf": -0.12193152727324956,
    "xsup": 0.12193152727324953,
    "yinf": -0.12193152727324955,
    "ysup": 0.12193152727324955,
    "loopnb": [
        3
    ],
    "Targets": [
        [
            0,
            1,
            2
        ]
    ],
    "SpaceRotsUn": [
        [
            [
                [
                    1.0,
                    0.0
                ],
                [
                    0.0,
                    1.0
                ]
            ],
            [
                [
                    1.0,
                    2.4492935982947064e-16
                ],
                [
                    -2.4492935982947064e-16,
                    1.0
                ]
            ],
            [
                [
                    1.0,
                    4.898587196589413e-16
                ],
                [
                    -4.898587196589413e-16,
                    1.0
                ]
            ]
        ]
    ],
    "TimeRevsUn": [
        [
            1,
            1,
            1
        ]
    ],
    "TimeShiftNumUn": [
        [
            0,
            2,
            1
        ]
    ],
    "TimeShiftDenUn": [
        [
            1,
            3,
            3
        ]
    ],
    "RequiresLoopDispUn": [
        [
            true,
            false,
            false
        ]
    ]
}