{
    "nbody": 9,
    "n_Fourier": 50,
    "n_int": 100,
    "mass": [
        1.0,
        1.0,
        1.0,
        1.0,
        1.0,
        1.0,
        1.0,
        1.0,
        1.0
    ],
    "nloop": 9,
    "Action": 33.95841131610916,
    "Grad_Action": 1.4416952367161512e-11,
    "Newton_Error": 1.1327485914080721e-13,
    "Min_Distance": 0.2837380613399909,
    "Max_PathLength": 3.4932000321436707,
    "Hash": [
        101.87523394832513,
        79.50554253149258,
        93.03619874184926,
        112.52136657926431,
        141.00418978219108
    ],
    "xinf": -0.5560030335900983,
    "xsup": 0.5560030335900983,
    "yinf": -0.5560030335900983,
    "ysup": 0.5560030335900983,
    "loopnb": [
        1,
        1,
        1,
        1,
        1,
        1,
        1,
        1,
        1
    ],
    "Targets": [
        [
            0
        ],
        [
            1
        ],
        [
            2
        ],
        [
            3
        ],
        [
            4
        ],
        [
            5
        ],
        [
            6
        ],
        [
            7
        ],
        [
            8
        ]
    ],
    "SpaceRotsUn": [
        [
            [
                [
                    1.0,
                    0.0
                ],
                [
                    0.0,
                    1.0
                ]
            ]
        ],
        [
            [
                [
                    1.0,
                    0.0
                ],
                [
                    0.0,
                    1.0
                ]
            ]
        ],
        [
            [
                [
                    1.0,
                    0.0
                ],
                [
                    0.0,
                    1.0
                ]
            ]
        ],
        [
            [
                [
                    1.0,
                    0.0
                ],
                [
                    0.0,
                    1.0
                ]
            ]
        ],
        [
            [
                [
                    1.0,
                    0.0
                ],
                [
                    0.0,
                    1.0
                ]
            ]
        ],
        [
            [
                [
                    1.0,
                    0.0
                ],
                [
                    0.0,
                    1.0
                ]
            ]
        ],
        [
            [
                [
                    1.0,
                    0.0
                ],
                [
                    0.0,
                    1.0
                ]
            ]
        ],
        [
            [
                [
                    1.0,
                    0.0
                ],
                [
                    0.0,
                    1.0
                ]
            ]
        ],
        [
            [
                [
                    1.0,
                    0.0
                ],
                [
                    0.0,
                    1.0
                ]
            ]
        ]
    ],
    "TimeRevsUn": [
        [
            1
        ],
        [
            1
        ],
        [
            1
        ],
        [
            1
        ],
        [
            1
        ],
        [
            1
        ],
        [
            1
        ],
        [
            1
        ],
        [
            1
        ]
    ],
    "TimeShiftNumUn": [
        [
            0
        ],
        [
            0
        ],
        [
            0
        ],
        [
            0
        ],
        [
            0
        ],
        [
            0
        ],
        [
            0
        ],
        [
            0
        ],
        [
            0
        ]
    ],
    "TimeShiftDenUn": [
        [
            1
        ],
        [
            1
        ],
        [
            1
        ],
        [
            1
        ],
        [
            1
        ],
        [
            1
        ],
        [
            1
        ],
        [
            1
        ],
        [
            1
        ]
    ],
    "RequiresLoopDispUn": [
        [
            true
        ],
        [
            true
        ],
        [
            true
        ],
        [
            true
        ],
        [
            true
        ],
        [
            true
        ],
        [
            true
        ],
        [
            true
        ],
        [
            true
        ]
    ]
}