{
    "nbody": 9,
    "n_Fourier": 50,
    "n_int": 100,
    "mass": [
        1.0,
        1.0,
        1.0,
        1.0,
        1.0,
        1.0,
        1.0,
        1.0,
        1.0
    ],
    "nloop": 9,
    "Action": 33.29253090548159,
    "Grad_Action": 1.7754699640290293e-11,
    "Newton_Error": 1.3947502022802244e-13,
    "Min_Distance": 0.33806822820414484,
    "Max_PathLength": 3.2248016443116025,
    "Hash": [
        99.87759271643898,
        78.65179404955589,
        91.59693469310926,
        109.69080490689723,
        135.22479944216013
    ],
    "xinf": -0.5132932550087392,
    "xsup": 0.5132932550087392,
    "yinf": -0.5132932550087392,
    "ysup": 0.5132932550087392,
    "loopnb": [
        1,
        1,
        1,
        1,
        1,
        1,
        1,
        1,
        1
    ],
    "Targets": [
        [
            0
        ],
        [
            1
        ],
        [
            2
        ],
        [
            3
        ],
        [
            4
        ],
        [
            5
        ],
        [
            6
        ],
        [
            7
        ],
        [
            8
        ]
    ],
    "SpaceRotsUn": [
        [
            [
                [
                    1.0,
                    0.0
                ],
                [
                    0.0,
                    1.0
                ]
            ]
        ],
        [
            [
                [
                    1.0,
                    0.0
                ],
                [
                    0.0,
                    1.0
                ]
            ]
        ],
        [
            [
                [
                    1.0,
                    0.0
                ],
                [
                    0.0,
                    1.0
                ]
            ]
        ],
        [
            [
                [
                    1.0,
                    0.0
                ],
                [
                    0.0,
                    1.0
                ]
            ]
        ],
        [
            [
                [
                    1.0,
                    0.0
                ],
                [
                    0.0,
                    1.0
                ]
            ]
        ],
        [
            [
                [
                    1.0,
                    0.0
                ],
                [
                    0.0,
                    1.0
                ]
            ]
        ],
        [
            [
                [
                    1.0,
                    0.0
                ],
                [
                    0.0,
                    1.0
                ]
            ]
        ],
        [
            [
                [
                    1.0,
                    0.0
                ],
                [
                    0.0,
                    1.0
                ]
            ]
        ],
        [
            [
                [
                    1.0,
                    0.0
                ],
                [
                    0.0,
                    1.0
                ]
            ]
        ]
    ],
    "TimeRevsUn": [
        [
            1
        ],
        [
            1
        ],
        [
            1
        ],
        [
            1
        ],
        [
            1
        ],
        [
            1
        ],
        [
            1
        ],
        [
            1
        ],
        [
            1
        ]
    ],
    "TimeShiftNumUn": [
        [
            0
        ],
        [
            0
        ],
        [
            0
        ],
        [
            0
        ],
        [
            0
        ],
        [
            0
        ],
        [
            0
        ],
        [
            0
        ],
        [
            0
        ]
    ],
    "TimeShiftDenUn": [
        [
            1
        ],
        [
            1
        ],
        [
            1
        ],
        [
            1
        ],
        [
            1
        ],
        [
            1
        ],
        [
            1
        ],
        [
            1
        ],
        [
            1
        ]
    ],
    "RequiresLoopDispUn": [
        [
            true
        ],
        [
            true
        ],
        [
            true
        ],
        [
            true
        ],
        [
            true
        ],
        [
            true
        ],
        [
            true
        ],
        [
            true
        ],
        [
            true
        ]
    ]
}