{
    "nbody": 1,
    "n_Fourier": 10,
    "n_int": 20,
    "mass": [
        1.0
    ],
    "nloop": 1,
    "Action": 2.0247410020459323e-31,
    "Grad_Action": 5.654505135533416e-15,
    "Newton_Error": 3.991904206431801e-15,
    "Min_Distance": 1e+50,
    "Max_PathLength": 5.019836324831983e-16,
    "Hash": [
        2.0247410020459323e-31,
        2.0247410020459323e-31,
        2.0247410020459323e-31,
        2.0247410020459323e-31,
        2.0247410020459323e-31
    ],
    "xinf": -0.07461063863982562,
    "xsup": -0.07461063863982545,
    "yinf": 0.09183893857391373,
    "ysup": 0.09183893857391387,
    "loopnb": [
        1
    ],
    "Targets": [
        [
            0
        ]
    ],
    "SpaceRotsUn": [
        [
            [
                [
                    1.0,
                    0.0
                ],
                [
                    0.0,
                    1.0
                ]
            ]
        ]
    ],
    "TimeRevsUn": [
        [
            1
        ]
    ],
    "TimeShiftNumUn": [
        [
            0
        ]
    ],
    "TimeShiftDenUn": [
        [
            1
        ]
    ],
    "RequiresLoopDispUn": [
        [
            true
        ]
    ]
}