{
    "nbody": 2,
    "n_Fourier": 300,
    "n_int": 600,
    "mass": [
        1.0,
        1.0
    ],
    "nloop": 1,
    "Action": 4.053851535095239,
    "Grad_Action": 6.935405158853878e-11,
    "Newton_Error": 1.5479714275547034e-12,
    "Min_Distance": 0.37001848415292016,
    "Max_PathLength": 1.162442039990157,
    "Hash": [
        4.053851535095239,
        2.83965290073782,
        3.5665262910199904,
        4.648382152533932,
        6.2585829395481705
    ],
    "xinf": -0.14394834130188686,
    "xsup": 0.2260692674824584,
    "yinf": -0.19206401513598376,
    "ysup": 0.1779535936483615,
    "loopnb": [
        2
    ],
    "Targets": [
        [
            0,
            1
        ]
    ],
    "SpaceRotsUn": [
        [
            [
                [
                    1.0,
                    0.0
                ],
                [
                    0.0,
                    1.0
                ]
            ],
            [
                [
                    1.0,
                    2.4492935982947064e-16
                ],
                [
                    -2.4492935982947064e-16,
                    1.0
                ]
            ]
        ]
    ],
    "TimeRevsUn": [
        [
            1,
            1
        ]
    ],
    "TimeShiftNumUn": [
        [
            0,
            1
        ]
    ],
    "TimeShiftDenUn": [
        [
            1,
            2
        ]
    ],
    "RequiresLoopDispUn": [
        [
            true,
            false
        ]
    ]
}