{
    "nbody": 2,
    "n_Fourier": 300,
    "n_int": 600,
    "mass": [
        1.0,
        1.0
    ],
    "nloop": 1,
    "Action": 4.05385153509522,
    "Grad_Action": 4.977331912227583e-15,
    "Newton_Error": 1.5367930285209672e-16,
    "Min_Distance": 0.370018484153678,
    "Max_PathLength": 1.1624420399912145,
    "Hash": [
        4.05385153509522,
        2.8396529007397207,
        3.566526291020861,
        4.6483821525328075,
        6.258582939543523
    ],
    "xinf": -0.185009242076839,
    "xsup": 0.1850092420768391,
    "yinf": -0.18500924207683905,
    "ysup": 0.18500924207683905,
    "loopnb": [
        2
    ],
    "Targets": [
        [
            0,
            1
        ]
    ],
    "SpaceRotsUn": [
        [
            [
                [
                    1.0,
                    0.0
                ],
                [
                    0.0,
                    1.0
                ]
            ],
            [
                [
                    1.0,
                    2.4492935982947064e-16
                ],
                [
                    -2.4492935982947064e-16,
                    1.0
                ]
            ]
        ]
    ],
    "TimeRevsUn": [
        [
            1,
            1
        ]
    ],
    "TimeShiftNumUn": [
        [
            0,
            1
        ]
    ],
    "TimeShiftDenUn": [
        [
            1,
            2
        ]
    ],
    "RequiresLoopDispUn": [
        [
            true,
            false
        ]
    ]
}