{
    "nbody": 3,
    "n_Fourier": 300,
    "n_int": 600,
    "mass": [
        1.0,
        1.0,
        1.0
    ],
    "nloop": 1,
    "Action": 10.624096524001365,
    "Grad_Action": 6.946444041387167e-08,
    "Newton_Error": 5.572778006589153e-10,
    "Min_Distance": 0.42356542844135514,
    "Max_PathLength": 1.536518389395473,
    "Hash": [
        10.624096524001365,
        7.771489057409736,
        9.506013929419908,
        11.951765434351413,
        15.400375783156878
    ],
    "xinf": -0.19098945805625242,
    "xsup": 0.29810161924039014,
    "yinf": -0.20986134535834505,
    "ysup": 0.27922973193829753,
    "loopnb": [
        3
    ],
    "Targets": [
        [
            0,
            1,
            2
        ]
    ],
    "SpaceRotsUn": [
        [
            [
                [
                    1.0,
                    0.0
                ],
                [
                    0.0,
                    1.0
                ]
            ],
            [
                [
                    1.0,
                    2.4492935982947064e-16
                ],
                [
                    -2.4492935982947064e-16,
                    1.0
                ]
            ],
            [
                [
                    1.0,
                    4.898587196589413e-16
                ],
                [
                    -4.898587196589413e-16,
                    1.0
                ]
            ]
        ]
    ],
    "TimeRevsUn": [
        [
            1,
            1,
            1
        ]
    ],
    "TimeShiftNumUn": [
        [
            0,
            2,
            1
        ]
    ],
    "TimeShiftDenUn": [
        [
            1,
            3,
            3
        ]
    ],
    "RequiresLoopDispUn": [
        [
            true,
            false,
            false
        ]
    ]
}