{
    "nbody": 5,
    "n_Fourier": 300,
    "n_int": 600,
    "mass": [
        1.0,
        1.0,
        1.0,
        1.0,
        1.0
    ],
    "nloop": 1,
    "Action": 31.599034651900297,
    "Grad_Action": 2.1997766337247663e-14,
    "Newton_Error": 2.897841464309919e-16,
    "Min_Distance": 0.38403878628913457,
    "Max_PathLength": 2.0525998435955652,
    "Hash": [
        31.599034651900297,
        23.91315241443522,
        28.60063636795098,
        35.148778550258264,
        44.357128211815606
    ],
    "xinf": -0.3266829039953889,
    "xsup": 0.3266829039953889,
    "yinf": -0.3266829039953889,
    "ysup": 0.3266829039953889,
    "loopnb": [
        5
    ],
    "Targets": [
        [
            0,
            1,
            2,
            3,
            4
        ]
    ],
    "SpaceRotsUn": [
        [
            [
                [
                    1.0,
                    0.0
                ],
                [
                    0.0,
                    1.0
                ]
            ],
            [
                [
                    1.0,
                    2.449293598294706e-16
                ],
                [
                    -2.449293598294706e-16,
                    1.0
                ]
            ],
            [
                [
                    1.0,
                    4.898587196589413e-16
                ],
                [
                    -4.898587196589413e-16,
                    1.0
                ]
            ],
            [
                [
                    1.0,
                    7.347880794884119e-16
                ],
                [
                    -7.347880794884119e-16,
                    1.0
                ]
            ],
            [
                [
                    1.0,
                    9.797174393178826e-16
                ],
                [
                    -9.797174393178826e-16,
                    1.0
                ]
            ]
        ]
    ],
    "TimeRevsUn": [
        [
            1,
            1,
            1,
            1,
            1
        ]
    ],
    "TimeShiftNumUn": [
        [
            0,
            1,
            2,
            3,
            4
        ]
    ],
    "TimeShiftDenUn": [
        [
            1,
            5,
            5,
            5,
            5
        ]
    ],
    "RequiresLoopDispUn": [
        [
            true,
            false,
            false,
            false,
            false
        ]
    ]
}