{
    "nbody": 8,
    "n_Fourier": 300,
    "n_int": 600,
    "mass": [
        1.0,
        1.0,
        1.0,
        1.0,
        1.0,
        1.0,
        1.0,
        1.0
    ],
    "nloop": 1,
    "Action": 81.26606311168223,
    "Grad_Action": 1.3865088061127826e-14,
    "Newton_Error": 6.40452912138482e-16,
    "Min_Distance": 0.31699599510584164,
    "Max_PathLength": 2.6023278115090807,
    "Hash": [
        81.26606311168223,
        62.88048539970071,
        73.97654850231956,
        90.08708638428519,
        113.87612816062686
    ],
    "xinf": -0.41417522721942596,
    "xsup": 0.41417522721942596,
    "yinf": -0.41417522721942596,
    "ysup": 0.41417522721942596,
    "loopnb": [
        8
    ],
    "Targets": [
        [
            0,
            1,
            2,
            3,
            4,
            5,
            6,
            7
        ]
    ],
    "SpaceRotsUn": [
        [
            [
                [
                    1.0,
                    0.0
                ],
                [
                    0.0,
                    1.0
                ]
            ],
            [
                [
                    1.0,
                    2.4492935982947064e-16
                ],
                [
                    -2.4492935982947064e-16,
                    1.0
                ]
            ],
            [
                [
                    1.0,
                    4.898587196589413e-16
                ],
                [
                    -4.898587196589413e-16,
                    1.0
                ]
            ],
            [
                [
                    1.0,
                    7.347880794884119e-16
                ],
                [
                    -7.347880794884119e-16,
                    1.0
                ]
            ],
            [
                [
                    1.0,
                    9.797174393178826e-16
                ],
                [
                    -9.797174393178826e-16,
                    1.0
                ]
            ],
            [
                [
                    1.0,
                    1.2246467991473533e-15
                ],
                [
                    -1.2246467991473533e-15,
                    1.0
                ]
            ],
            [
                [
                    1.0,
                    1.469576158976824e-15
                ],
                [
                    -1.469576158976824e-15,
                    1.0
                ]
            ],
            [
                [
                    1.0,
                    1.7145055188062946e-15
                ],
                [
                    -1.7145055188062946e-15,
                    1.0
                ]
            ]
        ]
    ],
    "TimeRevsUn": [
        [
            1,
            1,
            1,
            1,
            1,
            1,
            1,
            1
        ]
    ],
    "TimeShiftNumUn": [
        [
            0,
            7,
            3,
            5,
            1,
            3,
            1,
            1
        ]
    ],
    "TimeShiftDenUn": [
        [
            1,
            8,
            4,
            8,
            2,
            8,
            4,
            8
        ]
    ],
    "RequiresLoopDispUn": [
        [
            true,
            false,
            false,
            false,
            false,
            false,
            false,
            false
        ]
    ]
}