{
    "nbody": 10,
    "n_Fourier": 300,
    "n_int": 600,
    "mass": [
        1.0,
        1.0,
        1.0,
        1.0,
        1.0,
        1.0,
        1.0,
        1.0,
        1.0,
        1.0
    ],
    "nloop": 1,
    "Action": 125.73409994575847,
    "Grad_Action": 3.11247663276575e-14,
    "Newton_Error": 9.977349210733692e-16,
    "Min_Distance": 0.284782567078388,
    "Max_PathLength": 2.895202363981343,
    "Hash": [
        125.73409994575847,
        98.17125437096306,
        114.65381864260141,
        139.3754675508026,
        177.22969658968555
    ],
    "xinf": -0.4607878729362792,
    "xsup": 0.4607878729362793,
    "yinf": -0.4607878729362792,
    "ysup": 0.4607878729362793,
    "loopnb": [
        10
    ],
    "Targets": [
        [
            0,
            1,
            2,
            3,
            4,
            5,
            6,
            7,
            8,
            9
        ]
    ],
    "SpaceRotsUn": [
        [
            [
                [
                    1.0,
                    0.0
                ],
                [
                    0.0,
                    1.0
                ]
            ],
            [
                [
                    1.0,
                    2.4492935982947064e-16
                ],
                [
                    -2.4492935982947064e-16,
                    1.0
                ]
            ],
            [
                [
                    1.0,
                    4.898587196589413e-16
                ],
                [
                    -4.898587196589413e-16,
                    1.0
                ]
            ],
            [
                [
                    1.0,
                    7.347880794884119e-16
                ],
                [
                    -7.347880794884119e-16,
                    1.0
                ]
            ],
            [
                [
                    1.0,
                    9.797174393178826e-16
                ],
                [
                    -9.797174393178826e-16,
                    1.0
                ]
            ],
            [
                [
                    1.0,
                    1.2246467991473533e-15
                ],
                [
                    -1.2246467991473533e-15,
                    1.0
                ]
            ],
            [
                [
                    1.0,
                    1.469576158976824e-15
                ],
                [
                    -1.469576158976824e-15,
                    1.0
                ]
            ],
            [
                [
                    1.0,
                    1.7145055188062946e-15
                ],
                [
                    -1.7145055188062946e-15,
                    1.0
                ]
            ],
            [
                [
                    1.0,
                    1.959434878635765e-15
                ],
                [
                    -1.959434878635765e-15,
                    1.0
                ]
            ],
            [
                [
                    1.0,
                    2.204364238465236e-15
                ],
                [
                    -2.204364238465236e-15,
                    1.0
                ]
            ]
        ]
    ],
    "TimeRevsUn": [
        [
            1,
            1,
            1,
            1,
            1,
            1,
            1,
            1,
            1,
            1
        ]
    ],
    "TimeShiftNumUn": [
        [
            0,
            1,
            1,
            3,
            2,
            1,
            3,
            7,
            4,
            9
        ]
    ],
    "TimeShiftDenUn": [
        [
            1,
            10,
            5,
            10,
            5,
            2,
            5,
            10,
            5,
            10
        ]
    ],
    "RequiresLoopDispUn": [
        [
            true,
            false,
            false,
            false,
            false,
            false,
            false,
            false,
            false,
            false
        ]
    ]
}