{
    "nbody": 6,
    "n_Fourier": 4200,
    "n_int": 8400,
    "mass": [
        1.0,
        1.0,
        1.0,
        1.0,
        1.0,
        1.0
    ],
    "nloop": 1,
    "Action": 30.746273672401415,
    "Grad_Action": 1.2554554252506666e-07,
    "Newton_Error": 2.0762021479683094e-09,
    "Min_Distance": 0.04166946334137999,
    "Max_PathLength": 1.68289377393684,
    "Hash": [
        30.746273672401415,
        25.99703411925565,
        28.35923821451039,
        34.605029278922935,
        51.22482449610403
    ],
    "xinf": -0.8346005582663614,
    "xsup": 0.8346005582663614,
    "yinf": -0.8346005582663614,
    "ysup": 0.8346005582663614,
    "loopnb": [
        6
    ],
    "Targets": [
        [
            0,
            1,
            3,
            2,
            4,
            5
        ]
    ],
    "SpaceRotsUn": [
        [
            [
                [
                    1.0,
                    0.0
                ],
                [
                    0.0,
                    1.0
                ]
            ],
            [
                [
                    0.5000000000000001,
                    -0.8660254037844385
                ],
                [
                    0.8660254037844385,
                    0.5000000000000001
                ]
            ],
            [
                [
                    -1.0,
                    -1.2246467991473532e-16
                ],
                [
                    1.2246467991473532e-16,
                    -1.0
                ]
            ],
            [
                [
                    -0.4999999999999996,
                    -0.8660254037844387
                ],
                [
                    0.8660254037844387,
                    -0.49999999999999956
                ]
            ],
            [
                [
                    -0.5000000000000002,
                    0.8660254037844384
                ],
                [
                    -0.8660254037844384,
                    -0.5000000000000002
                ]
            ],
            [
                [
                    0.4999999999999995,
                    0.8660254037844388
                ],
                [
                    -0.8660254037844388,
                    0.49999999999999944
                ]
            ]
        ]
    ],
    "TimeRevsUn": [
        [
            1,
            1,
            1,
            1,
            1,
            1
        ]
    ],
    "TimeShiftNumUn": [
        [
            0,
            2,
            0,
            1,
            2,
            1
        ]
    ],
    "TimeShiftDenUn": [
        [
            1,
            3,
            1,
            3,
            3,
            3
        ]
    ],
    "RequiresLoopDispUn": [
        [
            true,
            true,
            true,
            true,
            true,
            true
        ]
    ]
}