{
  "nbody": 2,
  "n_int": 600,
  "mass": [
    100,
    1
  ],
  "nloop": 2,
  "Action": 109.67409178908372,
  "Grad_Action": 9.732955763252028e-15,
  "Newton_Error": 5.821317045267392e-15,
  "Min_Distance": 1.0603584770993588,
  "Max_PathLength": 8.39987241560566,
  "Hash": [
    109.67409178908372,
    124.51557133118682,
    114.23957143773752,
    105.44850379637658,
    97.9075479161577
  ],
  "xinf": -1.3541470830755569,
  "xsup": 1.3541470830755569,
  "yinf": -1.0932736991587149,
  "ysup": 1.6150204669923989,
  "loopnb": [
    1,
    1
  ],
  "Targets": [
    [
      0
    ],
    [
      1
    ]
  ],
  "SpaceRotsUn": [
    [
      [
        [
          1,
          0
        ],
        [
          0,
          1
        ]
      ]
    ],
    [
      [
        [
          1,
          0
        ],
        [
          0,
          1
        ]
      ]
    ]
  ],
  "TimeRevsUn": [
    [
      1
    ],
    [
      1
    ]
  ],
  "TimeShiftNumUn": [
    [
      0
    ],
    [
      0
    ]
  ],
  "TimeShiftDenUn": [
    [
      1
    ],
    [
      1
    ]
  ],
  "RequiresLoopDispUn": [
    [
      true
    ],
    [
      true
    ]
  ]
}