{
    "nbody": 8,
    "n_Fourier": 4200,
    "n_int": 8400,
    "mass": [
        1.0,
        1.0,
        1.0,
        1.0,
        1.0,
        1.0,
        1.0,
        1.0
    ],
    "nloop": 1,
    "Action": 44.874957088736494,
    "Grad_Action": 1.730279095934208e-14,
    "Newton_Error": 1.0841577070253561e-14,
    "Min_Distance": 0.027111176030886735,
    "Max_PathLength": 1.6626212083510836,
    "Hash": [
        44.874957088736494,
        41.401266223161734,
        42.48324455614852,
        49.5725845244988,
        73.98483743547425
    ],
    "xinf": -1.0777431689796635,
    "xsup": 1.0777431689796635,
    "yinf": -1.0777431689796635,
    "ysup": 1.0777431689796635,
    "loopnb": [
        8
    ],
    "Targets": [
        [
            0,
            1,
            4,
            2,
            5,
            3,
            6,
            7
        ]
    ],
    "SpaceRotsUn": [
        [
            [
                [
                    1.0,
                    0.0
                ],
                [
                    0.0,
                    1.0
                ]
            ],
            [
                [
                    0.7071067811865477,
                    -0.7071067811865476
                ],
                [
                    0.7071067811865476,
                    0.7071067811865477
                ]
            ],
            [
                [
                    -1.0,
                    -1.2246467991473532e-16
                ],
                [
                    1.2246467991473532e-16,
                    -1.0
                ]
            ],
            [
                [
                    1.536865183484121e-16,
                    -1.0000000000000002
                ],
                [
                    1.0000000000000002,
                    1.143450299824811e-16
                ]
            ],
            [
                [
                    -0.7071067811865478,
                    0.7071067811865475
                ],
                [
                    -0.7071067811865475,
                    -0.7071067811865478
                ]
            ],
            [
                [
                    -0.7071067811865476,
                    -0.7071067811865479
                ],
                [
                    0.7071067811865479,
                    -0.7071067811865476
                ]
            ],
            [
                [
                    -2.7615119826314743e-16,
                    1.0000000000000002
                ],
                [
                    -1.0000000000000002,
                    -2.3680970989721645e-16
                ]
            ],
            [
                [
                    0.7071067811865475,
                    0.707106781186548
                ],
                [
                    -0.707106781186548,
                    0.7071067811865475
                ]
            ]
        ]
    ],
    "TimeRevsUn": [
        [
            1,
            1,
            1,
            1,
            1,
            1,
            1,
            1
        ]
    ],
    "TimeShiftNumUn": [
        [
            0,
            1,
            0,
            1,
            1,
            3,
            1,
            3
        ]
    ],
    "TimeShiftDenUn": [
        [
            1,
            4,
            1,
            2,
            4,
            4,
            2,
            4
        ]
    ],
    "RequiresLoopDispUn": [
        [
            true,
            true,
            true,
            true,
            true,
            true,
            true,
            true
        ]
    ]
}