{
    "nbody": 8,
    "n_Fourier": 4200,
    "n_int": 8400,
    "mass": [
        1.0,
        1.0,
        1.0,
        1.0,
        1.0,
        1.0,
        1.0,
        1.0
    ],
    "nloop": 1,
    "Action": 44.3207573193281,
    "Grad_Action": 1.3624640432013206e-08,
    "Newton_Error": 4.414683873346709e-10,
    "Min_Distance": 0.017051577559172616,
    "Max_PathLength": 1.7195590743493552,
    "Hash": [
        44.3207573193281,
        40.739639685833666,
        41.693353241185676,
        49.770207110759706,
        80.77691725982972
    ],
    "xinf": -1.1243923701951095,
    "xsup": 1.1243923701951095,
    "yinf": -1.1243923701951095,
    "ysup": 1.1243923701951095,
    "loopnb": [
        8
    ],
    "Targets": [
        [
            0,
            1,
            4,
            2,
            3,
            5,
            6,
            7
        ]
    ],
    "SpaceRotsUn": [
        [
            [
                [
                    1.0,
                    0.0
                ],
                [
                    0.0,
                    1.0
                ]
            ],
            [
                [
                    -0.7071067811865475,
                    -0.7071067811865477
                ],
                [
                    0.7071067811865477,
                    -0.7071067811865475
                ]
            ],
            [
                [
                    -1.0,
                    -1.2246467991473532e-16
                ],
                [
                    1.2246467991473532e-16,
                    -1.0
                ]
            ],
            [
                [
                    -3.363896349075124e-16,
                    1.0000000000000002
                ],
                [
                    -1.0000000000000002,
                    -3.106957642167896e-16
                ]
            ],
            [
                [
                    0.7071067811865476,
                    -0.7071067811865476
                ],
                [
                    0.7071067811865476,
                    0.7071067811865476
                ]
            ],
            [
                [
                    0.7071067811865474,
                    0.7071067811865478
                ],
                [
                    -0.7071067811865478,
                    0.7071067811865474
                ]
            ],
            [
                [
                    4.588543148222478e-16,
                    -1.0000000000000002
                ],
                [
                    1.0000000000000002,
                    4.3316044413152493e-16
                ]
            ],
            [
                [
                    -0.7071067811865482,
                    0.7071067811865472
                ],
                [
                    -0.7071067811865472,
                    -0.7071067811865481
                ]
            ]
        ]
    ],
    "TimeRevsUn": [
        [
            1,
            1,
            1,
            1,
            1,
            1,
            1,
            1
        ]
    ],
    "TimeShiftNumUn": [
        [
            0,
            7,
            1,
            3,
            5,
            3,
            1,
            1
        ]
    ],
    "TimeShiftDenUn": [
        [
            1,
            8,
            2,
            4,
            8,
            8,
            4,
            8
        ]
    ],
    "RequiresLoopDispUn": [
        [
            true,
            true,
            true,
            true,
            true,
            true,
            true,
            true
        ]
    ]
}