{
    "nbody": 10,
    "n_Fourier": 50,
    "n_int": 100,
    "mass": [
        1.0,
        1.0,
        1.0,
        1.0,
        1.0,
        1.0,
        1.0,
        1.0,
        1.0,
        1.0
    ],
    "nloop": 10,
    "Action": 42.96068283468015,
    "Grad_Action": 1.9135081853666847e-11,
    "Newton_Error": 1.352954916031296e-13,
    "Min_Distance": 0.2439390237543166,
    "Max_PathLength": 4.232011774099244,
    "Hash": [
        128.88204850404065,
        99.7207373228179,
        117.11912443894504,
        143.41363868617435,
        183.95313006668835
    ],
    "xinf": -0.6735820117496308,
    "xsup": 0.6735820117496306,
    "yinf": -0.6735820117496307,
    "ysup": 0.6735820117496307,
    "loopnb": [
        1,
        1,
        1,
        1,
        1,
        1,
        1,
        1,
        1,
        1
    ],
    "Targets": [
        [
            0
        ],
        [
            1
        ],
        [
            2
        ],
        [
            3
        ],
        [
            4
        ],
        [
            5
        ],
        [
            6
        ],
        [
            7
        ],
        [
            8
        ],
        [
            9
        ]
    ],
    "SpaceRotsUn": [
        [
            [
                [
                    1.0,
                    0.0
                ],
                [
                    0.0,
                    1.0
                ]
            ]
        ],
        [
            [
                [
                    1.0,
                    0.0
                ],
                [
                    0.0,
                    1.0
                ]
            ]
        ],
        [
            [
                [
                    1.0,
                    0.0
                ],
                [
                    0.0,
                    1.0
                ]
            ]
        ],
        [
            [
                [
                    1.0,
                    0.0
                ],
                [
                    0.0,
                    1.0
                ]
            ]
        ],
        [
            [
                [
                    1.0,
                    0.0
                ],
                [
                    0.0,
                    1.0
                ]
            ]
        ],
        [
            [
                [
                    1.0,
                    0.0
                ],
                [
                    0.0,
                    1.0
                ]
            ]
        ],
        [
            [
                [
                    1.0,
                    0.0
                ],
                [
                    0.0,
                    1.0
                ]
            ]
        ],
        [
            [
                [
                    1.0,
                    0.0
                ],
                [
                    0.0,
                    1.0
                ]
            ]
        ],
        [
            [
                [
                    1.0,
                    0.0
                ],
                [
                    0.0,
                    1.0
                ]
            ]
        ],
        [
            [
                [
                    1.0,
                    0.0
                ],
                [
                    0.0,
                    1.0
                ]
            ]
        ]
    ],
    "TimeRevsUn": [
        [
            1
        ],
        [
            1
        ],
        [
            1
        ],
        [
            1
        ],
        [
            1
        ],
        [
            1
        ],
        [
            1
        ],
        [
            1
        ],
        [
            1
        ],
        [
            1
        ]
    ],
    "TimeShiftNumUn": [
        [
            0
        ],
        [
            0
        ],
        [
            0
        ],
        [
            0
        ],
        [
            0
        ],
        [
            0
        ],
        [
            0
        ],
        [
            0
        ],
        [
            0
        ],
        [
            0
        ]
    ],
    "TimeShiftDenUn": [
        [
            1
        ],
        [
            1
        ],
        [
            1
        ],
        [
            1
        ],
        [
            1
        ],
        [
            1
        ],
        [
            1
        ],
        [
            1
        ],
        [
            1
        ],
        [
            1
        ]
    ],
    "RequiresLoopDispUn": [
        [
            true
        ],
        [
            true
        ],
        [
            true
        ],
        [
            true
        ],
        [
            true
        ],
        [
            true
        ],
        [
            true
        ],
        [
            true
        ],
        [
            true
        ],
        [
            true
        ]
    ]
}