{
    "nbody": 8,
    "n_Fourier": 50,
    "n_int": 100,
    "mass": [
        1.0,
        1.0,
        1.0,
        1.0,
        1.0,
        1.0,
        1.0,
        1.0
    ],
    "nloop": 8,
    "Action": 26.798159388383418,
    "Grad_Action": 3.971110336610456e-13,
    "Newton_Error": 3.554431193084763e-15,
    "Min_Distance": 0.3477784977183783,
    "Max_PathLength": 3.1689045973264474,
    "Hash": [
        80.39447816515012,
        62.577286168682,
        73.41814197267655,
        88.69728316723062,
        110.44451331485571
    ],
    "xinf": -0.5043741081876314,
    "xsup": 0.5043741081876314,
    "yinf": -0.5043741081876314,
    "ysup": 0.5043741081876314,
    "loopnb": [
        1,
        1,
        1,
        1,
        1,
        1,
        1,
        1
    ],
    "Targets": [
        [
            0
        ],
        [
            1
        ],
        [
            2
        ],
        [
            3
        ],
        [
            4
        ],
        [
            5
        ],
        [
            6
        ],
        [
            7
        ]
    ],
    "SpaceRotsUn": [
        [
            [
                [
                    1.0,
                    0.0
                ],
                [
                    0.0,
                    1.0
                ]
            ]
        ],
        [
            [
                [
                    1.0,
                    0.0
                ],
                [
                    0.0,
                    1.0
                ]
            ]
        ],
        [
            [
                [
                    1.0,
                    0.0
                ],
                [
                    0.0,
                    1.0
                ]
            ]
        ],
        [
            [
                [
                    1.0,
                    0.0
                ],
                [
                    0.0,
                    1.0
                ]
            ]
        ],
        [
            [
                [
                    1.0,
                    0.0
                ],
                [
                    0.0,
                    1.0
                ]
            ]
        ],
        [
            [
                [
                    1.0,
                    0.0
                ],
                [
                    0.0,
                    1.0
                ]
            ]
        ],
        [
            [
                [
                    1.0,
                    0.0
                ],
                [
                    0.0,
                    1.0
                ]
            ]
        ],
        [
            [
                [
                    1.0,
                    0.0
                ],
                [
                    0.0,
                    1.0
                ]
            ]
        ]
    ],
    "TimeRevsUn": [
        [
            1
        ],
        [
            1
        ],
        [
            1
        ],
        [
            1
        ],
        [
            1
        ],
        [
            1
        ],
        [
            1
        ],
        [
            1
        ]
    ],
    "TimeShiftNumUn": [
        [
            0
        ],
        [
            0
        ],
        [
            0
        ],
        [
            0
        ],
        [
            0
        ],
        [
            0
        ],
        [
            0
        ],
        [
            0
        ]
    ],
    "TimeShiftDenUn": [
        [
            1
        ],
        [
            1
        ],
        [
            1
        ],
        [
            1
        ],
        [
            1
        ],
        [
            1
        ],
        [
            1
        ],
        [
            1
        ]
    ],
    "RequiresLoopDispUn": [
        [
            true
        ],
        [
            true
        ],
        [
            true
        ],
        [
            true
        ],
        [
            true
        ],
        [
            true
        ],
        [
            true
        ],
        [
            true
        ]
    ]
}