{
    "nbody": 5,
    "n_Fourier": 2000,
    "n_int": 4000,
    "mass": [
        1.0,
        1.0,
        1.0,
        1.0,
        1.0
    ],
    "nloop": 1,
    "Action": 23.835348264445436,
    "Grad_Action": 7.099092447780928e-11,
    "Newton_Error": 2.6386415494027686e-12,
    "Min_Distance": 0.06853021515508212,
    "Max_PathLength": 1.5816138443141998,
    "Hash": [
        23.835348264445436,
        19.335124084975682,
        21.821431875626025,
        26.725455951330595,
        37.29626998312728
    ],
    "xinf": -0.6564596158606664,
    "xsup": 0.6564596158606659,
    "yinf": -0.7040418189399604,
    "ysup": 0.6088774127813719,
    "loopnb": [
        5
    ],
    "Targets": [
        [
            0,
            1,
            2,
            3,
            4
        ]
    ],
    "SpaceRotsUn": [
        [
            [
                [
                    1.0,
                    0.0
                ],
                [
                    0.0,
                    1.0
                ]
            ],
            [
                [
                    0.3090169943749475,
                    -0.9510565162951536
                ],
                [
                    0.9510565162951536,
                    0.3090169943749475
                ]
            ],
            [
                [
                    -0.8090169943749475,
                    -0.5877852522924734
                ],
                [
                    0.5877852522924734,
                    -0.8090169943749475
                ]
            ],
            [
                [
                    -0.8090169943749478,
                    0.587785252292473
                ],
                [
                    -0.5877852522924731,
                    -0.8090169943749478
                ]
            ],
            [
                [
                    0.3090169943749472,
                    0.951056516295154
                ],
                [
                    -0.951056516295154,
                    0.3090169943749473
                ]
            ]
        ]
    ],
    "TimeRevsUn": [
        [
            1,
            1,
            1,
            1,
            1
        ]
    ],
    "TimeShiftNumUn": [
        [
            0,
            4,
            3,
            2,
            1
        ]
    ],
    "TimeShiftDenUn": [
        [
            1,
            5,
            5,
            5,
            5
        ]
    ],
    "RequiresLoopDispUn": [
        [
            true,
            true,
            true,
            true,
            true
        ]
    ]
}