{
    "nbody": 5,
    "n_Fourier": 2000,
    "n_int": 4000,
    "mass": [
        1.0,
        1.0,
        1.0,
        1.0,
        1.0
    ],
    "nloop": 1,
    "Action": 23.835348264445386,
    "Grad_Action": 1.1480555379877897e-14,
    "Newton_Error": 1.8362534339090515e-15,
    "Min_Distance": 0.06853021515489224,
    "Max_PathLength": 1.5816138443137706,
    "Hash": [
        23.835348264445386,
        19.335124084973636,
        21.821431875624498,
        26.725455951333995,
        37.296269983151305
    ],
    "xinf": -0.6564596158607502,
    "xsup": 0.6564596158607504,
    "yinf": -0.6088774127814345,
    "ysup": 0.7040418189400661,
    "loopnb": [
        5
    ],
    "Targets": [
        [
            0,
            1,
            2,
            3,
            4
        ]
    ],
    "SpaceRotsUn": [
        [
            [
                [
                    1.0,
                    0.0
                ],
                [
                    0.0,
                    1.0
                ]
            ],
            [
                [
                    0.3090169943749475,
                    -0.9510565162951536
                ],
                [
                    0.9510565162951536,
                    0.3090169943749475
                ]
            ],
            [
                [
                    -0.8090169943749475,
                    -0.5877852522924734
                ],
                [
                    0.5877852522924734,
                    -0.8090169943749475
                ]
            ],
            [
                [
                    -0.8090169943749478,
                    0.587785252292473
                ],
                [
                    -0.5877852522924731,
                    -0.8090169943749478
                ]
            ],
            [
                [
                    0.3090169943749472,
                    0.951056516295154
                ],
                [
                    -0.951056516295154,
                    0.3090169943749473
                ]
            ]
        ]
    ],
    "TimeRevsUn": [
        [
            1,
            1,
            1,
            1,
            1
        ]
    ],
    "TimeShiftNumUn": [
        [
            0,
            1,
            2,
            3,
            4
        ]
    ],
    "TimeShiftDenUn": [
        [
            1,
            5,
            5,
            5,
            5
        ]
    ],
    "RequiresLoopDispUn": [
        [
            true,
            true,
            true,
            true,
            true
        ]
    ]
}