{
    "nbody": 5,
    "n_Fourier": 2000,
    "n_int": 4000,
    "mass": [
        1.0,
        1.0,
        1.0,
        1.0,
        1.0
    ],
    "nloop": 1,
    "Action": 24.484550690110325,
    "Grad_Action": 1.6162370195631474e-14,
    "Newton_Error": 1.6353363569474953e-14,
    "Min_Distance": 0.029421336713526793,
    "Max_PathLength": 1.6252944823028859,
    "Hash": [
        24.484550690110325,
        19.399380133239212,
        22.040476028107836,
        28.380571416636084,
        45.6341520088458
    ],
    "xinf": -0.682142953027279,
    "xsup": 0.6821429530272788,
    "yinf": -0.6470857279432572,
    "ysup": 0.7172001781113005,
    "loopnb": [
        5
    ],
    "Targets": [
        [
            0,
            1,
            2,
            3,
            4
        ]
    ],
    "SpaceRotsUn": [
        [
            [
                [
                    1.0,
                    0.0
                ],
                [
                    0.0,
                    1.0
                ]
            ],
            [
                [
                    -0.8090169943749475,
                    -0.5877852522924731
                ],
                [
                    0.5877852522924731,
                    -0.8090169943749475
                ]
            ],
            [
                [
                    0.30901699437494745,
                    0.9510565162951536
                ],
                [
                    -0.9510565162951536,
                    0.3090169943749475
                ]
            ],
            [
                [
                    0.3090169943749474,
                    -0.9510565162951536
                ],
                [
                    0.9510565162951536,
                    0.3090169943749474
                ]
            ],
            [
                [
                    -0.8090169943749475,
                    0.5877852522924732
                ],
                [
                    -0.5877852522924731,
                    -0.8090169943749475
                ]
            ]
        ]
    ],
    "TimeRevsUn": [
        [
            1,
            1,
            1,
            1,
            1
        ]
    ],
    "TimeShiftNumUn": [
        [
            0,
            4,
            3,
            2,
            1
        ]
    ],
    "TimeShiftDenUn": [
        [
            1,
            5,
            5,
            5,
            5
        ]
    ],
    "RequiresLoopDispUn": [
        [
            true,
            true,
            true,
            true,
            true
        ]
    ]
}