{
    "nbody": 6,
    "n_Fourier": 1800,
    "n_int": 3600,
    "mass": [
        1.0,
        1.0,
        1.0,
        1.0,
        1.0,
        1.0
    ],
    "nloop": 1,
    "Action": 31.149313399722114,
    "Grad_Action": 3.008291514520415e-14,
    "Newton_Error": 8.372544730768774e-15,
    "Min_Distance": 0.04101815896393875,
    "Max_PathLength": 1.5578139547373446,
    "Hash": [
        31.149313399722118,
        26.404043458813803,
        28.84925742975155,
        34.77720616452727,
        50.1523999152553
    ],
    "xinf": -0.7949704265921299,
    "xsup": 0.7949704265921299,
    "yinf": -0.7949704265921298,
    "ysup": 0.79497042659213,
    "loopnb": [
        6
    ],
    "Targets": [
        [
            0,
            1,
            2,
            3,
            4,
            5
        ]
    ],
    "SpaceRotsUn": [
        [
            [
                [
                    1.0,
                    0.0
                ],
                [
                    0.0,
                    1.0
                ]
            ],
            [
                [
                    0.5000000000000001,
                    -0.8660254037844385
                ],
                [
                    0.8660254037844385,
                    0.5000000000000001
                ]
            ],
            [
                [
                    -0.4999999999999996,
                    -0.8660254037844387
                ],
                [
                    0.8660254037844387,
                    -0.49999999999999956
                ]
            ],
            [
                [
                    -0.9999999999999998,
                    -5.402373441692408e-16
                ],
                [
                    6.06637142201744e-16,
                    -0.9999999999999997
                ]
            ],
            [
                [
                    -0.5000000000000004,
                    0.866025403784438
                ],
                [
                    -0.8660254037844379,
                    -0.5000000000000004
                ]
            ],
            [
                [
                    0.49999999999999906,
                    0.8660254037844387
                ],
                [
                    -0.8660254037844387,
                    0.49999999999999895
                ]
            ]
        ]
    ],
    "TimeRevsUn": [
        [
            1,
            1,
            1,
            1,
            1,
            1
        ]
    ],
    "TimeShiftNumUn": [
        [
            0,
            1,
            1,
            1,
            2,
            5
        ]
    ],
    "TimeShiftDenUn": [
        [
            1,
            6,
            3,
            2,
            3,
            6
        ]
    ],
    "RequiresLoopDispUn": [
        [
            true,
            true,
            true,
            true,
            true,
            true
        ]
    ]
}