{
    "nbody": 3,
    "n_Fourier": 300,
    "n_int": 600,
    "mass": [
        1.0,
        1.0,
        1.0
    ],
    "nloop": 1,
    "Action": 13.207782336993965,
    "Grad_Action": 1.4321481447063603e-14,
    "Newton_Error": 5.194486176193669e-16,
    "Min_Distance": 0.2018822996681981,
    "Max_PathLength": 1.617938007198416,
    "Hash": [
        13.207782336993965,
        8.940998633639227,
        11.423451535639781,
        15.505419300517385,
        22.332968571854167
    ],
    "xinf": -0.3161288883351159,
    "xsup": 0.3159632136895032,
    "yinf": -0.3160431519704638,
    "ysup": 0.3160489500541553,
    "loopnb": [
        3
    ],
    "Targets": [
        [
            0,
            1,
            2
        ]
    ],
    "SpaceRotsUn": [
        [
            [
                [
                    1.0,
                    0.0
                ],
                [
                    0.0,
                    1.0
                ]
            ],
            [
                [
                    1.0,
                    2.4492935982947064e-16
                ],
                [
                    -2.4492935982947064e-16,
                    1.0
                ]
            ],
            [
                [
                    1.0,
                    4.898587196589413e-16
                ],
                [
                    -4.898587196589413e-16,
                    1.0
                ]
            ]
        ]
    ],
    "TimeRevsUn": [
        [
            1,
            1,
            1
        ]
    ],
    "TimeShiftNumUn": [
        [
            0,
            2,
            1
        ]
    ],
    "TimeShiftDenUn": [
        [
            1,
            3,
            3
        ]
    ],
    "RequiresLoopDispUn": [
        [
            true,
            false,
            false
        ]
    ]
}