{
    "nbody": 4,
    "n_Fourier": 900,
    "n_int": 1800,
    "mass": [
        1.0,
        1.0,
        1.0,
        1.0
    ],
    "nloop": 1,
    "Action": 30.24203331920046,
    "Grad_Action": 2.7962122656477302e-14,
    "Newton_Error": 7.345830937424423e-16,
    "Min_Distance": 0.12984131599044607,
    "Max_PathLength": 2.008041530569309,
    "Hash": [
        30.24203331920046,
        19.653718683230725,
        25.71200689143026,
        36.255020754543196,
        55.09897980365215
    ],
    "xinf": -0.2569697191538751,
    "xsup": 0.2569697191536684,
    "yinf": -0.32447780269635484,
    "ysup": 0.18946163561118867,
    "loopnb": [
        4
    ],
    "Targets": [
        [
            0,
            1,
            2,
            3
        ]
    ],
    "SpaceRotsUn": [
        [
            [
                [
                    1.0,
                    0.0
                ],
                [
                    0.0,
                    1.0
                ]
            ],
            [
                [
                    1.0,
                    2.4492935982947064e-16
                ],
                [
                    -2.4492935982947064e-16,
                    1.0
                ]
            ],
            [
                [
                    1.0,
                    4.898587196589413e-16
                ],
                [
                    -4.898587196589413e-16,
                    1.0
                ]
            ],
            [
                [
                    1.0,
                    7.347880794884119e-16
                ],
                [
                    -7.347880794884119e-16,
                    1.0
                ]
            ]
        ]
    ],
    "TimeRevsUn": [
        [
            1,
            1,
            1,
            1
        ]
    ],
    "TimeShiftNumUn": [
        [
            0,
            3,
            1,
            1
        ]
    ],
    "TimeShiftDenUn": [
        [
            1,
            4,
            2,
            4
        ]
    ],
    "RequiresLoopDispUn": [
        [
            true,
            false,
            false,
            false
        ]
    ]
}