{
    "nbody": 4,
    "n_Fourier": 600,
    "n_int": 1200,
    "mass": [
        1.0,
        1.0,
        1.0,
        1.0
    ],
    "nloop": 1,
    "Action": 78.67165227692114,
    "Grad_Action": 6.858497929443832e-14,
    "Newton_Error": 4.8828400509868e-15,
    "Min_Distance": 0.07895879549970625,
    "Max_PathLength": 3.2044052895392823,
    "Hash": [
        78.67165227692114,
        40.307886063647,
        59.911095771847776,
        108.22220544395766,
        229.00511938481628
    ],
    "xinf": -0.10673991952579995,
    "xsup": 0.10673991952579967,
    "yinf": -0.09602262234002137,
    "ysup": 0.11745721671157824,
    "loopnb": [
        4
    ],
    "Targets": [
        [
            0,
            1,
            2,
            3
        ]
    ],
    "SpaceRotsUn": [
        [
            [
                [
                    1.0,
                    0.0
                ],
                [
                    0.0,
                    1.0
                ]
            ],
            [
                [
                    1.0,
                    2.4492935982947064e-16
                ],
                [
                    -2.4492935982947064e-16,
                    1.0
                ]
            ],
            [
                [
                    1.0,
                    4.898587196589413e-16
                ],
                [
                    -4.898587196589413e-16,
                    1.0
                ]
            ],
            [
                [
                    1.0,
                    7.347880794884119e-16
                ],
                [
                    -7.347880794884119e-16,
                    1.0
                ]
            ]
        ]
    ],
    "TimeRevsUn": [
        [
            1,
            1,
            1,
            1
        ]
    ],
    "TimeShiftNumUn": [
        [
            0,
            3,
            1,
            1
        ]
    ],
    "TimeShiftDenUn": [
        [
            1,
            4,
            2,
            4
        ]
    ],
    "RequiresLoopDispUn": [
        [
            true,
            false,
            false,
            false
        ]
    ]
}