{
    "nbody": 5,
    "n_Fourier": 900,
    "n_int": 1800,
    "mass": [
        1.0,
        1.0,
        1.0,
        1.0,
        1.0
    ],
    "nloop": 1,
    "Action": 46.633384231265154,
    "Grad_Action": 4.8195801864524604e-14,
    "Newton_Error": 1.2250763712721765e-15,
    "Min_Distance": 0.11728946563473543,
    "Max_PathLength": 2.258433119526929,
    "Hash": [
        46.633384231265154,
        30.867885411539465,
        39.865751742753716,
        55.692210376769275,
        84.64341437756583
    ],
    "xinf": -0.30496753311545205,
    "xsup": 0.3049675331154524,
    "yinf": -0.23114595880284614,
    "ysup": 0.37878910742805827,
    "loopnb": [
        5
    ],
    "Targets": [
        [
            0,
            1,
            2,
            3,
            4
        ]
    ],
    "SpaceRotsUn": [
        [
            [
                [
                    1.0,
                    0.0
                ],
                [
                    0.0,
                    1.0
                ]
            ],
            [
                [
                    1.0,
                    2.4492935982947064e-16
                ],
                [
                    -2.4492935982947064e-16,
                    1.0
                ]
            ],
            [
                [
                    1.0,
                    4.898587196589413e-16
                ],
                [
                    -4.898587196589413e-16,
                    1.0
                ]
            ],
            [
                [
                    1.0,
                    7.347880794884119e-16
                ],
                [
                    -7.347880794884119e-16,
                    1.0
                ]
            ],
            [
                [
                    1.0,
                    9.797174393178826e-16
                ],
                [
                    -9.797174393178826e-16,
                    1.0
                ]
            ]
        ]
    ],
    "TimeRevsUn": [
        [
            1,
            1,
            1,
            1,
            1
        ]
    ],
    "TimeShiftNumUn": [
        [
            0,
            4,
            3,
            2,
            1
        ]
    ],
    "TimeShiftDenUn": [
        [
            1,
            5,
            5,
            5,
            5
        ]
    ],
    "RequiresLoopDispUn": [
        [
            true,
            false,
            false,
            false,
            false
        ]
    ]
}