{
    "nbody": 5,
    "n_Fourier": 1800,
    "n_int": 3600,
    "mass": [
        1.0,
        1.0,
        1.0,
        1.0,
        1.0
    ],
    "nloop": 1,
    "Action": 55.546563792385,
    "Grad_Action": 4.599067187457984e-14,
    "Newton_Error": 3.819513722443558e-16,
    "Min_Distance": 0.12459899748697077,
    "Max_PathLength": 2.334287083706564,
    "Hash": [
        55.54656379238499,
        35.06302435096749,
        46.63288032943454,
        67.6249630919139,
        106.68029543701499
    ],
    "xinf": -0.27978324571662766,
    "xsup": 0.27978324571662777,
    "yinf": -0.2797832457166277,
    "ysup": 0.2797832457166277,
    "loopnb": [
        5
    ],
    "Targets": [
        [
            0,
            1,
            2,
            3,
            4
        ]
    ],
    "SpaceRotsUn": [
        [
            [
                [
                    1.0,
                    0.0
                ],
                [
                    0.0,
                    1.0
                ]
            ],
            [
                [
                    0.30901699437494745,
                    -0.9510565162951535
                ],
                [
                    0.9510565162951535,
                    0.30901699437494745
                ]
            ],
            [
                [
                    -0.8090169943749473,
                    -0.5877852522924731
                ],
                [
                    0.5877852522924731,
                    -0.8090169943749473
                ]
            ],
            [
                [
                    -0.8090169943749475,
                    0.587785252292473
                ],
                [
                    -0.587785252292473,
                    -0.8090169943749475
                ]
            ],
            [
                [
                    0.30901699437494723,
                    0.9510565162951536
                ],
                [
                    -0.9510565162951535,
                    0.3090169943749473
                ]
            ]
        ]
    ],
    "TimeRevsUn": [
        [
            1,
            1,
            1,
            1,
            1
        ]
    ],
    "TimeShiftNumUn": [
        [
            0,
            4,
            3,
            2,
            1
        ]
    ],
    "TimeShiftDenUn": [
        [
            1,
            5,
            5,
            5,
            5
        ]
    ],
    "RequiresLoopDispUn": [
        [
            true,
            true,
            true,
            true,
            true
        ]
    ]
}