{
    "nbody": 7,
    "n_Fourier": 2000,
    "n_int": 4000,
    "mass": [
        1.0,
        1.0,
        1.0,
        1.0,
        1.0,
        50.0,
        50.0
    ],
    "nloop": 2,
    "Action": 9322.045190870807,
    "Grad_Action": 6.296000907128867e-13,
    "Newton_Error": 4.938424372144006e-14,
    "Min_Distance": 0.1008763818783618,
    "Max_PathLength": 9.670538431674299,
    "Hash": [
        9322.045190870807,
        7103.060807975902,
        8459.182998427794,
        10341.425793734148,
        12990.754490598247
    ],
    "xinf": -0.42203481923937813,
    "xsup": 0.9583260213577884,
    "yinf": -0.6175799305253151,
    "ysup": 0.7627809100718514,
    "loopnb": [
        5,
        2
    ],
    "Targets": [
        [
            0,
            1,
            2,
            3,
            4
        ],
        [
            5,
            6,
            0,
            0,
            0
        ]
    ],
    "SpaceRotsUn": [
        [
            [
                [
                    1.0,
                    0.0
                ],
                [
                    0.0,
                    1.0
                ]
            ],
            [
                [
                    1.0,
                    2.4492935982947064e-16
                ],
                [
                    -2.4492935982947064e-16,
                    1.0
                ]
            ],
            [
                [
                    1.0,
                    4.898587196589413e-16
                ],
                [
                    -4.898587196589413e-16,
                    1.0
                ]
            ],
            [
                [
                    1.0,
                    7.347880794884119e-16
                ],
                [
                    -7.347880794884119e-16,
                    1.0
                ]
            ],
            [
                [
                    1.0,
                    9.797174393178826e-16
                ],
                [
                    -9.797174393178826e-16,
                    1.0
                ]
            ]
        ],
        [
            [
                [
                    1.0,
                    0.0
                ],
                [
                    0.0,
                    1.0
                ]
            ],
            [
                [
                    1.0,
                    2.4492935982947064e-16
                ],
                [
                    -2.4492935982947064e-16,
                    1.0
                ]
            ],
            [
                [
                    0.0,
                    0.0
                ],
                [
                    0.0,
                    0.0
                ]
            ],
            [
                [
                    0.0,
                    0.0
                ],
                [
                    0.0,
                    0.0
                ]
            ],
            [
                [
                    0.0,
                    0.0
                ],
                [
                    0.0,
                    0.0
                ]
            ]
        ]
    ],
    "TimeRevsUn": [
        [
            1,
            1,
            1,
            1,
            1
        ],
        [
            1,
            1,
            0,
            0,
            0
        ]
    ],
    "TimeShiftNumUn": [
        [
            0,
            9,
            4,
            7,
            3
        ],
        [
            0,
            9,
            0,
            0,
            0
        ]
    ],
    "TimeShiftDenUn": [
        [
            1,
            10,
            5,
            10,
            5
        ],
        [
            1,
            10,
            0,
            0,
            0
        ]
    ],
    "RequiresLoopDispUn": [
        [
            true,
            false,
            false,
            false,
            false
        ],
        [
            true,
            false,
            false,
            false,
            false
        ]
    ]
}