{
    "nbody": 6,
    "n_int": 2400,
    "mass": [
        1.0,
        1.0,
        1.0,
        3.0,
        3.0,
        3.0
    ],
    "nloop": 2,
    "Action": 192.53035928484962,
    "Grad_Action": 5.3953948199160094e-15,
    "Newton_Error": 7.0188455108582705e-15,
    "Min_Distance": 0.06463696743000012,
    "Max_PathLength": 3.194967697601566,
    "Hash": [
        192.53035928484965,
        140.41012104689923,
        170.71776885129063,
        220.9876199194588,
        309.36533843635857
    ],
    "xinf": -0.5748606569163528,
    "xsup": 0.5748606569163528,
    "yinf": -0.43011539643577174,
    "ysup": 0.7196059173969338,
    "loopnb": [
        3,
        3
    ],
    "Targets": [
        [
            0,
            1,
            2
        ],
        [
            3,
            4,
            5
        ]
    ],
    "SpaceRotsUn": [
        [
            [
                [
                    1.0,
                    0.0
                ],
                [
                    0.0,
                    1.0
                ]
            ],
            [
                [
                    1.0,
                    2.4492935982947064e-16
                ],
                [
                    -2.4492935982947064e-16,
                    1.0
                ]
            ],
            [
                [
                    1.0,
                    4.898587196589413e-16
                ],
                [
                    -4.898587196589413e-16,
                    1.0
                ]
            ]
        ],
        [
            [
                [
                    1.0,
                    0.0
                ],
                [
                    0.0,
                    1.0
                ]
            ],
            [
                [
                    1.0,
                    2.4492935982947064e-16
                ],
                [
                    -2.4492935982947064e-16,
                    1.0
                ]
            ],
            [
                [
                    1.0,
                    4.898587196589413e-16
                ],
                [
                    -4.898587196589413e-16,
                    1.0
                ]
            ]
        ]
    ],
    "TimeRevsUn": [
        [
            1,
            1,
            1
        ],
        [
            1,
            1,
            1
        ]
    ],
    "TimeShiftNumUn": [
        [
            0,
            2,
            1
        ],
        [
            0,
            2,
            1
        ]
    ],
    "TimeShiftDenUn": [
        [
            1,
            3,
            3
        ],
        [
            1,
            3,
            3
        ]
    ],
    "RequiresLoopDispUn": [
        [
            true,
            false,
            false
        ],
        [
            true,
            false,
            false
        ]
    ]
}