{
    "nbody": 6,
    "n_int": 2400,
    "mass": [
        1.0,
        1.0,
        1.0,
        100.0,
        100.0,
        100.0
    ],
    "nloop": 2,
    "Action": 23634.839543264832,
    "Grad_Action": 2.951147670201631e-14,
    "Newton_Error": 2.8815050236268314e-14,
    "Min_Distance": 0.1450224403552648,
    "Max_PathLength": 9.768590364719598,
    "Hash": [
        23634.839543264836,
        31463.712905903467,
        25897.282324908905,
        21660.89342850911,
        18435.504740945544
    ],
    "xinf": -2.4279884799681777,
    "xsup": 2.4279884799681777,
    "yinf": -2.4279884799681777,
    "ysup": 2.4279884799681777,
    "loopnb": [
        3,
        3
    ],
    "Targets": [
        [
            0,
            1,
            2
        ],
        [
            3,
            4,
            5
        ]
    ],
    "SpaceRotsUn": [
        [
            [
                [
                    1.0,
                    0.0
                ],
                [
                    0.0,
                    1.0
                ]
            ],
            [
                [
                    1.0,
                    2.4492935982947064e-16
                ],
                [
                    -2.4492935982947064e-16,
                    1.0
                ]
            ],
            [
                [
                    1.0,
                    4.898587196589413e-16
                ],
                [
                    -4.898587196589413e-16,
                    1.0
                ]
            ]
        ],
        [
            [
                [
                    1.0,
                    0.0
                ],
                [
                    0.0,
                    1.0
                ]
            ],
            [
                [
                    1.0,
                    2.4492935982947064e-16
                ],
                [
                    -2.4492935982947064e-16,
                    1.0
                ]
            ],
            [
                [
                    1.0,
                    4.898587196589413e-16
                ],
                [
                    -4.898587196589413e-16,
                    1.0
                ]
            ]
        ]
    ],
    "TimeRevsUn": [
        [
            1,
            1,
            1
        ],
        [
            1,
            1,
            1
        ]
    ],
    "TimeShiftNumUn": [
        [
            0,
            2,
            1
        ],
        [
            0,
            2,
            1
        ]
    ],
    "TimeShiftDenUn": [
        [
            1,
            3,
            3
        ],
        [
            1,
            3,
            3
        ]
    ],
    "RequiresLoopDispUn": [
        [
            true,
            false,
            false
        ],
        [
            true,
            false,
            false
        ]
    ]
}