{
    "nbody": 4,
    "n_Fourier": 50,
    "n_int": 100,
    "mass": [
        1.0,
        1.0,
        1.0,
        1.0
    ],
    "nloop": 4,
    "Action": 7.7323297651166305,
    "Grad_Action": 6.185781673427629e-12,
    "Newton_Error": 1.0936153230375883e-13,
    "Min_Distance": 0.26688772710669273,
    "Max_PathLength": 2.650851727364768,
    "Hash": [
        23.1969892953472,
        16.317303507204496,
        20.362239282412837,
        26.77660996928973,
        37.05891631003412
    ],
    "xinf": -0.42185108976117536,
    "xsup": 0.42185108976117525,
    "yinf": -0.42185108976117536,
    "ysup": 0.42185108976117525,
    "loopnb": [
        1,
        1,
        1,
        1
    ],
    "Targets": [
        [
            0
        ],
        [
            1
        ],
        [
            2
        ],
        [
            3
        ]
    ],
    "SpaceRotsUn": [
        [
            [
                [
                    1.0,
                    0.0
                ],
                [
                    0.0,
                    1.0
                ]
            ]
        ],
        [
            [
                [
                    1.0,
                    0.0
                ],
                [
                    0.0,
                    1.0
                ]
            ]
        ],
        [
            [
                [
                    1.0,
                    0.0
                ],
                [
                    0.0,
                    1.0
                ]
            ]
        ],
        [
            [
                [
                    1.0,
                    0.0
                ],
                [
                    0.0,
                    1.0
                ]
            ]
        ]
    ],
    "TimeRevsUn": [
        [
            1
        ],
        [
            1
        ],
        [
            1
        ],
        [
            1
        ]
    ],
    "TimeShiftNumUn": [
        [
            0
        ],
        [
            0
        ],
        [
            0
        ],
        [
            0
        ]
    ],
    "TimeShiftDenUn": [
        [
            1
        ],
        [
            1
        ],
        [
            1
        ],
        [
            1
        ]
    ],
    "RequiresLoopDispUn": [
        [
            true
        ],
        [
            true
        ],
        [
            true
        ],
        [
            true
        ]
    ]
}