{
    "nbody": 4,
    "n_Fourier": 50,
    "n_int": 100,
    "mass": [
        1.0,
        1.0,
        1.0,
        1.0
    ],
    "nloop": 4,
    "Action": 6.613888007160424,
    "Grad_Action": 4.274387348224314e-12,
    "Newton_Error": 7.555103757130618e-14,
    "Min_Distance": 0.4093064137548285,
    "Max_PathLength": 1.8182013655719447,
    "Hash": [
        19.84166402147952,
        14.820724421996319,
        17.884904912638582,
        22.152534948833615,
        28.11296270729947
    ],
    "xinf": -0.2894099518235106,
    "xsup": 0.2894099518235105,
    "yinf": -0.28940995182351054,
    "ysup": 0.28940995182351054,
    "loopnb": [
        1,
        1,
        1,
        1
    ],
    "Targets": [
        [
            0
        ],
        [
            1
        ],
        [
            2
        ],
        [
            3
        ]
    ],
    "SpaceRotsUn": [
        [
            [
                [
                    1.0,
                    0.0
                ],
                [
                    0.0,
                    1.0
                ]
            ]
        ],
        [
            [
                [
                    1.0,
                    0.0
                ],
                [
                    0.0,
                    1.0
                ]
            ]
        ],
        [
            [
                [
                    1.0,
                    0.0
                ],
                [
                    0.0,
                    1.0
                ]
            ]
        ],
        [
            [
                [
                    1.0,
                    0.0
                ],
                [
                    0.0,
                    1.0
                ]
            ]
        ]
    ],
    "TimeRevsUn": [
        [
            1
        ],
        [
            1
        ],
        [
            1
        ],
        [
            1
        ]
    ],
    "TimeShiftNumUn": [
        [
            0
        ],
        [
            0
        ],
        [
            0
        ],
        [
            0
        ]
    ],
    "TimeShiftDenUn": [
        [
            1
        ],
        [
            1
        ],
        [
            1
        ],
        [
            1
        ]
    ],
    "RequiresLoopDispUn": [
        [
            true
        ],
        [
            true
        ],
        [
            true
        ],
        [
            true
        ]
    ]
}