{
    "nbody": 4,
    "n_Fourier": 50,
    "n_int": 100,
    "mass": [
        1.0,
        1.0,
        1.0,
        1.0
    ],
    "nloop": 4,
    "Action": 6.920911048146521,
    "Grad_Action": 3.8615541063651874e-11,
    "Newton_Error": 6.8262610403023e-13,
    "Min_Distance": 0.3418661773452693,
    "Max_PathLength": 2.1476552267277667,
    "Hash": [
        20.76273314443145,
        15.229212998085913,
        18.563303465331305,
        23.423806818238504,
        30.56827040948185
    ],
    "xinf": -0.341852399587497,
    "xsup": 0.3418523995874969,
    "yinf": -0.3418523995874969,
    "ysup": 0.341852399587497,
    "loopnb": [
        1,
        1,
        1,
        1
    ],
    "Targets": [
        [
            0
        ],
        [
            1
        ],
        [
            2
        ],
        [
            3
        ]
    ],
    "SpaceRotsUn": [
        [
            [
                [
                    1.0,
                    0.0
                ],
                [
                    0.0,
                    1.0
                ]
            ]
        ],
        [
            [
                [
                    1.0,
                    0.0
                ],
                [
                    0.0,
                    1.0
                ]
            ]
        ],
        [
            [
                [
                    1.0,
                    0.0
                ],
                [
                    0.0,
                    1.0
                ]
            ]
        ],
        [
            [
                [
                    1.0,
                    0.0
                ],
                [
                    0.0,
                    1.0
                ]
            ]
        ]
    ],
    "TimeRevsUn": [
        [
            1
        ],
        [
            1
        ],
        [
            1
        ],
        [
            1
        ]
    ],
    "TimeShiftNumUn": [
        [
            0
        ],
        [
            0
        ],
        [
            0
        ],
        [
            0
        ]
    ],
    "TimeShiftDenUn": [
        [
            1
        ],
        [
            1
        ],
        [
            1
        ],
        [
            1
        ]
    ],
    "RequiresLoopDispUn": [
        [
            true
        ],
        [
            true
        ],
        [
            true
        ],
        [
            true
        ]
    ]
}