{
    "nbody": 4,
    "n_Fourier": 50,
    "n_int": 100,
    "mass": [
        1.0,
        1.0,
        1.0,
        1.0
    ],
    "nloop": 4,
    "Action": 6.920870632402815,
    "Grad_Action": 2.867503659137519e-10,
    "Newton_Error": 5.069054514637009e-12,
    "Min_Distance": 0.3370167220192077,
    "Max_PathLength": 2.1779265318801677,
    "Hash": [
        20.762611897157274,
        15.229221850937542,
        18.563276656708993,
        23.423502288625194,
        30.567158791279013
    ],
    "xinf": -0.34661948004990617,
    "xsup": 0.34661948004990617,
    "yinf": -0.34661948004990617,
    "ysup": 0.34661948004990617,
    "loopnb": [
        1,
        1,
        1,
        1
    ],
    "Targets": [
        [
            0
        ],
        [
            1
        ],
        [
            2
        ],
        [
            3
        ]
    ],
    "SpaceRotsUn": [
        [
            [
                [
                    1.0,
                    0.0
                ],
                [
                    0.0,
                    1.0
                ]
            ]
        ],
        [
            [
                [
                    1.0,
                    0.0
                ],
                [
                    0.0,
                    1.0
                ]
            ]
        ],
        [
            [
                [
                    1.0,
                    0.0
                ],
                [
                    0.0,
                    1.0
                ]
            ]
        ],
        [
            [
                [
                    1.0,
                    0.0
                ],
                [
                    0.0,
                    1.0
                ]
            ]
        ]
    ],
    "TimeRevsUn": [
        [
            1
        ],
        [
            1
        ],
        [
            1
        ],
        [
            1
        ]
    ],
    "TimeShiftNumUn": [
        [
            0
        ],
        [
            0
        ],
        [
            0
        ],
        [
            0
        ]
    ],
    "TimeShiftDenUn": [
        [
            1
        ],
        [
            1
        ],
        [
            1
        ],
        [
            1
        ]
    ],
    "RequiresLoopDispUn": [
        [
            true
        ],
        [
            true
        ],
        [
            true
        ],
        [
            true
        ]
    ]
}