{
    "nbody": 3,
    "n_Fourier": 23040,
    "n_int": 46080,
    "mass": [
        1.0,
        1.0,
        1.0
    ],
    "nloop": 1,
    "Action": 32.16898136308132,
    "Grad_Action": 1.2542683728524973e-12,
    "Newton_Error": 2.469843759208085e-12,
    "Min_Distance": 0.00469429525614011,
    "Max_PathLength": 2.1794653127313386,
    "Hash": [
        32.16898136308132,
        16.867379014369273,
        24.36920258682666,
        46.26323946991081,
        131.40395632274107
    ],
    "xinf": -0.1150297431494626,
    "xsup": 0.1150297431494626,
    "yinf": -0.1150297431494626,
    "ysup": 0.1150297431494626,
    "loopnb": [
        3
    ],
    "Targets": [
        [
            0,
            1,
            2
        ]
    ],
    "SpaceRotsUn": [
        [
            [
                [
                    1.0,
                    0.0
                ],
                [
                    0.0,
                    1.0
                ]
            ],
            [
                [
                    1.0,
                    2.4492935982947064e-16
                ],
                [
                    -2.4492935982947064e-16,
                    1.0
                ]
            ],
            [
                [
                    1.0,
                    4.898587196589413e-16
                ],
                [
                    -4.898587196589413e-16,
                    1.0
                ]
            ]
        ]
    ],
    "TimeRevsUn": [
        [
            1,
            1,
            1
        ]
    ],
    "TimeShiftNumUn": [
        [
            0,
            2,
            1
        ]
    ],
    "TimeShiftDenUn": [
        [
            1,
            3,
            3
        ]
    ],
    "RequiresLoopDispUn": [
        [
            true,
            false,
            false
        ]
    ]
}