{
    "nbody": 3,
    "n_Fourier": 38400,
    "n_int": 76800,
    "mass": [
        1.0,
        1.0,
        1.0
    ],
    "nloop": 1,
    "Action": 32.16898136308115,
    "Grad_Action": 1.5683223367636886e-13,
    "Newton_Error": 1.3852059658781496e-13,
    "Min_Distance": 0.00469429525614036,
    "Max_PathLength": 2.179470293016684,
    "Hash": [
        32.16898136308115,
        16.867379014369227,
        24.36920258682671,
        46.26323946990997,
        131.40395632273973
    ],
    "xinf": -0.11502974271061617,
    "xsup": 0.11502974271061772,
    "yinf": -0.11502974271061683,
    "ysup": 0.11502974271061706,
    "loopnb": [
        3
    ],
    "Targets": [
        [
            0,
            1,
            2
        ]
    ],
    "SpaceRotsUn": [
        [
            [
                [
                    1.0,
                    0.0
                ],
                [
                    0.0,
                    1.0
                ]
            ],
            [
                [
                    1.0,
                    2.4492935982947064e-16
                ],
                [
                    -2.4492935982947064e-16,
                    1.0
                ]
            ],
            [
                [
                    1.0,
                    4.898587196589413e-16
                ],
                [
                    -4.898587196589413e-16,
                    1.0
                ]
            ]
        ]
    ],
    "TimeRevsUn": [
        [
            1,
            1,
            1
        ]
    ],
    "TimeShiftNumUn": [
        [
            0,
            2,
            1
        ]
    ],
    "TimeShiftDenUn": [
        [
            1,
            3,
            3
        ]
    ],
    "RequiresLoopDispUn": [
        [
            true,
            false,
            false
        ]
    ]
}