{
    "nbody": 3,
    "n_int": 46080,
    "mass": [
        1.0,
        1.0,
        1.0
    ],
    "nloop": 1,
    "Action": 10.624096523999615,
    "Grad_Action": 3.3260021449436888e-15,
    "Newton_Error": 2.6181863823843173e-14,
    "Min_Distance": 0.42356542881870934,
    "Max_PathLength": 1.5365254098156196,
    "Hash": [
        10.624096523999617,
        7.771489060339045,
        9.506013930670544,
        11.951765432726472,
        15.400375776701706
    ],
    "xinf": -0.24454561397714158,
    "xsup": 0.24454561397714164,
    "yinf": -0.24454561397714158,
    "ysup": 0.24454561397714164,
    "loopnb": [
        3
    ],
    "Targets": [
        [
            0,
            1,
            2
        ]
    ],
    "SpaceRotsUn": [
        [
            [
                [
                    1.0,
                    0.0
                ],
                [
                    0.0,
                    1.0
                ]
            ],
            [
                [
                    1.0,
                    2.4492935982947064e-16
                ],
                [
                    -2.4492935982947064e-16,
                    1.0
                ]
            ],
            [
                [
                    1.0,
                    4.898587196589413e-16
                ],
                [
                    -4.898587196589413e-16,
                    1.0
                ]
            ]
        ]
    ],
    "TimeRevsUn": [
        [
            1,
            1,
            1
        ]
    ],
    "TimeShiftNumUn": [
        [
            0,
            2,
            1
        ]
    ],
    "TimeShiftDenUn": [
        [
            1,
            3,
            3
        ]
    ],
    "RequiresLoopDispUn": [
        [
            true,
            false,
            false
        ]
    ]
}