{
    "nbody": 3,
    "n_int": 1440,
    "mass": [
        1.0,
        1.0,
        1.0
    ],
    "nloop": 1,
    "Action": 13.207782336993946,
    "Grad_Action": 2.0656430109954875e-13,
    "Newton_Error": 3.1320286632422484e-14,
    "Min_Distance": 0.2018822995472408,
    "Max_PathLength": 1.6179517176345344,
    "Hash": [
        13.207782336993946,
        8.940998633639348,
        11.42345153563983,
        15.505419300517312,
        22.33296857185381
    ],
    "xinf": -0.31604605148744574,
    "xsup": 0.31604605148744574,
    "yinf": -0.31604605152674875,
    "ysup": 0.31604605144814274,
    "loopnb": [
        3
    ],
    "Targets": [
        [
            0,
            1,
            2
        ]
    ],
    "SpaceRotsUn": [
        [
            [
                [
                    1.0,
                    0.0
                ],
                [
                    0.0,
                    1.0
                ]
            ],
            [
                [
                    1.0,
                    2.4492935982947064e-16
                ],
                [
                    -2.4492935982947064e-16,
                    1.0
                ]
            ],
            [
                [
                    1.0,
                    4.898587196589413e-16
                ],
                [
                    -4.898587196589413e-16,
                    1.0
                ]
            ]
        ]
    ],
    "TimeRevsUn": [
        [
            1,
            1,
            1
        ]
    ],
    "TimeShiftNumUn": [
        [
            0,
            2,
            1
        ]
    ],
    "TimeShiftDenUn": [
        [
            1,
            3,
            3
        ]
    ],
    "RequiresLoopDispUn": [
        [
            true,
            false,
            false
        ]
    ]
}