{
    "nbody": 4,
    "n_int": 1440,
    "mass": [
        1.0,
        1.0,
        1.0,
        1.0
    ],
    "nloop": 1,
    "Action": 26.2889928678881,
    "Grad_Action": 1.476516865589911e-13,
    "Newton_Error": 3.0244804676561146e-14,
    "Min_Distance": 0.09223444046004062,
    "Max_PathLength": 1.9942641267547851,
    "Hash": [
        26.2889928678881,
        17.681499712960925,
        22.598117072155194,
        31.22392191886627,
        46.97909195669185
    ],
    "xinf": -0.40612256134796476,
    "xsup": 0.40612256134796476,
    "yinf": -0.40612256134796476,
    "ysup": 0.40612256134796476,
    "loopnb": [
        4
    ],
    "Targets": [
        [
            0,
            1,
            2,
            3
        ]
    ],
    "SpaceRotsUn": [
        [
            [
                [
                    1.0,
                    0.0
                ],
                [
                    0.0,
                    1.0
                ]
            ],
            [
                [
                    1.0,
                    2.4492935982947064e-16
                ],
                [
                    -2.4492935982947064e-16,
                    1.0
                ]
            ],
            [
                [
                    1.0,
                    4.898587196589413e-16
                ],
                [
                    -4.898587196589413e-16,
                    1.0
                ]
            ],
            [
                [
                    1.0,
                    7.347880794884119e-16
                ],
                [
                    -7.347880794884119e-16,
                    1.0
                ]
            ]
        ]
    ],
    "TimeRevsUn": [
        [
            1,
            1,
            1,
            1
        ]
    ],
    "TimeShiftNumUn": [
        [
            0,
            3,
            1,
            1
        ]
    ],
    "TimeShiftDenUn": [
        [
            1,
            4,
            2,
            4
        ]
    ],
    "RequiresLoopDispUn": [
        [
            true,
            false,
            false,
            false
        ]
    ]
}