{
    "nbody": 6,
    "n_int": 720,
    "mass": [
        1.0,
        1.0,
        1.0,
        1.0,
        1.0,
        1.0
    ],
    "nloop": 1,
    "Action": 98.38323709199165,
    "Grad_Action": 4.059761680517461e-15,
    "Newton_Error": 5.4656716748998344e-15,
    "Min_Distance": 0.09199320213663215,
    "Max_PathLength": 2.97705387631808,
    "Hash": [
        98.38323709199165,
        58.82948755315205,
        80.3194500061192,
        124.66132861496988,
        221.10325624911192
    ],
    "xinf": -0.23768439642756717,
    "xsup": 0.2376843964275675,
    "yinf": -0.2310602216414981,
    "ysup": 0.24430857121363658,
    "loopnb": [
        6
    ],
    "Targets": [
        [
            0,
            1,
            2,
            3,
            4,
            5
        ]
    ],
    "SpaceRotsUn": [
        [
            [
                [
                    1.0,
                    0.0
                ],
                [
                    0.0,
                    1.0
                ]
            ],
            [
                [
                    1.0,
                    2.4492935982947064e-16
                ],
                [
                    -2.4492935982947064e-16,
                    1.0
                ]
            ],
            [
                [
                    1.0,
                    4.898587196589413e-16
                ],
                [
                    -4.898587196589413e-16,
                    1.0
                ]
            ],
            [
                [
                    1.0,
                    7.347880794884119e-16
                ],
                [
                    -7.347880794884119e-16,
                    1.0
                ]
            ],
            [
                [
                    1.0,
                    9.797174393178826e-16
                ],
                [
                    -9.797174393178826e-16,
                    1.0
                ]
            ],
            [
                [
                    1.0,
                    1.2246467991473533e-15
                ],
                [
                    -1.2246467991473533e-15,
                    1.0
                ]
            ]
        ]
    ],
    "TimeRevsUn": [
        [
            1,
            1,
            1,
            1,
            1,
            1
        ]
    ],
    "TimeShiftNumUn": [
        [
            0,
            5,
            2,
            1,
            1,
            1
        ]
    ],
    "TimeShiftDenUn": [
        [
            1,
            6,
            3,
            2,
            3,
            6
        ]
    ],
    "RequiresLoopDispUn": [
        [
            true,
            false,
            false,
            false,
            false,
            false
        ]
    ]
}