{
    "nbody": 7,
    "n_int": 700,
    "mass": [
        1.0,
        1.0,
        1.0,
        1.0,
        1.0,
        1.0,
        1.0
    ],
    "nloop": 1,
    "Action": 75.24269080686295,
    "Grad_Action": 1.8783132164955585e-13,
    "Newton_Error": 3.990623938071831e-14,
    "Min_Distance": 0.18152074139078894,
    "Max_PathLength": 2.6144363722063897,
    "Hash": [
        75.24269080686295,
        54.149530282507925,
        66.59086166906913,
        86.13025230941848,
        117.3466196042117
    ],
    "xinf": -0.5076143775987564,
    "xsup": 0.5076143775987564,
    "yinf": -0.5076143775022165,
    "ysup": 0.5076143776952963,
    "loopnb": [
        7
    ],
    "Targets": [
        [
            0,
            1,
            2,
            3,
            4,
            5,
            6
        ]
    ],
    "SpaceRotsUn": [
        [
            [
                [
                    1.0,
                    0.0
                ],
                [
                    0.0,
                    1.0
                ]
            ],
            [
                [
                    1.0,
                    2.4492935982947064e-16
                ],
                [
                    -2.4492935982947064e-16,
                    1.0
                ]
            ],
            [
                [
                    1.0,
                    4.898587196589413e-16
                ],
                [
                    -4.898587196589413e-16,
                    1.0
                ]
            ],
            [
                [
                    1.0,
                    7.347880794884119e-16
                ],
                [
                    -7.347880794884119e-16,
                    1.0
                ]
            ],
            [
                [
                    1.0,
                    9.797174393178826e-16
                ],
                [
                    -9.797174393178826e-16,
                    1.0
                ]
            ],
            [
                [
                    1.0,
                    1.2246467991473533e-15
                ],
                [
                    -1.2246467991473533e-15,
                    1.0
                ]
            ],
            [
                [
                    1.0,
                    1.469576158976824e-15
                ],
                [
                    -1.469576158976824e-15,
                    1.0
                ]
            ]
        ]
    ],
    "TimeRevsUn": [
        [
            1,
            1,
            1,
            1,
            1,
            1,
            1
        ]
    ],
    "TimeShiftNumUn": [
        [
            0,
            6,
            5,
            4,
            3,
            2,
            1
        ]
    ],
    "TimeShiftDenUn": [
        [
            1,
            7,
            7,
            7,
            7,
            7,
            7
        ]
    ],
    "RequiresLoopDispUn": [
        [
            true,
            false,
            false,
            false,
            false,
            false,
            false
        ]
    ]
}