{
    "nbody": 7,
    "n_int": 1400,
    "mass": [
        1.0,
        1.0,
        1.0,
        1.0,
        1.0,
        1.0,
        1.0
    ],
    "nloop": 1,
    "Action": 100.14923818678477,
    "Grad_Action": 3.689067501363724e-15,
    "Newton_Error": 4.03457616031251e-15,
    "Min_Distance": 0.07955536170936667,
    "Max_PathLength": 2.751636542864401,
    "Hash": [
        100.14923818678479,
        65.49916133391324,
        84.96679153680107,
        121.13193316793799,
        192.46936478332597
    ],
    "xinf": -0.31385100450326203,
    "xsup": 0.31385100450326203,
    "yinf": -0.3138510045032621,
    "ysup": 0.313851004503262,
    "loopnb": [
        7
    ],
    "Targets": [
        [
            0,
            1,
            2,
            3,
            4,
            5,
            6
        ]
    ],
    "SpaceRotsUn": [
        [
            [
                [
                    1.0,
                    0.0
                ],
                [
                    0.0,
                    1.0
                ]
            ],
            [
                [
                    1.0,
                    2.4492935982947064e-16
                ],
                [
                    -2.4492935982947064e-16,
                    1.0
                ]
            ],
            [
                [
                    1.0,
                    4.898587196589413e-16
                ],
                [
                    -4.898587196589413e-16,
                    1.0
                ]
            ],
            [
                [
                    1.0,
                    7.347880794884119e-16
                ],
                [
                    -7.347880794884119e-16,
                    1.0
                ]
            ],
            [
                [
                    1.0,
                    9.797174393178826e-16
                ],
                [
                    -9.797174393178826e-16,
                    1.0
                ]
            ],
            [
                [
                    1.0,
                    1.2246467991473533e-15
                ],
                [
                    -1.2246467991473533e-15,
                    1.0
                ]
            ],
            [
                [
                    1.0,
                    1.469576158976824e-15
                ],
                [
                    -1.469576158976824e-15,
                    1.0
                ]
            ]
        ]
    ],
    "TimeRevsUn": [
        [
            1,
            1,
            1,
            1,
            1,
            1,
            1
        ]
    ],
    "TimeShiftNumUn": [
        [
            0,
            6,
            5,
            4,
            3,
            2,
            1
        ]
    ],
    "TimeShiftDenUn": [
        [
            1,
            7,
            7,
            7,
            7,
            7,
            7
        ]
    ],
    "RequiresLoopDispUn": [
        [
            true,
            false,
            false,
            false,
            false,
            false,
            false
        ]
    ]
}