{
    "nbody": 8,
    "n_int": 720,
    "mass": [
        1.0,
        1.0,
        1.0,
        1.0,
        1.0,
        1.0,
        1.0,
        1.0
    ],
    "nloop": 1,
    "Action": 117.83239210778699,
    "Grad_Action": 4.372267452484344e-15,
    "Newton_Error": 2.0715581227304614e-15,
    "Min_Distance": 0.1273290586826534,
    "Max_PathLength": 2.9632921343418683,
    "Hash": [
        117.83239210778699,
        80.39880359640196,
        101.96874568120747,
        138.6979257896859,
        203.33323593824124
    ],
    "xinf": -0.38358228837815994,
    "xsup": 0.3835822872136227,
    "yinf": -0.4693353211258987,
    "ysup": 0.29782925446588393,
    "loopnb": [
        8
    ],
    "Targets": [
        [
            0,
            1,
            2,
            3,
            4,
            5,
            6,
            7
        ]
    ],
    "SpaceRotsUn": [
        [
            [
                [
                    1.0,
                    0.0
                ],
                [
                    0.0,
                    1.0
                ]
            ],
            [
                [
                    1.0,
                    2.4492935982947064e-16
                ],
                [
                    -2.4492935982947064e-16,
                    1.0
                ]
            ],
            [
                [
                    1.0,
                    4.898587196589413e-16
                ],
                [
                    -4.898587196589413e-16,
                    1.0
                ]
            ],
            [
                [
                    1.0,
                    7.347880794884119e-16
                ],
                [
                    -7.347880794884119e-16,
                    1.0
                ]
            ],
            [
                [
                    1.0,
                    9.797174393178826e-16
                ],
                [
                    -9.797174393178826e-16,
                    1.0
                ]
            ],
            [
                [
                    1.0,
                    1.2246467991473533e-15
                ],
                [
                    -1.2246467991473533e-15,
                    1.0
                ]
            ],
            [
                [
                    1.0,
                    1.469576158976824e-15
                ],
                [
                    -1.469576158976824e-15,
                    1.0
                ]
            ],
            [
                [
                    1.0,
                    1.7145055188062946e-15
                ],
                [
                    -1.7145055188062946e-15,
                    1.0
                ]
            ]
        ]
    ],
    "TimeRevsUn": [
        [
            1,
            1,
            1,
            1,
            1,
            1,
            1,
            1
        ]
    ],
    "TimeShiftNumUn": [
        [
            0,
            7,
            3,
            5,
            1,
            3,
            1,
            1
        ]
    ],
    "TimeShiftDenUn": [
        [
            1,
            8,
            4,
            8,
            2,
            8,
            4,
            8
        ]
    ],
    "RequiresLoopDispUn": [
        [
            true,
            false,
            false,
            false,
            false,
            false,
            false,
            false
        ]
    ]
}