{
    "nbody": 8,
    "n_Fourier": 360,
    "n_int": 720,
    "mass": [
        1.0,
        1.0,
        1.0,
        1.0,
        1.0,
        1.0,
        1.0,
        1.0
    ],
    "nloop": 1,
    "Action": 123.1538113212702,
    "Grad_Action": 1.206688362302392e-10,
    "Newton_Error": 3.692255544789431e-13,
    "Min_Distance": 0.13066969341273468,
    "Max_PathLength": 3.134498788658367,
    "Hash": [
        123.1538113212702,
        83.30766566752155,
        106.42552248980894,
        144.84348463385683,
        210.28596011053028
    ],
    "xinf": -0.3378406408498651,
    "xsup": 0.33784064084986487,
    "yinf": -0.2748143890042234,
    "ysup": 0.40086689269550657,
    "loopnb": [
        8
    ],
    "Targets": [
        [
            0,
            1,
            2,
            3,
            4,
            5,
            6,
            7
        ]
    ],
    "SpaceRotsUn": [
        [
            [
                [
                    1.0,
                    0.0
                ],
                [
                    0.0,
                    1.0
                ]
            ],
            [
                [
                    1.0,
                    2.4492935982947064e-16
                ],
                [
                    -2.4492935982947064e-16,
                    1.0
                ]
            ],
            [
                [
                    1.0,
                    4.898587196589413e-16
                ],
                [
                    -4.898587196589413e-16,
                    1.0
                ]
            ],
            [
                [
                    1.0,
                    7.347880794884119e-16
                ],
                [
                    -7.347880794884119e-16,
                    1.0
                ]
            ],
            [
                [
                    1.0,
                    9.797174393178826e-16
                ],
                [
                    -9.797174393178826e-16,
                    1.0
                ]
            ],
            [
                [
                    1.0,
                    1.2246467991473533e-15
                ],
                [
                    -1.2246467991473533e-15,
                    1.0
                ]
            ],
            [
                [
                    1.0,
                    1.469576158976824e-15
                ],
                [
                    -1.469576158976824e-15,
                    1.0
                ]
            ],
            [
                [
                    1.0,
                    1.7145055188062946e-15
                ],
                [
                    -1.7145055188062946e-15,
                    1.0
                ]
            ]
        ]
    ],
    "TimeRevsUn": [
        [
            1,
            1,
            1,
            1,
            1,
            1,
            1,
            1
        ]
    ],
    "TimeShiftNumUn": [
        [
            0,
            7,
            3,
            5,
            1,
            3,
            1,
            1
        ]
    ],
    "TimeShiftDenUn": [
        [
            1,
            8,
            4,
            8,
            2,
            8,
            4,
            8
        ]
    ],
    "RequiresLoopDispUn": [
        [
            true,
            false,
            false,
            false,
            false,
            false,
            false,
            false
        ]
    ]
}