{
    "nbody": 9,
    "n_Fourier": 720,
    "n_int": 1440,
    "mass": [
        1.0,
        1.0,
        1.0,
        1.0,
        1.0,
        1.0,
        1.0,
        1.0,
        1.0
    ],
    "nloop": 1,
    "Action": 160.83421900047108,
    "Grad_Action": 2.5740961232535197e-07,
    "Newton_Error": 6.061350725116609e-09,
    "Min_Distance": 0.04742542638919636,
    "Max_PathLength": 3.135495786182175,
    "Hash": [
        160.83421900047108,
        107.00108271023763,
        137.28157543213803,
        193.39030310077786,
        304.8211525664641
    ],
    "xinf": -0.4058257398030215,
    "xsup": 0.4058257398030215,
    "yinf": -0.4058257398030215,
    "ysup": 0.4058257398030215,
    "loopnb": [
        9
    ],
    "Targets": [
        [
            0,
            1,
            2,
            3,
            4,
            5,
            6,
            7,
            8
        ]
    ],
    "SpaceRotsUn": [
        [
            [
                [
                    1.0,
                    0.0
                ],
                [
                    0.0,
                    1.0
                ]
            ],
            [
                [
                    1.0,
                    2.4492935982947064e-16
                ],
                [
                    -2.4492935982947064e-16,
                    1.0
                ]
            ],
            [
                [
                    1.0,
                    4.898587196589413e-16
                ],
                [
                    -4.898587196589413e-16,
                    1.0
                ]
            ],
            [
                [
                    1.0,
                    7.347880794884119e-16
                ],
                [
                    -7.347880794884119e-16,
                    1.0
                ]
            ],
            [
                [
                    1.0,
                    9.797174393178826e-16
                ],
                [
                    -9.797174393178826e-16,
                    1.0
                ]
            ],
            [
                [
                    1.0,
                    1.2246467991473533e-15
                ],
                [
                    -1.2246467991473533e-15,
                    1.0
                ]
            ],
            [
                [
                    1.0,
                    1.469576158976824e-15
                ],
                [
                    -1.469576158976824e-15,
                    1.0
                ]
            ],
            [
                [
                    1.0,
                    1.7145055188062946e-15
                ],
                [
                    -1.7145055188062946e-15,
                    1.0
                ]
            ],
            [
                [
                    1.0,
                    1.959434878635765e-15
                ],
                [
                    -1.959434878635765e-15,
                    1.0
                ]
            ]
        ]
    ],
    "TimeRevsUn": [
        [
            1,
            1,
            1,
            1,
            1,
            1,
            1,
            1,
            1
        ]
    ],
    "TimeShiftNumUn": [
        [
            0,
            8,
            7,
            2,
            5,
            4,
            1,
            2,
            1
        ]
    ],
    "TimeShiftDenUn": [
        [
            1,
            9,
            9,
            3,
            9,
            9,
            3,
            9,
            9
        ]
    ],
    "RequiresLoopDispUn": [
        [
            true,
            false,
            false,
            false,
            false,
            false,
            false,
            false,
            false
        ]
    ]
}