{
    "nbody": 9,
    "n_int": 5760,
    "mass": [
        1.0,
        1.0,
        1.0,
        1.0,
        1.0,
        1.0,
        1.0,
        1.0,
        1.0
    ],
    "nloop": 1,
    "Action": 305.96559708120833,
    "Grad_Action": 2.7447196310419416e-14,
    "Newton_Error": 3.3149473017865904e-14,
    "Min_Distance": 0.02420426737296464,
    "Max_PathLength": 4.282359887599521,
    "Hash": [
        305.9655970812083,
        170.701252628648,
        241.40755540099386,
        406.4017634028876,
        825.4485964798037
    ],
    "xinf": -0.27497327456150666,
    "xsup": 0.27497327456150644,
    "yinf": -0.27497327456150666,
    "ysup": 0.27497327456150644,
    "loopnb": [
        9
    ],
    "Targets": [
        [
            0,
            1,
            2,
            3,
            4,
            5,
            6,
            7,
            8
        ]
    ],
    "SpaceRotsUn": [
        [
            [
                [
                    1.0,
                    0.0
                ],
                [
                    0.0,
                    1.0
                ]
            ],
            [
                [
                    1.0,
                    2.4492935982947064e-16
                ],
                [
                    -2.4492935982947064e-16,
                    1.0
                ]
            ],
            [
                [
                    1.0,
                    4.898587196589413e-16
                ],
                [
                    -4.898587196589413e-16,
                    1.0
                ]
            ],
            [
                [
                    1.0,
                    7.347880794884119e-16
                ],
                [
                    -7.347880794884119e-16,
                    1.0
                ]
            ],
            [
                [
                    1.0,
                    9.797174393178826e-16
                ],
                [
                    -9.797174393178826e-16,
                    1.0
                ]
            ],
            [
                [
                    1.0,
                    1.2246467991473533e-15
                ],
                [
                    -1.2246467991473533e-15,
                    1.0
                ]
            ],
            [
                [
                    1.0,
                    1.469576158976824e-15
                ],
                [
                    -1.469576158976824e-15,
                    1.0
                ]
            ],
            [
                [
                    1.0,
                    1.7145055188062946e-15
                ],
                [
                    -1.7145055188062946e-15,
                    1.0
                ]
            ],
            [
                [
                    1.0,
                    1.959434878635765e-15
                ],
                [
                    -1.959434878635765e-15,
                    1.0
                ]
            ]
        ]
    ],
    "TimeRevsUn": [
        [
            1,
            1,
            1,
            1,
            1,
            1,
            1,
            1,
            1
        ]
    ],
    "TimeShiftNumUn": [
        [
            0,
            8,
            7,
            2,
            5,
            4,
            1,
            2,
            1
        ]
    ],
    "TimeShiftDenUn": [
        [
            1,
            9,
            9,
            3,
            9,
            9,
            3,
            9,
            9
        ]
    ],
    "RequiresLoopDispUn": [
        [
            true,
            false,
            false,
            false,
            false,
            false,
            false,
            false,
            false
        ]
    ]
}