{
    "nbody": 10,
    "n_int": 2400,
    "mass": [
        1.0,
        1.0,
        1.0,
        1.0,
        1.0,
        1.0,
        1.0,
        1.0,
        1.0,
        1.0
    ],
    "nloop": 1,
    "Action": 239.1887822093821,
    "Grad_Action": 5.749311091821481e-15,
    "Newton_Error": 7.171958017552908e-15,
    "Min_Distance": 0.054046351484659805,
    "Max_PathLength": 3.583254848151874,
    "Hash": [
        239.1887822093821,
        151.9044320180237,
        200.59818471825875,
        293.20707792743536,
        481.6875610194994
    ],
    "xinf": -0.3264721596585597,
    "xsup": 0.3264721596585558,
    "yinf": -0.35825727082970976,
    "ysup": 0.29468704848740573,
    "loopnb": [
        10
    ],
    "Targets": [
        [
            0,
            1,
            2,
            3,
            4,
            5,
            6,
            7,
            8,
            9
        ]
    ],
    "SpaceRotsUn": [
        [
            [
                [
                    1.0,
                    0.0
                ],
                [
                    0.0,
                    1.0
                ]
            ],
            [
                [
                    1.0,
                    2.4492935982947064e-16
                ],
                [
                    -2.4492935982947064e-16,
                    1.0
                ]
            ],
            [
                [
                    1.0,
                    4.898587196589413e-16
                ],
                [
                    -4.898587196589413e-16,
                    1.0
                ]
            ],
            [
                [
                    1.0,
                    7.347880794884119e-16
                ],
                [
                    -7.347880794884119e-16,
                    1.0
                ]
            ],
            [
                [
                    1.0,
                    9.797174393178826e-16
                ],
                [
                    -9.797174393178826e-16,
                    1.0
                ]
            ],
            [
                [
                    1.0,
                    1.2246467991473533e-15
                ],
                [
                    -1.2246467991473533e-15,
                    1.0
                ]
            ],
            [
                [
                    1.0,
                    1.469576158976824e-15
                ],
                [
                    -1.469576158976824e-15,
                    1.0
                ]
            ],
            [
                [
                    1.0,
                    1.7145055188062946e-15
                ],
                [
                    -1.7145055188062946e-15,
                    1.0
                ]
            ],
            [
                [
                    1.0,
                    1.959434878635765e-15
                ],
                [
                    -1.959434878635765e-15,
                    1.0
                ]
            ],
            [
                [
                    1.0,
                    2.204364238465236e-15
                ],
                [
                    -2.204364238465236e-15,
                    1.0
                ]
            ]
        ]
    ],
    "TimeRevsUn": [
        [
            1,
            1,
            1,
            1,
            1,
            1,
            1,
            1,
            1,
            1
        ]
    ],
    "TimeShiftNumUn": [
        [
            0,
            9,
            4,
            7,
            3,
            1,
            2,
            3,
            1,
            1
        ]
    ],
    "TimeShiftDenUn": [
        [
            1,
            10,
            5,
            10,
            5,
            2,
            5,
            10,
            5,
            10
        ]
    ],
    "RequiresLoopDispUn": [
        [
            true,
            false,
            false,
            false,
            false,
            false,
            false,
            false,
            false,
            false
        ]
    ]
}