{
    "nbody": 4,
    "n_Fourier": 2880,
    "n_int": 5760,
    "mass": [
        1.0,
        1.0,
        1.0,
        1.0
    ],
    "nloop": 1,
    "Action": 59.768047159320524,
    "Grad_Action": 2.750541549310911e-09,
    "Newton_Error": 6.509960394251894e-09,
    "Min_Distance": 0.023163060197737003,
    "Max_PathLength": 2.95630438922017,
    "Hash": [
        59.768047159320524,
        32.03494165973817,
        46.12187471243785,
        82.13960673224425,
        185.46217736118635
    ],
    "xinf": -0.18053482002017612,
    "xsup": 0.18053482002017612,
    "yinf": -0.18053482002017612,
    "ysup": 0.18053482002017612,
    "loopnb": [
        4
    ],
    "Targets": [
        [
            0,
            1,
            2,
            3
        ]
    ],
    "SpaceRotsUn": [
        [
            [
                [
                    1.0,
                    0.0
                ],
                [
                    0.0,
                    1.0
                ]
            ],
            [
                [
                    1.0,
                    2.4492935982947064e-16
                ],
                [
                    -2.4492935982947064e-16,
                    1.0
                ]
            ],
            [
                [
                    1.0,
                    4.898587196589413e-16
                ],
                [
                    -4.898587196589413e-16,
                    1.0
                ]
            ],
            [
                [
                    1.0,
                    7.347880794884119e-16
                ],
                [
                    -7.347880794884119e-16,
                    1.0
                ]
            ]
        ]
    ],
    "TimeRevsUn": [
        [
            1,
            1,
            1,
            1
        ]
    ],
    "TimeShiftNumUn": [
        [
            0,
            3,
            1,
            1
        ]
    ],
    "TimeShiftDenUn": [
        [
            1,
            4,
            2,
            4
        ]
    ],
    "RequiresLoopDispUn": [
        [
            true,
            false,
            false,
            false
        ]
    ]
}