{
    "nbody": 4,
    "n_Fourier": 720,
    "n_int": 1440,
    "mass": [
        1.0,
        1.0,
        1.0,
        1.0
    ],
    "nloop": 1,
    "Action": 26.288992867888165,
    "Grad_Action": 4.4096857920958314e-11,
    "Newton_Error": 1.1043648111692396e-12,
    "Min_Distance": 0.0922343091482922,
    "Max_PathLength": 1.9942641267547556,
    "Hash": [
        26.288992867888165,
        17.681499712960566,
        22.598117072154974,
        31.22392191886674,
        46.97909195669468
    ],
    "xinf": -0.4061227432623016,
    "xsup": 0.4061227432623016,
    "yinf": -0.4061227432623016,
    "ysup": 0.4061227432623016,
    "loopnb": [
        4
    ],
    "Targets": [
        [
            0,
            1,
            2,
            3
        ]
    ],
    "SpaceRotsUn": [
        [
            [
                [
                    1.0,
                    0.0
                ],
                [
                    0.0,
                    1.0
                ]
            ],
            [
                [
                    1.0,
                    2.4492935982947064e-16
                ],
                [
                    -2.4492935982947064e-16,
                    1.0
                ]
            ],
            [
                [
                    1.0,
                    4.898587196589413e-16
                ],
                [
                    -4.898587196589413e-16,
                    1.0
                ]
            ],
            [
                [
                    1.0,
                    7.347880794884119e-16
                ],
                [
                    -7.347880794884119e-16,
                    1.0
                ]
            ]
        ]
    ],
    "TimeRevsUn": [
        [
            1,
            1,
            1,
            1
        ]
    ],
    "TimeShiftNumUn": [
        [
            0,
            3,
            1,
            1
        ]
    ],
    "TimeShiftDenUn": [
        [
            1,
            4,
            2,
            4
        ]
    ],
    "RequiresLoopDispUn": [
        [
            true,
            false,
            false,
            false
        ]
    ]
}