{
    "nbody": 9,
    "n_Fourier": 2880,
    "n_int": 5760,
    "mass": [
        1.0,
        1.0,
        1.0,
        1.0,
        1.0,
        1.0,
        1.0,
        1.0,
        1.0
    ],
    "nloop": 1,
    "Action": 305.9655970812062,
    "Grad_Action": 3.1301806133245304e-09,
    "Newton_Error": 2.193826923100116e-09,
    "Min_Distance": 0.024204267372972058,
    "Max_PathLength": 4.282359887599531,
    "Hash": [
        305.9655970812062,
        170.70125262864838,
        241.40755540099303,
        406.40176340288826,
        825.4485964797921
    ],
    "xinf": -0.2749732745615051,
    "xsup": 0.2749732745615051,
    "yinf": -0.2749732745615051,
    "ysup": 0.2749732745615051,
    "loopnb": [
        9
    ],
    "Targets": [
        [
            0,
            1,
            2,
            3,
            4,
            5,
            6,
            7,
            8
        ]
    ],
    "SpaceRotsUn": [
        [
            [
                [
                    1.0,
                    0.0
                ],
                [
                    0.0,
                    1.0
                ]
            ],
            [
                [
                    1.0,
                    2.4492935982947064e-16
                ],
                [
                    -2.4492935982947064e-16,
                    1.0
                ]
            ],
            [
                [
                    1.0,
                    4.898587196589413e-16
                ],
                [
                    -4.898587196589413e-16,
                    1.0
                ]
            ],
            [
                [
                    1.0,
                    7.347880794884119e-16
                ],
                [
                    -7.347880794884119e-16,
                    1.0
                ]
            ],
            [
                [
                    1.0,
                    9.797174393178826e-16
                ],
                [
                    -9.797174393178826e-16,
                    1.0
                ]
            ],
            [
                [
                    1.0,
                    1.2246467991473533e-15
                ],
                [
                    -1.2246467991473533e-15,
                    1.0
                ]
            ],
            [
                [
                    1.0,
                    1.469576158976824e-15
                ],
                [
                    -1.469576158976824e-15,
                    1.0
                ]
            ],
            [
                [
                    1.0,
                    1.7145055188062946e-15
                ],
                [
                    -1.7145055188062946e-15,
                    1.0
                ]
            ],
            [
                [
                    1.0,
                    1.959434878635765e-15
                ],
                [
                    -1.959434878635765e-15,
                    1.0
                ]
            ]
        ]
    ],
    "TimeRevsUn": [
        [
            1,
            1,
            1,
            1,
            1,
            1,
            1,
            1,
            1
        ]
    ],
    "TimeShiftNumUn": [
        [
            0,
            8,
            7,
            2,
            5,
            4,
            1,
            2,
            1
        ]
    ],
    "TimeShiftDenUn": [
        [
            1,
            9,
            9,
            3,
            9,
            9,
            3,
            9,
            9
        ]
    ],
    "RequiresLoopDispUn": [
        [
            true,
            false,
            false,
            false,
            false,
            false,
            false,
            false,
            false
        ]
    ]
}