{
    "nbody": 9,
    "n_Fourier": 1200,
    "n_int": 2400,
    "mass": [
        1.0,
        1.0,
        1.0,
        1.0,
        1.0,
        1.0,
        1.0,
        1.0,
        1.0
    ],
    "nloop": 2,
    "Action": 306.9499182762787,
    "Grad_Action": 1.329710689072787e-11,
    "Newton_Error": 1.3652347585704491e-11,
    "Min_Distance": 0.05073833117557139,
    "Max_PathLength": 5.253120104283052,
    "Hash": [
        306.9499182762787,
        172.2288493070456,
        243.72470313922315,
        402.1800571197803,
        772.1945425683895
    ],
    "xinf": -0.20236861796209726,
    "xsup": 0.20236861796209715,
    "yinf": -0.20588333087358024,
    "ysup": 0.19885390505061418,
    "loopnb": [
        5,
        4
    ],
    "Targets": [
        [
            0,
            1,
            2,
            3,
            4
        ],
        [
            8,
            7,
            5,
            6,
            0
        ]
    ],
    "SpaceRotsUn": [
        [
            [
                [
                    1.0,
                    0.0
                ],
                [
                    0.0,
                    1.0
                ]
            ],
            [
                [
                    1.0,
                    2.4492935982947064e-16
                ],
                [
                    -2.4492935982947064e-16,
                    1.0
                ]
            ],
            [
                [
                    1.0,
                    4.898587196589413e-16
                ],
                [
                    -4.898587196589413e-16,
                    1.0
                ]
            ],
            [
                [
                    1.0,
                    7.347880794884119e-16
                ],
                [
                    -7.347880794884119e-16,
                    1.0
                ]
            ],
            [
                [
                    1.0,
                    9.797174393178826e-16
                ],
                [
                    -9.797174393178826e-16,
                    1.0
                ]
            ]
        ],
        [
            [
                [
                    1.0,
                    0.0
                ],
                [
                    0.0,
                    1.0
                ]
            ],
            [
                [
                    1.0,
                    -2.4492935982947064e-16
                ],
                [
                    2.4492935982947064e-16,
                    1.0
                ]
            ],
            [
                [
                    -1.0,
                    0.0
                ],
                [
                    0.0,
                    1.0
                ]
            ],
            [
                [
                    -1.0,
                    2.4492935982947064e-16
                ],
                [
                    2.4492935982947064e-16,
                    1.0
                ]
            ],
            [
                [
                    0.0,
                    0.0
                ],
                [
                    0.0,
                    0.0
                ]
            ]
        ]
    ],
    "TimeRevsUn": [
        [
            1,
            1,
            1,
            1,
            1
        ],
        [
            1,
            1,
            -1,
            -1,
            0
        ]
    ],
    "TimeShiftNumUn": [
        [
            0,
            9,
            4,
            7,
            3
        ],
        [
            0,
            1,
            9,
            4,
            0
        ]
    ],
    "TimeShiftDenUn": [
        [
            1,
            10,
            5,
            10,
            5
        ],
        [
            1,
            10,
            10,
            5,
            0
        ]
    ],
    "RequiresLoopDispUn": [
        [
            true,
            false,
            false,
            false,
            false
        ],
        [
            true,
            false,
            true,
            false,
            false
        ]
    ]
}