{
    "nbody": 5,
    "n_Fourier": 600,
    "n_int": 1200,
    "mass": [
        1.0,
        1.0,
        1.0,
        3.0,
        3.0
    ],
    "nloop": 2,
    "Action": 47.0995705919508,
    "Grad_Action": 5.980140056142198e-14,
    "Newton_Error": 4.053298868365458e-15,
    "Min_Distance": 0.08507872298962799,
    "Max_PathLength": 3.058820287486922,
    "Hash": [
        141.2987117758521,
        92.86851421531003,
        120.20241727485532,
        170.18101385848794,
        266.53121564139616
    ],
    "xinf": -0.4725936138091056,
    "xsup": 0.4725936138091056,
    "yinf": -0.5187056281209338,
    "ysup": 0.42648159949727743,
    "loopnb": [
        3,
        2
    ],
    "Targets": [
        [
            0,
            1,
            2
        ],
        [
            3,
            4,
            0
        ]
    ],
    "SpaceRotsUn": [
        [
            [
                [
                    1.0,
                    0.0
                ],
                [
                    0.0,
                    1.0
                ]
            ],
            [
                [
                    1.0,
                    2.4492935982947064e-16
                ],
                [
                    -2.4492935982947064e-16,
                    1.0
                ]
            ],
            [
                [
                    1.0,
                    4.898587196589413e-16
                ],
                [
                    -4.898587196589413e-16,
                    1.0
                ]
            ]
        ],
        [
            [
                [
                    1.0,
                    0.0
                ],
                [
                    0.0,
                    1.0
                ]
            ],
            [
                [
                    -1.0,
                    -2.4492935982947064e-16
                ],
                [
                    -2.4492935982947064e-16,
                    1.0
                ]
            ],
            [
                [
                    0.0,
                    0.0
                ],
                [
                    0.0,
                    0.0
                ]
            ]
        ]
    ],
    "TimeRevsUn": [
        [
            1,
            1,
            1
        ],
        [
            1,
            -1,
            0
        ]
    ],
    "TimeShiftNumUn": [
        [
            0,
            2,
            1
        ],
        [
            0,
            0,
            0
        ]
    ],
    "TimeShiftDenUn": [
        [
            1,
            3,
            3
        ],
        [
            1,
            1,
            0
        ]
    ],
    "RequiresLoopDispUn": [
        [
            true,
            false,
            false
        ],
        [
            true,
            true,
            false
        ]
    ]
}