{
    "nbody": 8,
    "n_Fourier": 4200,
    "n_int": 8400,
    "mass": [
        1.0,
        1.0,
        1.0,
        1.0,
        1.0,
        1.0,
        1.0,
        1.0
    ],
    "nloop": 1,
    "Action": 47.61183853944793,
    "Grad_Action": 1.886589613716856e-14,
    "Newton_Error": 3.198330390198623e-14,
    "Min_Distance": 0.017479604931848212,
    "Max_PathLength": 1.5201085822629659,
    "Hash": [
        47.61183853944793,
        43.24919085239009,
        44.95865841200585,
        52.70157209273619,
        80.58491690483011
    ],
    "xinf": -0.9928463080760828,
    "xsup": 0.9928463080760834,
    "yinf": -0.9928463080760833,
    "ysup": 0.9928463080760829,
    "loopnb": [
        8
    ],
    "Targets": [
        [
            0,
            1,
            2,
            3,
            4,
            5,
            6,
            7
        ]
    ],
    "SpaceRotsUn": [
        [
            [
                [
                    1.0,
                    0.0
                ],
                [
                    0.0,
                    1.0
                ]
            ],
            [
                [
                    0.7071067811865477,
                    -0.7071067811865476
                ],
                [
                    0.7071067811865476,
                    0.7071067811865477
                ]
            ],
            [
                [
                    1.536865183484121e-16,
                    -1.0000000000000002
                ],
                [
                    1.0000000000000002,
                    1.143450299824811e-16
                ]
            ],
            [
                [
                    -0.7071067811865476,
                    -0.7071067811865479
                ],
                [
                    0.7071067811865479,
                    -0.7071067811865476
                ]
            ],
            [
                [
                    -1.0000000000000004,
                    -2.7135427585085865e-16
                ],
                [
                    2.6470882081092774e-16,
                    -1.0000000000000004
                ]
            ],
            [
                [
                    -0.7071067811865482,
                    0.7071067811865477
                ],
                [
                    -0.7071067811865477,
                    -0.7071067811865482
                ]
            ],
            [
                [
                    -5.192711052642859e-16,
                    1.0000000000000009
                ],
                [
                    -1.0000000000000007,
                    -5.068681446534249e-16
                ]
            ],
            [
                [
                    0.7071067811865478,
                    0.7071067811865487
                ],
                [
                    -0.7071067811865485,
                    0.7071067811865477
                ]
            ]
        ]
    ],
    "TimeRevsUn": [
        [
            1,
            1,
            1,
            1,
            1,
            1,
            1,
            1
        ]
    ],
    "TimeShiftNumUn": [
        [
            0,
            1,
            1,
            3,
            1,
            5,
            3,
            7
        ]
    ],
    "TimeShiftDenUn": [
        [
            1,
            8,
            4,
            8,
            2,
            8,
            4,
            8
        ]
    ],
    "RequiresLoopDispUn": [
        [
            true,
            true,
            true,
            true,
            true,
            true,
            true,
            true
        ]
    ]
}