{
    "nbody": 8,
    "n_Fourier": 4200,
    "n_int": 8400,
    "mass": [
        1.0,
        1.0,
        1.0,
        1.0,
        1.0,
        1.0,
        1.0,
        1.0
    ],
    "nloop": 1,
    "Action": 44.320757319327925,
    "Grad_Action": 5.669554260984249e-14,
    "Newton_Error": 4.940698533701914e-14,
    "Min_Distance": 0.017051577537928332,
    "Max_PathLength": 1.719559074283746,
    "Hash": [
        44.320757319327925,
        40.73963968544345,
        41.69335324076856,
        49.77020711222501,
        80.7769172770713
    ],
    "xinf": -1.1243923701978649,
    "xsup": 1.1243923701978649,
    "yinf": -1.1243923701978649,
    "ysup": 1.1243923701978649,
    "loopnb": [
        8
    ],
    "Targets": [
        [
            0,
            1,
            4,
            2,
            3,
            5,
            6,
            7
        ]
    ],
    "SpaceRotsUn": [
        [
            [
                [
                    1.0,
                    0.0
                ],
                [
                    0.0,
                    1.0
                ]
            ],
            [
                [
                    -0.7071067811865475,
                    -0.7071067811865477
                ],
                [
                    0.7071067811865477,
                    -0.7071067811865475
                ]
            ],
            [
                [
                    -1.0,
                    -1.2246467991473532e-16
                ],
                [
                    1.2246467991473532e-16,
                    -1.0
                ]
            ],
            [
                [
                    -3.3638963490751246e-16,
                    1.0000000000000002
                ],
                [
                    -1.0000000000000002,
                    -3.106957642167896e-16
                ]
            ],
            [
                [
                    0.7071067811865476,
                    -0.7071067811865476
                ],
                [
                    0.7071067811865476,
                    0.7071067811865476
                ]
            ],
            [
                [
                    0.7071067811865474,
                    0.7071067811865478
                ],
                [
                    -0.7071067811865478,
                    0.7071067811865474
                ]
            ],
            [
                [
                    4.588543148222478e-16,
                    -1.0000000000000002
                ],
                [
                    1.0000000000000002,
                    4.3316044413152493e-16
                ]
            ],
            [
                [
                    -0.7071067811865482,
                    0.7071067811865472
                ],
                [
                    -0.7071067811865472,
                    -0.7071067811865481
                ]
            ]
        ]
    ],
    "TimeRevsUn": [
        [
            1,
            1,
            1,
            1,
            1,
            1,
            1,
            1
        ]
    ],
    "TimeShiftNumUn": [
        [
            0,
            1,
            1,
            1,
            3,
            5,
            3,
            7
        ]
    ],
    "TimeShiftDenUn": [
        [
            1,
            8,
            2,
            4,
            8,
            8,
            4,
            8
        ]
    ],
    "RequiresLoopDispUn": [
        [
            true,
            true,
            true,
            true,
            true,
            true,
            true,
            true
        ]
    ]
}