{
    "nbody": 3,
    "n_int": 1200,
    "mass": [
        1.0,
        1.0,
        1.0
    ],
    "nloop": 3,
    "Action": 13.207783766887163,
    "Grad_Action": 1.1320455508345078e-11,
    "Newton_Error": 1.9725169788774964e-12,
    "Min_Distance": 0.19317566009125928,
    "Max_PathLength": 1.624380163204555,
    "Hash": [
        13.207783766887161,
        8.940876466420706,
        11.423302702489925,
        15.5058339643511,
        22.33600926207226
    ],
    "xinf": -0.2834022100064837,
    "xsup": 0.29556637207888525,
    "yinf": -0.23572093753492024,
    "ysup": 0.3432476445504487,
    "loopnb": [
        1,
        1,
        1
    ],
    "Targets": [
        [
            0
        ],
        [
            1
        ],
        [
            2
        ]
    ],
    "SpaceRotsUn": [
        [
            [
                [
                    1.0,
                    0.0
                ],
                [
                    0.0,
                    1.0
                ]
            ]
        ],
        [
            [
                [
                    1.0,
                    0.0
                ],
                [
                    0.0,
                    1.0
                ]
            ]
        ],
        [
            [
                [
                    1.0,
                    0.0
                ],
                [
                    0.0,
                    1.0
                ]
            ]
        ]
    ],
    "TimeRevsUn": [
        [
            1
        ],
        [
            1
        ],
        [
            1
        ]
    ],
    "TimeShiftNumUn": [
        [
            0
        ],
        [
            0
        ],
        [
            0
        ]
    ],
    "TimeShiftDenUn": [
        [
            1
        ],
        [
            1
        ],
        [
            1
        ]
    ],
    "RequiresLoopDispUn": [
        [
            true
        ],
        [
            true
        ],
        [
            true
        ]
    ]
}