{
    "nbody": 3,
    "n_int": 2400,
    "mass": [
        1.0,
        1.0,
        1.0
    ],
    "nloop": 3,
    "Action": 13.59904811471353,
    "Grad_Action": 8.137943200500936e-12,
    "Newton_Error": 1.3304891184041981e-12,
    "Min_Distance": 0.2242384674324983,
    "Max_PathLength": 1.8015048300552445,
    "Hash": [
        13.59904811471353,
        9.14086096781968,
        11.736692511973063,
        15.991336148808847,
        23.061329528329264
    ],
    "xinf": -0.2893156033302959,
    "xsup": 0.28467951697592603,
    "yinf": -0.32318792299664656,
    "ysup": 0.25080719730957535,
    "loopnb": [
        1,
        1,
        1
    ],
    "Targets": [
        [
            0
        ],
        [
            1
        ],
        [
            2
        ]
    ],
    "SpaceRotsUn": [
        [
            [
                [
                    1.0,
                    0.0
                ],
                [
                    0.0,
                    1.0
                ]
            ]
        ],
        [
            [
                [
                    1.0,
                    0.0
                ],
                [
                    0.0,
                    1.0
                ]
            ]
        ],
        [
            [
                [
                    1.0,
                    0.0
                ],
                [
                    0.0,
                    1.0
                ]
            ]
        ]
    ],
    "TimeRevsUn": [
        [
            1
        ],
        [
            1
        ],
        [
            1
        ]
    ],
    "TimeShiftNumUn": [
        [
            0
        ],
        [
            0
        ],
        [
            0
        ]
    ],
    "TimeShiftDenUn": [
        [
            1
        ],
        [
            1
        ],
        [
            1
        ]
    ],
    "RequiresLoopDispUn": [
        [
            true
        ],
        [
            true
        ],
        [
            true
        ]
    ]
}