{
    "nbody": 3,
    "n_int": 1200,
    "mass": [
        1.0,
        1.0,
        1.0
    ],
    "nloop": 3,
    "Action": 8.725005358965326,
    "Grad_Action": 1.4048207145382915e-11,
    "Newton_Error": 1.450873173188742e-11,
    "Min_Distance": 0.06787718578145373,
    "Max_PathLength": 1.6909222380099203,
    "Hash": [
        8.725005358965326,
        6.560028958660301,
        7.752335425949373,
        10.122227729051463,
        15.218497834048364
    ],
    "xinf": -0.6071986762666803,
    "xsup": 0.6072762836920442,
    "yinf": -0.6234691047015217,
    "ysup": 0.5910058552572028,
    "loopnb": [
        1,
        1,
        1
    ],
    "Targets": [
        [
            0
        ],
        [
            1
        ],
        [
            2
        ]
    ],
    "SpaceRotsUn": [
        [
            [
                [
                    1.0,
                    0.0
                ],
                [
                    0.0,
                    1.0
                ]
            ]
        ],
        [
            [
                [
                    1.0,
                    0.0
                ],
                [
                    0.0,
                    1.0
                ]
            ]
        ],
        [
            [
                [
                    1.0,
                    0.0
                ],
                [
                    0.0,
                    1.0
                ]
            ]
        ]
    ],
    "TimeRevsUn": [
        [
            1
        ],
        [
            1
        ],
        [
            1
        ]
    ],
    "TimeShiftNumUn": [
        [
            0
        ],
        [
            0
        ],
        [
            0
        ]
    ],
    "TimeShiftDenUn": [
        [
            1
        ],
        [
            1
        ],
        [
            1
        ]
    ],
    "RequiresLoopDispUn": [
        [
            true
        ],
        [
            true
        ],
        [
            true
        ]
    ]
}