{
    "nbody": 3,
    "n_int": 600,
    "mass": [
        1.0,
        1.0,
        1.0
    ],
    "nloop": 3,
    "Action": 13.848358313855183,
    "Grad_Action": 7.042204098726315e-12,
    "Newton_Error": 2.967843804737219e-12,
    "Min_Distance": 0.17033297093674177,
    "Max_PathLength": 1.847614844545271,
    "Hash": [
        13.848358313855183,
        9.218850271616256,
        11.8854222820572,
        16.420210741803302,
        24.27933491896033
    ],
    "xinf": -0.3142905164566697,
    "xsup": 0.3473438314384084,
    "yinf": -0.33304620229622206,
    "ysup": 0.3285881455988561,
    "loopnb": [
        1,
        1,
        1
    ],
    "Targets": [
        [
            0
        ],
        [
            1
        ],
        [
            2
        ]
    ],
    "SpaceRotsUn": [
        [
            [
                [
                    1.0,
                    0.0
                ],
                [
                    0.0,
                    1.0
                ]
            ]
        ],
        [
            [
                [
                    1.0,
                    0.0
                ],
                [
                    0.0,
                    1.0
                ]
            ]
        ],
        [
            [
                [
                    1.0,
                    0.0
                ],
                [
                    0.0,
                    1.0
                ]
            ]
        ]
    ],
    "TimeRevsUn": [
        [
            1
        ],
        [
            1
        ],
        [
            1
        ]
    ],
    "TimeShiftNumUn": [
        [
            0
        ],
        [
            0
        ],
        [
            0
        ]
    ],
    "TimeShiftDenUn": [
        [
            1
        ],
        [
            1
        ],
        [
            1
        ]
    ],
    "RequiresLoopDispUn": [
        [
            true
        ],
        [
            true
        ],
        [
            true
        ]
    ]
}