{
    "nbody": 3,
    "n_int": 2400,
    "mass": [
        1.0,
        1.0,
        1.0
    ],
    "nloop": 3,
    "Action": 11.204373087970513,
    "Grad_Action": 9.458527063319078e-12,
    "Newton_Error": 3.114584996581682e-12,
    "Min_Distance": 0.09419481938231146,
    "Max_PathLength": 1.6270835234892032,
    "Hash": [
        11.204373087970513,
        7.942331694586487,
        9.836977877553625,
        12.998523564318809,
        18.648510731899837
    ],
    "xinf": -0.2678284587775388,
    "xsup": 0.3907621813290494,
    "yinf": -0.2866525446683494,
    "ysup": 0.3719380954382388,
    "loopnb": [
        1,
        1,
        1
    ],
    "Targets": [
        [
            0
        ],
        [
            1
        ],
        [
            2
        ]
    ],
    "SpaceRotsUn": [
        [
            [
                [
                    1.0,
                    0.0
                ],
                [
                    0.0,
                    1.0
                ]
            ]
        ],
        [
            [
                [
                    1.0,
                    0.0
                ],
                [
                    0.0,
                    1.0
                ]
            ]
        ],
        [
            [
                [
                    1.0,
                    0.0
                ],
                [
                    0.0,
                    1.0
                ]
            ]
        ]
    ],
    "TimeRevsUn": [
        [
            1
        ],
        [
            1
        ],
        [
            1
        ]
    ],
    "TimeShiftNumUn": [
        [
            0
        ],
        [
            0
        ],
        [
            0
        ]
    ],
    "TimeShiftDenUn": [
        [
            1
        ],
        [
            1
        ],
        [
            1
        ]
    ],
    "RequiresLoopDispUn": [
        [
            true
        ],
        [
            true
        ],
        [
            true
        ]
    ]
}