{
    "nbody": 3,
    "n_int": 600,
    "mass": [
        1.0,
        1.0,
        1.0
    ],
    "nloop": 3,
    "Action": 11.317628529250074,
    "Grad_Action": 7.872693667171192e-12,
    "Newton_Error": 9.332614979729001e-12,
    "Min_Distance": 0.2743184012458563,
    "Max_PathLength": 1.8265686381253228,
    "Hash": [
        11.317628529250074,
        8.08126181789938,
        10.018400795913212,
        12.90671422651461,
        17.242560035606196
    ],
    "xinf": -0.32367418709593593,
    "xsup": 0.2864391640866671,
    "yinf": -0.31057307672137435,
    "ysup": 0.29954027446122866,
    "loopnb": [
        1,
        1,
        1
    ],
    "Targets": [
        [
            0
        ],
        [
            1
        ],
        [
            2
        ]
    ],
    "SpaceRotsUn": [
        [
            [
                [
                    1.0,
                    0.0
                ],
                [
                    0.0,
                    1.0
                ]
            ]
        ],
        [
            [
                [
                    1.0,
                    0.0
                ],
                [
                    0.0,
                    1.0
                ]
            ]
        ],
        [
            [
                [
                    1.0,
                    0.0
                ],
                [
                    0.0,
                    1.0
                ]
            ]
        ]
    ],
    "TimeRevsUn": [
        [
            1
        ],
        [
            1
        ],
        [
            1
        ]
    ],
    "TimeShiftNumUn": [
        [
            0
        ],
        [
            0
        ],
        [
            0
        ]
    ],
    "TimeShiftDenUn": [
        [
            1
        ],
        [
            1
        ],
        [
            1
        ]
    ],
    "RequiresLoopDispUn": [
        [
            true
        ],
        [
            true
        ],
        [
            true
        ]
    ]
}