{
    "nbody": 3,
    "n_int": 1200,
    "mass": [
        1.0,
        1.0,
        1.0
    ],
    "nloop": 3,
    "Action": 11.300203169497374,
    "Grad_Action": 8.647660872199696e-12,
    "Newton_Error": 4.240268781117359e-12,
    "Min_Distance": 0.06611579680321587,
    "Max_PathLength": 1.5862246520662833,
    "Hash": [
        11.300203169497374,
        7.9138322537636565,
        9.835576964753693,
        13.3027818371025,
        20.055577298121584
    ],
    "xinf": -0.405023231413675,
    "xsup": 0.42011414227812993,
    "yinf": -0.3639564575595542,
    "ysup": 0.46118091613225076,
    "loopnb": [
        1,
        1,
        1
    ],
    "Targets": [
        [
            0
        ],
        [
            1
        ],
        [
            2
        ]
    ],
    "SpaceRotsUn": [
        [
            [
                [
                    1.0,
                    0.0
                ],
                [
                    0.0,
                    1.0
                ]
            ]
        ],
        [
            [
                [
                    1.0,
                    0.0
                ],
                [
                    0.0,
                    1.0
                ]
            ]
        ],
        [
            [
                [
                    1.0,
                    0.0
                ],
                [
                    0.0,
                    1.0
                ]
            ]
        ]
    ],
    "TimeRevsUn": [
        [
            1
        ],
        [
            1
        ],
        [
            1
        ]
    ],
    "TimeShiftNumUn": [
        [
            0
        ],
        [
            0
        ],
        [
            0
        ]
    ],
    "TimeShiftDenUn": [
        [
            1
        ],
        [
            1
        ],
        [
            1
        ]
    ],
    "RequiresLoopDispUn": [
        [
            true
        ],
        [
            true
        ],
        [
            true
        ]
    ]
}