{
    "nbody": 3,
    "n_int": 600,
    "mass": [
        1.0,
        1.0,
        1.0
    ],
    "nloop": 3,
    "Action": 15.784539074042577,
    "Grad_Action": 7.716194022910062e-12,
    "Newton_Error": 4.690973941749263e-12,
    "Min_Distance": 0.1207658399569472,
    "Max_PathLength": 1.94182894507026,
    "Hash": [
        15.784539074042577,
        10.032395249987179,
        13.248393939938255,
        19.280459856452833,
        30.887341608752987
    ],
    "xinf": -0.3202026143848633,
    "xsup": 0.4021064215871273,
    "yinf": -0.36720410576429846,
    "ysup": 0.3551049302076921,
    "loopnb": [
        1,
        1,
        1
    ],
    "Targets": [
        [
            0
        ],
        [
            1
        ],
        [
            2
        ]
    ],
    "SpaceRotsUn": [
        [
            [
                [
                    1.0,
                    0.0
                ],
                [
                    0.0,
                    1.0
                ]
            ]
        ],
        [
            [
                [
                    1.0,
                    0.0
                ],
                [
                    0.0,
                    1.0
                ]
            ]
        ],
        [
            [
                [
                    1.0,
                    0.0
                ],
                [
                    0.0,
                    1.0
                ]
            ]
        ]
    ],
    "TimeRevsUn": [
        [
            1
        ],
        [
            1
        ],
        [
            1
        ]
    ],
    "TimeShiftNumUn": [
        [
            0
        ],
        [
            0
        ],
        [
            0
        ]
    ],
    "TimeShiftDenUn": [
        [
            1
        ],
        [
            1
        ],
        [
            1
        ]
    ],
    "RequiresLoopDispUn": [
        [
            true
        ],
        [
            true
        ],
        [
            true
        ]
    ]
}