{
    "nbody": 3,
    "n_int": 600,
    "mass": [
        1.0,
        1.0,
        1.0
    ],
    "nloop": 3,
    "Action": 13.316341683514672,
    "Grad_Action": 8.168962979582632e-12,
    "Newton_Error": 3.2201305823048666e-12,
    "Min_Distance": 0.19267245671736022,
    "Max_PathLength": 1.6632191759097434,
    "Hash": [
        13.316341683514672,
        8.965211076001237,
        11.480306542591716,
        15.706085141351434,
        22.92449103235508
    ],
    "xinf": -0.2669946509961716,
    "xsup": 0.47362442092601653,
    "yinf": -0.364579253617665,
    "ysup": 0.3760398183045231,
    "loopnb": [
        1,
        1,
        1
    ],
    "Targets": [
        [
            0
        ],
        [
            1
        ],
        [
            2
        ]
    ],
    "SpaceRotsUn": [
        [
            [
                [
                    1.0,
                    0.0
                ],
                [
                    0.0,
                    1.0
                ]
            ]
        ],
        [
            [
                [
                    1.0,
                    0.0
                ],
                [
                    0.0,
                    1.0
                ]
            ]
        ],
        [
            [
                [
                    1.0,
                    0.0
                ],
                [
                    0.0,
                    1.0
                ]
            ]
        ]
    ],
    "TimeRevsUn": [
        [
            1
        ],
        [
            1
        ],
        [
            1
        ]
    ],
    "TimeShiftNumUn": [
        [
            0
        ],
        [
            0
        ],
        [
            0
        ]
    ],
    "TimeShiftDenUn": [
        [
            1
        ],
        [
            1
        ],
        [
            1
        ]
    ],
    "RequiresLoopDispUn": [
        [
            true
        ],
        [
            true
        ],
        [
            true
        ]
    ]
}