{
    "nbody": 3,
    "n_int": 1200,
    "mass": [
        1.0,
        1.0,
        1.0
    ],
    "nloop": 3,
    "Action": 15.872891158134763,
    "Grad_Action": 3.766776020376564e-12,
    "Newton_Error": 2.1989126137006275e-12,
    "Min_Distance": 0.1413045345392538,
    "Max_PathLength": 2.3353576111153016,
    "Hash": [
        15.872891158134763,
        10.193016297696916,
        13.440515239672685,
        19.099440983100283,
        29.170978646876375
    ],
    "xinf": -0.29003261475204106,
    "xsup": 0.1471881474606886,
    "yinf": -0.19755110997399794,
    "ysup": 0.2396696522387317,
    "loopnb": [
        1,
        1,
        1
    ],
    "Targets": [
        [
            0
        ],
        [
            1
        ],
        [
            2
        ]
    ],
    "SpaceRotsUn": [
        [
            [
                [
                    1.0,
                    0.0
                ],
                [
                    0.0,
                    1.0
                ]
            ]
        ],
        [
            [
                [
                    1.0,
                    0.0
                ],
                [
                    0.0,
                    1.0
                ]
            ]
        ],
        [
            [
                [
                    1.0,
                    0.0
                ],
                [
                    0.0,
                    1.0
                ]
            ]
        ]
    ],
    "TimeRevsUn": [
        [
            1
        ],
        [
            1
        ],
        [
            1
        ]
    ],
    "TimeShiftNumUn": [
        [
            0
        ],
        [
            0
        ],
        [
            0
        ]
    ],
    "TimeShiftDenUn": [
        [
            1
        ],
        [
            1
        ],
        [
            1
        ]
    ],
    "RequiresLoopDispUn": [
        [
            true
        ],
        [
            true
        ],
        [
            true
        ]
    ]
}