{
    "nbody": 3,
    "n_int": 1200,
    "mass": [
        1.0,
        1.0,
        1.0
    ],
    "nloop": 3,
    "Action": 13.605822739931927,
    "Grad_Action": 9.142107544583174e-12,
    "Newton_Error": 1.9067146626774754e-12,
    "Min_Distance": 0.12192718812234263,
    "Max_PathLength": 1.7982677735636763,
    "Hash": [
        13.60582273993193,
        9.11397844161774,
        11.705835197221862,
        16.098358331584592,
        23.795460271287205
    ],
    "xinf": -0.2631668565928933,
    "xsup": 0.314582819870183,
    "yinf": -0.32359652877345657,
    "ysup": 0.2541531476896197,
    "loopnb": [
        1,
        1,
        1
    ],
    "Targets": [
        [
            0
        ],
        [
            1
        ],
        [
            2
        ]
    ],
    "SpaceRotsUn": [
        [
            [
                [
                    1.0,
                    0.0
                ],
                [
                    0.0,
                    1.0
                ]
            ]
        ],
        [
            [
                [
                    1.0,
                    0.0
                ],
                [
                    0.0,
                    1.0
                ]
            ]
        ],
        [
            [
                [
                    1.0,
                    0.0
                ],
                [
                    0.0,
                    1.0
                ]
            ]
        ]
    ],
    "TimeRevsUn": [
        [
            1
        ],
        [
            1
        ],
        [
            1
        ]
    ],
    "TimeShiftNumUn": [
        [
            0
        ],
        [
            0
        ],
        [
            0
        ]
    ],
    "TimeShiftDenUn": [
        [
            1
        ],
        [
            1
        ],
        [
            1
        ]
    ],
    "RequiresLoopDispUn": [
        [
            true
        ],
        [
            true
        ],
        [
            true
        ]
    ]
}