{
    "nbody": 3,
    "n_int": 1200,
    "mass": [
        1.0,
        1.0,
        1.0
    ],
    "nloop": 3,
    "Action": 18.28580803747048,
    "Grad_Action": 9.818061630016508e-12,
    "Newton_Error": 9.509667639390351e-09,
    "Min_Distance": 0.0450071248949671,
    "Max_PathLength": 1.706127365444093,
    "Hash": [
        18.28580803747048,
        11.121244426459224,
        15.019523351190479,
        23.049300841690947,
        40.80979423454152
    ],
    "xinf": -0.21731866619874313,
    "xsup": 0.30415371559887255,
    "yinf": -0.25898874694783525,
    "ysup": 0.26248363484978043,
    "loopnb": [
        1,
        1,
        1
    ],
    "Targets": [
        [
            0
        ],
        [
            1
        ],
        [
            2
        ]
    ],
    "SpaceRotsUn": [
        [
            [
                [
                    1.0,
                    0.0
                ],
                [
                    0.0,
                    1.0
                ]
            ]
        ],
        [
            [
                [
                    1.0,
                    0.0
                ],
                [
                    0.0,
                    1.0
                ]
            ]
        ],
        [
            [
                [
                    1.0,
                    0.0
                ],
                [
                    0.0,
                    1.0
                ]
            ]
        ]
    ],
    "TimeRevsUn": [
        [
            1
        ],
        [
            1
        ],
        [
            1
        ]
    ],
    "TimeShiftNumUn": [
        [
            0
        ],
        [
            0
        ],
        [
            0
        ]
    ],
    "TimeShiftDenUn": [
        [
            1
        ],
        [
            1
        ],
        [
            1
        ]
    ],
    "RequiresLoopDispUn": [
        [
            true
        ],
        [
            true
        ],
        [
            true
        ]
    ]
}