{
    "nbody": 3,
    "n_int": 2400,
    "mass": [
        1.0,
        1.0,
        1.0
    ],
    "nloop": 3,
    "Action": 18.28667345592079,
    "Grad_Action": 9.772761242280985e-12,
    "Newton_Error": 4.558109510788999e-09,
    "Min_Distance": 0.029067181623684248,
    "Max_PathLength": 1.6756448923291036,
    "Hash": [
        18.28667345592079,
        11.104642243102774,
        14.995783927492775,
        23.13391159631504,
        41.62406449398281
    ],
    "xinf": -0.32703583896264576,
    "xsup": 0.23533366302158917,
    "yinf": -0.27699651284481386,
    "ysup": 0.2853729891394211,
    "loopnb": [
        1,
        1,
        1
    ],
    "Targets": [
        [
            0
        ],
        [
            1
        ],
        [
            2
        ]
    ],
    "SpaceRotsUn": [
        [
            [
                [
                    1.0,
                    0.0
                ],
                [
                    0.0,
                    1.0
                ]
            ]
        ],
        [
            [
                [
                    1.0,
                    0.0
                ],
                [
                    0.0,
                    1.0
                ]
            ]
        ],
        [
            [
                [
                    1.0,
                    0.0
                ],
                [
                    0.0,
                    1.0
                ]
            ]
        ]
    ],
    "TimeRevsUn": [
        [
            1
        ],
        [
            1
        ],
        [
            1
        ]
    ],
    "TimeShiftNumUn": [
        [
            0
        ],
        [
            0
        ],
        [
            0
        ]
    ],
    "TimeShiftDenUn": [
        [
            1
        ],
        [
            1
        ],
        [
            1
        ]
    ],
    "RequiresLoopDispUn": [
        [
            true
        ],
        [
            true
        ],
        [
            true
        ]
    ]
}