{
    "nbody": 3,
    "n_int": 4800,
    "mass": [
        1.0,
        1.0,
        1.0
    ],
    "nloop": 3,
    "Action": 13.61828744793674,
    "Grad_Action": 9.925423900948194e-12,
    "Newton_Error": 7.32793384355417e-11,
    "Min_Distance": 0.018543898793933464,
    "Max_PathLength": 1.5170006471495845,
    "Hash": [
        13.61828744793674,
        8.919465372460392,
        11.470561249991055,
        16.842944664410236,
        30.136410750809794
    ],
    "xinf": -0.5305104054965085,
    "xsup": 0.3600825025079073,
    "yinf": -0.43400624985130754,
    "ysup": 0.4565866581531083,
    "loopnb": [
        1,
        1,
        1
    ],
    "Targets": [
        [
            0
        ],
        [
            1
        ],
        [
            2
        ]
    ],
    "SpaceRotsUn": [
        [
            [
                [
                    1.0,
                    0.0
                ],
                [
                    0.0,
                    1.0
                ]
            ]
        ],
        [
            [
                [
                    1.0,
                    0.0
                ],
                [
                    0.0,
                    1.0
                ]
            ]
        ],
        [
            [
                [
                    1.0,
                    0.0
                ],
                [
                    0.0,
                    1.0
                ]
            ]
        ]
    ],
    "TimeRevsUn": [
        [
            1
        ],
        [
            1
        ],
        [
            1
        ]
    ],
    "TimeShiftNumUn": [
        [
            0
        ],
        [
            0
        ],
        [
            0
        ]
    ],
    "TimeShiftDenUn": [
        [
            1
        ],
        [
            1
        ],
        [
            1
        ]
    ],
    "RequiresLoopDispUn": [
        [
            true
        ],
        [
            true
        ],
        [
            true
        ]
    ]
}