{
    "nbody": 3,
    "n_int": 600,
    "mass": [
        1.0,
        1.0,
        1.0
    ],
    "nloop": 3,
    "Action": 15.564343950040122,
    "Grad_Action": 6.61290108434321e-12,
    "Newton_Error": 3.8270312047643576e-12,
    "Min_Distance": 0.1740510881813338,
    "Max_PathLength": 1.7915761788648854,
    "Hash": [
        15.56434395004012,
        10.000714259467692,
        13.156425211715726,
        18.805235522973543,
        29.164570743100768
    ],
    "xinf": -0.2595890385914118,
    "xsup": 0.3105163636185376,
    "yinf": -0.2539054008223811,
    "ysup": 0.3162000013875683,
    "loopnb": [
        1,
        1,
        1
    ],
    "Targets": [
        [
            0
        ],
        [
            1
        ],
        [
            2
        ]
    ],
    "SpaceRotsUn": [
        [
            [
                [
                    1.0,
                    0.0
                ],
                [
                    0.0,
                    1.0
                ]
            ]
        ],
        [
            [
                [
                    1.0,
                    0.0
                ],
                [
                    0.0,
                    1.0
                ]
            ]
        ],
        [
            [
                [
                    1.0,
                    0.0
                ],
                [
                    0.0,
                    1.0
                ]
            ]
        ]
    ],
    "TimeRevsUn": [
        [
            1
        ],
        [
            1
        ],
        [
            1
        ]
    ],
    "TimeShiftNumUn": [
        [
            0
        ],
        [
            0
        ],
        [
            0
        ]
    ],
    "TimeShiftDenUn": [
        [
            1
        ],
        [
            1
        ],
        [
            1
        ]
    ],
    "RequiresLoopDispUn": [
        [
            true
        ],
        [
            true
        ],
        [
            true
        ]
    ]
}