{
    "nbody": 3,
    "n_int": 600,
    "mass": [
        1.0,
        1.0,
        1.0
    ],
    "nloop": 3,
    "Action": 18.130808869733386,
    "Grad_Action": 8.077553318989722e-12,
    "Newton_Error": 5.035230157038773e-12,
    "Min_Distance": 0.1388620186062752,
    "Max_PathLength": 1.8588766029681039,
    "Hash": [
        18.130808869733386,
        11.184194157699812,
        15.07644073051596,
        22.318376830488294,
        36.083770587407905
    ],
    "xinf": -0.22684224085658572,
    "xsup": 0.21036895490466018,
    "yinf": -0.17772855102011875,
    "ysup": 0.25948264474112714,
    "loopnb": [
        1,
        1,
        1
    ],
    "Targets": [
        [
            0
        ],
        [
            1
        ],
        [
            2
        ]
    ],
    "SpaceRotsUn": [
        [
            [
                [
                    1.0,
                    0.0
                ],
                [
                    0.0,
                    1.0
                ]
            ]
        ],
        [
            [
                [
                    1.0,
                    0.0
                ],
                [
                    0.0,
                    1.0
                ]
            ]
        ],
        [
            [
                [
                    1.0,
                    0.0
                ],
                [
                    0.0,
                    1.0
                ]
            ]
        ]
    ],
    "TimeRevsUn": [
        [
            1
        ],
        [
            1
        ],
        [
            1
        ]
    ],
    "TimeShiftNumUn": [
        [
            0
        ],
        [
            0
        ],
        [
            0
        ]
    ],
    "TimeShiftDenUn": [
        [
            1
        ],
        [
            1
        ],
        [
            1
        ]
    ],
    "RequiresLoopDispUn": [
        [
            true
        ],
        [
            true
        ],
        [
            true
        ]
    ]
}