{
    "nbody": 3,
    "n_int": 600,
    "mass": [
        1.0,
        1.0,
        1.0
    ],
    "nloop": 3,
    "Action": 17.963471323845173,
    "Grad_Action": 8.756093647135584e-12,
    "Newton_Error": 4.4023370994217046e-12,
    "Min_Distance": 0.1408885380599378,
    "Max_PathLength": 2.2837429103934794,
    "Hash": [
        17.963471323845173,
        11.159412951394412,
        15.012673492790176,
        21.925709692796907,
        34.45952366680266
    ],
    "xinf": -0.18653690489256766,
    "xsup": 0.2358399287477104,
    "yinf": -0.24571213594279007,
    "ysup": 0.176664697697488,
    "loopnb": [
        1,
        1,
        1
    ],
    "Targets": [
        [
            0
        ],
        [
            1
        ],
        [
            2
        ]
    ],
    "SpaceRotsUn": [
        [
            [
                [
                    1.0,
                    0.0
                ],
                [
                    0.0,
                    1.0
                ]
            ]
        ],
        [
            [
                [
                    1.0,
                    0.0
                ],
                [
                    0.0,
                    1.0
                ]
            ]
        ],
        [
            [
                [
                    1.0,
                    0.0
                ],
                [
                    0.0,
                    1.0
                ]
            ]
        ]
    ],
    "TimeRevsUn": [
        [
            1
        ],
        [
            1
        ],
        [
            1
        ]
    ],
    "TimeShiftNumUn": [
        [
            0
        ],
        [
            0
        ],
        [
            0
        ]
    ],
    "TimeShiftDenUn": [
        [
            1
        ],
        [
            1
        ],
        [
            1
        ]
    ],
    "RequiresLoopDispUn": [
        [
            true
        ],
        [
            true
        ],
        [
            true
        ]
    ]
}