{
    "nbody": 3,
    "n_int": 600,
    "mass": [
        1.0,
        1.0,
        1.0
    ],
    "nloop": 3,
    "Action": 19.698496424680616,
    "Grad_Action": 7.931350141338636e-12,
    "Newton_Error": 9.789408179893335e-12,
    "Min_Distance": 0.07144866782295407,
    "Max_PathLength": 2.1076624882065325,
    "Hash": [
        19.698496424680616,
        11.894485685027025,
        16.234428215956942,
        24.505754736746947,
        40.63729322903988
    ],
    "xinf": -0.3014417015619182,
    "xsup": 0.14563874737719423,
    "yinf": -0.2500155984278802,
    "ysup": 0.19706485051123224,
    "loopnb": [
        1,
        1,
        1
    ],
    "Targets": [
        [
            0
        ],
        [
            1
        ],
        [
            2
        ]
    ],
    "SpaceRotsUn": [
        [
            [
                [
                    1.0,
                    0.0
                ],
                [
                    0.0,
                    1.0
                ]
            ]
        ],
        [
            [
                [
                    1.0,
                    0.0
                ],
                [
                    0.0,
                    1.0
                ]
            ]
        ],
        [
            [
                [
                    1.0,
                    0.0
                ],
                [
                    0.0,
                    1.0
                ]
            ]
        ]
    ],
    "TimeRevsUn": [
        [
            1
        ],
        [
            1
        ],
        [
            1
        ]
    ],
    "TimeShiftNumUn": [
        [
            0
        ],
        [
            0
        ],
        [
            0
        ]
    ],
    "TimeShiftDenUn": [
        [
            1
        ],
        [
            1
        ],
        [
            1
        ]
    ],
    "RequiresLoopDispUn": [
        [
            true
        ],
        [
            true
        ],
        [
            true
        ]
    ]
}