{
    "nbody": 3,
    "n_int": 1200,
    "mass": [
        1.0,
        1.0,
        1.0
    ],
    "nloop": 3,
    "Action": 17.28248739921864,
    "Grad_Action": 1.814743183244538e-09,
    "Newton_Error": 2.6587010147267512e-09,
    "Min_Distance": 0.058259376270595215,
    "Max_PathLength": 1.8807654965232912,
    "Hash": [
        17.28248739921864,
        10.765298798013726,
        14.398441955784936,
        21.306956245913984,
        35.16779152175005
    ],
    "xinf": -0.1703286081591881,
    "xsup": 0.32243813235788327,
    "yinf": -0.2583799906339044,
    "ysup": 0.234386749883167,
    "loopnb": [
        1,
        1,
        1
    ],
    "Targets": [
        [
            0
        ],
        [
            1
        ],
        [
            2
        ]
    ],
    "SpaceRotsUn": [
        [
            [
                [
                    1.0,
                    0.0
                ],
                [
                    0.0,
                    1.0
                ]
            ]
        ],
        [
            [
                [
                    1.0,
                    0.0
                ],
                [
                    0.0,
                    1.0
                ]
            ]
        ],
        [
            [
                [
                    1.0,
                    0.0
                ],
                [
                    0.0,
                    1.0
                ]
            ]
        ]
    ],
    "TimeRevsUn": [
        [
            1
        ],
        [
            1
        ],
        [
            1
        ]
    ],
    "TimeShiftNumUn": [
        [
            0
        ],
        [
            0
        ],
        [
            0
        ]
    ],
    "TimeShiftDenUn": [
        [
            1
        ],
        [
            1
        ],
        [
            1
        ]
    ],
    "RequiresLoopDispUn": [
        [
            true
        ],
        [
            true
        ],
        [
            true
        ]
    ]
}