{
    "nbody": 3,
    "n_int": 1200,
    "mass": [
        1.0,
        1.0,
        1.0
    ],
    "nloop": 3,
    "Action": 15.57638859737353,
    "Grad_Action": 9.59636126061597e-12,
    "Newton_Error": 1.0713186109915366e-11,
    "Min_Distance": 0.06810463758475865,
    "Max_PathLength": 1.7388654927993221,
    "Hash": [
        15.576388597373533,
        9.935344304901987,
        13.076619132151976,
        19.080759827820096,
        31.274643034975472
    ],
    "xinf": -0.41401525649851767,
    "xsup": 0.19614262167805166,
    "yinf": -0.2545035024505258,
    "ysup": 0.3556543757260435,
    "loopnb": [
        1,
        1,
        1
    ],
    "Targets": [
        [
            0
        ],
        [
            1
        ],
        [
            2
        ]
    ],
    "SpaceRotsUn": [
        [
            [
                [
                    1.0,
                    0.0
                ],
                [
                    0.0,
                    1.0
                ]
            ]
        ],
        [
            [
                [
                    1.0,
                    0.0
                ],
                [
                    0.0,
                    1.0
                ]
            ]
        ],
        [
            [
                [
                    1.0,
                    0.0
                ],
                [
                    0.0,
                    1.0
                ]
            ]
        ]
    ],
    "TimeRevsUn": [
        [
            1
        ],
        [
            1
        ],
        [
            1
        ]
    ],
    "TimeShiftNumUn": [
        [
            0
        ],
        [
            0
        ],
        [
            0
        ]
    ],
    "TimeShiftDenUn": [
        [
            1
        ],
        [
            1
        ],
        [
            1
        ]
    ],
    "RequiresLoopDispUn": [
        [
            true
        ],
        [
            true
        ],
        [
            true
        ]
    ]
}