{
    "nbody": 3,
    "n_int": 4800,
    "mass": [
        1.0,
        1.0,
        1.0
    ],
    "nloop": 3,
    "Action": 18.373851067850445,
    "Grad_Action": 4.839186652331704e-10,
    "Newton_Error": 2.2720354241425476e-09,
    "Min_Distance": 0.019889766202755194,
    "Max_PathLength": 1.846114259520761,
    "Hash": [
        18.373851067850445,
        11.200193281992258,
        15.125348685050481,
        23.092851649782997,
        40.939997769825155
    ],
    "xinf": -0.27697554139583724,
    "xsup": 0.32706200929639484,
    "yinf": -0.3196975503782168,
    "ysup": 0.2843400003140153,
    "loopnb": [
        1,
        1,
        1
    ],
    "Targets": [
        [
            0
        ],
        [
            1
        ],
        [
            2
        ]
    ],
    "SpaceRotsUn": [
        [
            [
                [
                    1.0,
                    0.0
                ],
                [
                    0.0,
                    1.0
                ]
            ]
        ],
        [
            [
                [
                    1.0,
                    0.0
                ],
                [
                    0.0,
                    1.0
                ]
            ]
        ],
        [
            [
                [
                    1.0,
                    0.0
                ],
                [
                    0.0,
                    1.0
                ]
            ]
        ]
    ],
    "TimeRevsUn": [
        [
            1
        ],
        [
            1
        ],
        [
            1
        ]
    ],
    "TimeShiftNumUn": [
        [
            0
        ],
        [
            0
        ],
        [
            0
        ]
    ],
    "TimeShiftDenUn": [
        [
            1
        ],
        [
            1
        ],
        [
            1
        ]
    ],
    "RequiresLoopDispUn": [
        [
            true
        ],
        [
            true
        ],
        [
            true
        ]
    ]
}