{
    "nbody": 3,
    "n_int": 600,
    "mass": [
        1.0,
        1.0,
        1.0
    ],
    "nloop": 3,
    "Action": 18.76469668870741,
    "Grad_Action": 8.55458514286642e-12,
    "Newton_Error": 4.366966736697445e-12,
    "Min_Distance": 0.14673507210418602,
    "Max_PathLength": 2.3888462757374573,
    "Hash": [
        18.764696688707414,
        11.502059704452307,
        15.582397470015989,
        23.096831409137092,
        37.1189999291411
    ],
    "xinf": -0.21397205323666496,
    "xsup": 0.20402757875952987,
    "yinf": -0.25489101263203234,
    "ysup": 0.1631086193641625,
    "loopnb": [
        1,
        1,
        1
    ],
    "Targets": [
        [
            0
        ],
        [
            1
        ],
        [
            2
        ]
    ],
    "SpaceRotsUn": [
        [
            [
                [
                    1.0,
                    0.0
                ],
                [
                    0.0,
                    1.0
                ]
            ]
        ],
        [
            [
                [
                    1.0,
                    0.0
                ],
                [
                    0.0,
                    1.0
                ]
            ]
        ],
        [
            [
                [
                    1.0,
                    0.0
                ],
                [
                    0.0,
                    1.0
                ]
            ]
        ]
    ],
    "TimeRevsUn": [
        [
            1
        ],
        [
            1
        ],
        [
            1
        ]
    ],
    "TimeShiftNumUn": [
        [
            0
        ],
        [
            0
        ],
        [
            0
        ]
    ],
    "TimeShiftDenUn": [
        [
            1
        ],
        [
            1
        ],
        [
            1
        ]
    ],
    "RequiresLoopDispUn": [
        [
            true
        ],
        [
            true
        ],
        [
            true
        ]
    ]
}