{
    "nbody": 3,
    "n_int": 2400,
    "mass": [
        1.0,
        1.0,
        1.0
    ],
    "nloop": 3,
    "Action": 17.332012305134043,
    "Grad_Action": 6.672444208995231e-12,
    "Newton_Error": 8.690884860385311e-13,
    "Min_Distance": 0.14478750625465264,
    "Max_PathLength": 1.9493005428510757,
    "Hash": [
        17.332012305134043,
        10.749428741083621,
        14.401554640879688,
        21.42930908229058,
        35.38497779892805
    ],
    "xinf": -0.29224726076577023,
    "xsup": 0.276738001321826,
    "yinf": -0.29911948256225607,
    "ysup": 0.2698657795253402,
    "loopnb": [
        1,
        1,
        1
    ],
    "Targets": [
        [
            0
        ],
        [
            1
        ],
        [
            2
        ]
    ],
    "SpaceRotsUn": [
        [
            [
                [
                    1.0,
                    0.0
                ],
                [
                    0.0,
                    1.0
                ]
            ]
        ],
        [
            [
                [
                    1.0,
                    0.0
                ],
                [
                    0.0,
                    1.0
                ]
            ]
        ],
        [
            [
                [
                    1.0,
                    0.0
                ],
                [
                    0.0,
                    1.0
                ]
            ]
        ]
    ],
    "TimeRevsUn": [
        [
            1
        ],
        [
            1
        ],
        [
            1
        ]
    ],
    "TimeShiftNumUn": [
        [
            0
        ],
        [
            0
        ],
        [
            0
        ]
    ],
    "TimeShiftDenUn": [
        [
            1
        ],
        [
            1
        ],
        [
            1
        ]
    ],
    "RequiresLoopDispUn": [
        [
            true
        ],
        [
            true
        ],
        [
            true
        ]
    ]
}