{
    "nbody": 3,
    "n_int": 600,
    "mass": [
        1.0,
        1.0,
        1.0
    ],
    "nloop": 3,
    "Action": 19.059483941660528,
    "Grad_Action": 8.424026327824966e-12,
    "Newton_Error": 5.534318450663175e-12,
    "Min_Distance": 0.1294883168731266,
    "Max_PathLength": 1.9865024182640882,
    "Hash": [
        19.059483941660528,
        11.606661805218598,
        15.767153404059933,
        23.593369960848115,
        38.56587483593068
    ],
    "xinf": -0.31598932977557137,
    "xsup": 0.17936897874810911,
    "yinf": -0.20095572470207967,
    "ysup": 0.29440258382160084,
    "loopnb": [
        1,
        1,
        1
    ],
    "Targets": [
        [
            0
        ],
        [
            1
        ],
        [
            2
        ]
    ],
    "SpaceRotsUn": [
        [
            [
                [
                    1.0,
                    0.0
                ],
                [
                    0.0,
                    1.0
                ]
            ]
        ],
        [
            [
                [
                    1.0,
                    0.0
                ],
                [
                    0.0,
                    1.0
                ]
            ]
        ],
        [
            [
                [
                    1.0,
                    0.0
                ],
                [
                    0.0,
                    1.0
                ]
            ]
        ]
    ],
    "TimeRevsUn": [
        [
            1
        ],
        [
            1
        ],
        [
            1
        ]
    ],
    "TimeShiftNumUn": [
        [
            0
        ],
        [
            0
        ],
        [
            0
        ]
    ],
    "TimeShiftDenUn": [
        [
            1
        ],
        [
            1
        ],
        [
            1
        ]
    ],
    "RequiresLoopDispUn": [
        [
            true
        ],
        [
            true
        ],
        [
            true
        ]
    ]
}