{
    "nbody": 3,
    "n_int": 600,
    "mass": [
        1.0,
        1.0,
        1.0
    ],
    "nloop": 3,
    "Action": 20.24805344333153,
    "Grad_Action": 9.208288120608814e-12,
    "Newton_Error": 7.573984158545372e-12,
    "Min_Distance": 0.09039889109744847,
    "Max_PathLength": 2.31345937188782,
    "Hash": [
        20.24805344333153,
        12.142608753505456,
        16.640288129746114,
        25.26878573144086,
        42.16495140214235
    ],
    "xinf": -0.23966515084392803,
    "xsup": 0.15520212222908863,
    "yinf": -0.2009520706377651,
    "ysup": 0.19391520243525157,
    "loopnb": [
        1,
        1,
        1
    ],
    "Targets": [
        [
            0
        ],
        [
            1
        ],
        [
            2
        ]
    ],
    "SpaceRotsUn": [
        [
            [
                [
                    1.0,
                    0.0
                ],
                [
                    0.0,
                    1.0
                ]
            ]
        ],
        [
            [
                [
                    1.0,
                    0.0
                ],
                [
                    0.0,
                    1.0
                ]
            ]
        ],
        [
            [
                [
                    1.0,
                    0.0
                ],
                [
                    0.0,
                    1.0
                ]
            ]
        ]
    ],
    "TimeRevsUn": [
        [
            1
        ],
        [
            1
        ],
        [
            1
        ]
    ],
    "TimeShiftNumUn": [
        [
            0
        ],
        [
            0
        ],
        [
            0
        ]
    ],
    "TimeShiftDenUn": [
        [
            1
        ],
        [
            1
        ],
        [
            1
        ]
    ],
    "RequiresLoopDispUn": [
        [
            true
        ],
        [
            true
        ],
        [
            true
        ]
    ]
}