{
    "nbody": 3,
    "n_int": 9600,
    "mass": [
        1.0,
        1.0,
        1.0
    ],
    "nloop": 3,
    "Action": 17.31776762360621,
    "Grad_Action": 4.157269537910239e-10,
    "Newton_Error": 3.0409427103945498e-09,
    "Min_Distance": 0.010589136376142208,
    "Max_PathLength": 1.7753429807762373,
    "Hash": [
        17.31776762360621,
        10.645086310312351,
        14.236427893411838,
        21.98671212591982,
        41.4239383373948
    ],
    "xinf": -0.3059121359761079,
    "xsup": 0.2874111102374759,
    "yinf": -0.24717639927509713,
    "ysup": 0.34614684693848663,
    "loopnb": [
        1,
        1,
        1
    ],
    "Targets": [
        [
            0
        ],
        [
            1
        ],
        [
            2
        ]
    ],
    "SpaceRotsUn": [
        [
            [
                [
                    1.0,
                    0.0
                ],
                [
                    0.0,
                    1.0
                ]
            ]
        ],
        [
            [
                [
                    1.0,
                    0.0
                ],
                [
                    0.0,
                    1.0
                ]
            ]
        ],
        [
            [
                [
                    1.0,
                    0.0
                ],
                [
                    0.0,
                    1.0
                ]
            ]
        ]
    ],
    "TimeRevsUn": [
        [
            1
        ],
        [
            1
        ],
        [
            1
        ]
    ],
    "TimeShiftNumUn": [
        [
            0
        ],
        [
            0
        ],
        [
            0
        ]
    ],
    "TimeShiftDenUn": [
        [
            1
        ],
        [
            1
        ],
        [
            1
        ]
    ],
    "RequiresLoopDispUn": [
        [
            true
        ],
        [
            true
        ],
        [
            true
        ]
    ]
}