{
    "nbody": 3,
    "n_int": 2400,
    "mass": [
        1.0,
        1.0,
        1.0
    ],
    "nloop": 3,
    "Action": 15.582339191192121,
    "Grad_Action": 9.967885568117018e-12,
    "Newton_Error": 9.456692938071073e-10,
    "Min_Distance": 0.026599013562419727,
    "Max_PathLength": 1.7659385934026979,
    "Hash": [
        15.582339191192123,
        9.911633646944816,
        13.034957106139935,
        19.267846302369176,
        33.15945142579383
    ],
    "xinf": -0.252406683334656,
    "xsup": 0.3209978918433908,
    "yinf": -0.3369362936996523,
    "ysup": 0.23646828147839452,
    "loopnb": [
        1,
        1,
        1
    ],
    "Targets": [
        [
            0
        ],
        [
            1
        ],
        [
            2
        ]
    ],
    "SpaceRotsUn": [
        [
            [
                [
                    1.0,
                    0.0
                ],
                [
                    0.0,
                    1.0
                ]
            ]
        ],
        [
            [
                [
                    1.0,
                    0.0
                ],
                [
                    0.0,
                    1.0
                ]
            ]
        ],
        [
            [
                [
                    1.0,
                    0.0
                ],
                [
                    0.0,
                    1.0
                ]
            ]
        ]
    ],
    "TimeRevsUn": [
        [
            1
        ],
        [
            1
        ],
        [
            1
        ]
    ],
    "TimeShiftNumUn": [
        [
            0
        ],
        [
            0
        ],
        [
            0
        ]
    ],
    "TimeShiftDenUn": [
        [
            1
        ],
        [
            1
        ],
        [
            1
        ]
    ],
    "RequiresLoopDispUn": [
        [
            true
        ],
        [
            true
        ],
        [
            true
        ]
    ]
}