{
    "nbody": 3,
    "n_int": 4800,
    "mass": [
        1.0,
        1.0,
        1.0
    ],
    "nloop": 3,
    "Action": 19.85079689093606,
    "Grad_Action": 5.448861827356318e-11,
    "Newton_Error": 1.3647059724970246e-10,
    "Min_Distance": 0.019422557665439696,
    "Max_PathLength": 2.1312180773181977,
    "Hash": [
        19.85079689093606,
        11.869980424170656,
        16.211669191561654,
        25.178690844960798,
        45.466015697668944
    ],
    "xinf": -0.2810466593523825,
    "xsup": 0.2861374819724306,
    "yinf": -0.3168005042108635,
    "ysup": 0.2503836371139496,
    "loopnb": [
        1,
        1,
        1
    ],
    "Targets": [
        [
            0
        ],
        [
            1
        ],
        [
            2
        ]
    ],
    "SpaceRotsUn": [
        [
            [
                [
                    1.0,
                    0.0
                ],
                [
                    0.0,
                    1.0
                ]
            ]
        ],
        [
            [
                [
                    1.0,
                    0.0
                ],
                [
                    0.0,
                    1.0
                ]
            ]
        ],
        [
            [
                [
                    1.0,
                    0.0
                ],
                [
                    0.0,
                    1.0
                ]
            ]
        ]
    ],
    "TimeRevsUn": [
        [
            1
        ],
        [
            1
        ],
        [
            1
        ]
    ],
    "TimeShiftNumUn": [
        [
            0
        ],
        [
            0
        ],
        [
            0
        ]
    ],
    "TimeShiftDenUn": [
        [
            1
        ],
        [
            1
        ],
        [
            1
        ]
    ],
    "RequiresLoopDispUn": [
        [
            true
        ],
        [
            true
        ],
        [
            true
        ]
    ]
}