{
    "nbody": 3,
    "n_int": 1200,
    "mass": [
        1.0,
        1.0,
        1.0
    ],
    "nloop": 3,
    "Action": 19.316931017332912,
    "Grad_Action": 9.893147304659681e-12,
    "Newton_Error": 8.474479346505526e-12,
    "Min_Distance": 0.048128191557488105,
    "Max_PathLength": 2.064234887352682,
    "Hash": [
        19.31693101733291,
        11.678047240048066,
        15.899197990345373,
        24.12568282690293,
        40.73200845602228
    ],
    "xinf": -0.23531903300027007,
    "xsup": 0.26619339911235923,
    "yinf": -0.3289594665528133,
    "ysup": 0.17255296555981603,
    "loopnb": [
        1,
        1,
        1
    ],
    "Targets": [
        [
            0
        ],
        [
            1
        ],
        [
            2
        ]
    ],
    "SpaceRotsUn": [
        [
            [
                [
                    1.0,
                    0.0
                ],
                [
                    0.0,
                    1.0
                ]
            ]
        ],
        [
            [
                [
                    1.0,
                    0.0
                ],
                [
                    0.0,
                    1.0
                ]
            ]
        ],
        [
            [
                [
                    1.0,
                    0.0
                ],
                [
                    0.0,
                    1.0
                ]
            ]
        ]
    ],
    "TimeRevsUn": [
        [
            1
        ],
        [
            1
        ],
        [
            1
        ]
    ],
    "TimeShiftNumUn": [
        [
            0
        ],
        [
            0
        ],
        [
            0
        ]
    ],
    "TimeShiftDenUn": [
        [
            1
        ],
        [
            1
        ],
        [
            1
        ]
    ],
    "RequiresLoopDispUn": [
        [
            true
        ],
        [
            true
        ],
        [
            true
        ]
    ]
}