{
    "nbody": 3,
    "n_int": 600,
    "mass": [
        1.0,
        1.0,
        1.0
    ],
    "nloop": 3,
    "Action": 19.857066662725348,
    "Grad_Action": 5.434678213471214e-12,
    "Newton_Error": 2.7587349926371017e-12,
    "Min_Distance": 0.1680795206341286,
    "Max_PathLength": 2.2813892946089194,
    "Hash": [
        19.85706666272535,
        12.003788394579345,
        16.399743553844303,
        24.58526356961435,
        39.96816324496336
    ],
    "xinf": -0.15132771837675998,
    "xsup": 0.2118085567228369,
    "yinf": -0.23034112232202952,
    "ysup": 0.13279515277756737,
    "loopnb": [
        1,
        1,
        1
    ],
    "Targets": [
        [
            0
        ],
        [
            1
        ],
        [
            2
        ]
    ],
    "SpaceRotsUn": [
        [
            [
                [
                    1.0,
                    0.0
                ],
                [
                    0.0,
                    1.0
                ]
            ]
        ],
        [
            [
                [
                    1.0,
                    0.0
                ],
                [
                    0.0,
                    1.0
                ]
            ]
        ],
        [
            [
                [
                    1.0,
                    0.0
                ],
                [
                    0.0,
                    1.0
                ]
            ]
        ]
    ],
    "TimeRevsUn": [
        [
            1
        ],
        [
            1
        ],
        [
            1
        ]
    ],
    "TimeShiftNumUn": [
        [
            0
        ],
        [
            0
        ],
        [
            0
        ]
    ],
    "TimeShiftDenUn": [
        [
            1
        ],
        [
            1
        ],
        [
            1
        ]
    ],
    "RequiresLoopDispUn": [
        [
            true
        ],
        [
            true
        ],
        [
            true
        ]
    ]
}