{
    "nbody": 3,
    "n_int": 600,
    "mass": [
        1.0,
        1.0,
        1.0
    ],
    "nloop": 3,
    "Action": 17.325403945517074,
    "Grad_Action": 9.250383795256606e-12,
    "Newton_Error": 4.5157552851320455e-12,
    "Min_Distance": 0.13817107789677935,
    "Max_PathLength": 1.952951032289119,
    "Hash": [
        17.325403945517074,
        10.746874672087078,
        14.396949384721877,
        21.419980871859714,
        35.369523608261304
    ],
    "xinf": -0.23152330679008565,
    "xsup": 0.3365733458514821,
    "yinf": -0.3533648891706642,
    "ysup": 0.21473176347090353,
    "loopnb": [
        1,
        1,
        1
    ],
    "Targets": [
        [
            0
        ],
        [
            1
        ],
        [
            2
        ]
    ],
    "SpaceRotsUn": [
        [
            [
                [
                    1.0,
                    0.0
                ],
                [
                    0.0,
                    1.0
                ]
            ]
        ],
        [
            [
                [
                    1.0,
                    0.0
                ],
                [
                    0.0,
                    1.0
                ]
            ]
        ],
        [
            [
                [
                    1.0,
                    0.0
                ],
                [
                    0.0,
                    1.0
                ]
            ]
        ]
    ],
    "TimeRevsUn": [
        [
            1
        ],
        [
            1
        ],
        [
            1
        ]
    ],
    "TimeShiftNumUn": [
        [
            0
        ],
        [
            0
        ],
        [
            0
        ]
    ],
    "TimeShiftDenUn": [
        [
            1
        ],
        [
            1
        ],
        [
            1
        ]
    ],
    "RequiresLoopDispUn": [
        [
            true
        ],
        [
            true
        ],
        [
            true
        ]
    ]
}