{
    "nbody": 7,
    "n_Fourier": 2100,
    "n_int": 4200,
    "mass": [
        1.0,
        1.0,
        1.0,
        1.0,
        1.0,
        1.0,
        1.0
    ],
    "nloop": 1,
    "Action": 39.09280871499747,
    "Grad_Action": 2.5338789019104892e-14,
    "Newton_Error": 1.7102569018662123e-14,
    "Min_Distance": 0.026167369591580017,
    "Max_PathLength": 1.5375788286660474,
    "Hash": [
        39.09280871499747,
        34.38919031228308,
        36.57729168519806,
        43.46095520594627,
        64.62575680653663
    ],
    "xinf": -0.8782195595669489,
    "xsup": 0.8782195595669493,
    "yinf": -0.8402348579640433,
    "ysup": 0.9162042611698549,
    "loopnb": [
        7
    ],
    "Targets": [
        [
            0,
            1,
            2,
            3,
            4,
            5,
            6
        ]
    ],
    "SpaceRotsUn": [
        [
            [
                [
                    1.0,
                    0.0
                ],
                [
                    0.0,
                    1.0
                ]
            ],
            [
                [
                    0.6234898018587335,
                    -0.7818314824680299
                ],
                [
                    0.7818314824680299,
                    0.6234898018587335
                ]
            ],
            [
                [
                    -0.22252093395631464,
                    -0.9749279121818236
                ],
                [
                    0.9749279121818236,
                    -0.22252093395631464
                ]
            ],
            [
                [
                    -0.9009688679024194,
                    -0.43388373911755784
                ],
                [
                    0.43388373911755784,
                    -0.9009688679024194
                ]
            ],
            [
                [
                    -0.9009688679024191,
                    0.43388373911755856
                ],
                [
                    -0.4338837391175586,
                    -0.900968867902419
                ]
            ],
            [
                [
                    -0.22252093395631392,
                    0.9749279121818241
                ],
                [
                    -0.974927912181824,
                    -0.22252093395631387
                ]
            ],
            [
                [
                    0.6234898018587343,
                    0.7818314824680297
                ],
                [
                    -0.7818314824680296,
                    0.6234898018587341
                ]
            ]
        ]
    ],
    "TimeRevsUn": [
        [
            1,
            1,
            1,
            1,
            1,
            1,
            1
        ]
    ],
    "TimeShiftNumUn": [
        [
            0,
            1,
            2,
            3,
            4,
            5,
            6
        ]
    ],
    "TimeShiftDenUn": [
        [
            1,
            7,
            7,
            7,
            7,
            7,
            7
        ]
    ],
    "RequiresLoopDispUn": [
        [
            true,
            true,
            true,
            true,
            true,
            true,
            true
        ]
    ]
}