{
    "nbody": 10,
    "n_Fourier": 14400,
    "n_int": 28800,
    "mass": [
        1.0,
        1.0,
        1.0,
        1.0,
        1.0,
        1.0,
        1.0,
        1.0,
        1.0,
        1.0
    ],
    "nloop": 1,
    "Action": 66.21757320068204,
    "Grad_Action": 9.651854406528777e-14,
    "Newton_Error": 6.10750771781305e-14,
    "Min_Distance": 0.008661068734586538,
    "Max_PathLength": 1.4905678280964758,
    "Hash": [
        66.21757320068203,
        63.45682592468337,
        63.53246891650037,
        72.64192822012443,
        116.49643426221962
    ],
    "xinf": -1.1685985754898445,
    "xsup": 1.1685985754898445,
    "yinf": -1.1685985754898445,
    "ysup": 1.1685985754898445,
    "loopnb": [
        10
    ],
    "Targets": [
        [
            0,
            1,
            2,
            3,
            4,
            5,
            6,
            7,
            8,
            9
        ]
    ],
    "SpaceRotsUn": [
        [
            [
                [
                    1.0,
                    0.0
                ],
                [
                    0.0,
                    1.0
                ]
            ],
            [
                [
                    0.8090169943749475,
                    -0.5877852522924731
                ],
                [
                    0.5877852522924731,
                    0.8090169943749475
                ]
            ],
            [
                [
                    0.30901699437494745,
                    -0.9510565162951536
                ],
                [
                    0.9510565162951536,
                    0.3090169943749475
                ]
            ],
            [
                [
                    -0.3090169943749474,
                    -0.9510565162951536
                ],
                [
                    0.9510565162951536,
                    -0.3090169943749474
                ]
            ],
            [
                [
                    -0.8090169943749475,
                    -0.5877852522924732
                ],
                [
                    0.5877852522924731,
                    -0.8090169943749475
                ]
            ],
            [
                [
                    -1.0,
                    -7.715896296721465e-17
                ],
                [
                    1.2659966479596092e-17,
                    -1.0
                ]
            ],
            [
                [
                    -0.8090169943749475,
                    0.587785252292473
                ],
                [
                    -0.5877852522924731,
                    -0.8090169943749475
                ]
            ],
            [
                [
                    -0.3090169943749475,
                    0.9510565162951535
                ],
                [
                    -0.9510565162951536,
                    -0.3090169943749475
                ]
            ],
            [
                [
                    0.30901699437494734,
                    0.9510565162951536
                ],
                [
                    -0.9510565162951536,
                    0.3090169943749474
                ]
            ],
            [
                [
                    0.8090169943749475,
                    0.5877852522924732
                ],
                [
                    -0.5877852522924731,
                    0.8090169943749475
                ]
            ]
        ]
    ],
    "TimeRevsUn": [
        [
            1,
            1,
            1,
            1,
            1,
            1,
            1,
            1,
            1,
            1
        ]
    ],
    "TimeShiftNumUn": [
        [
            0,
            1,
            1,
            3,
            2,
            1,
            3,
            7,
            4,
            9
        ]
    ],
    "TimeShiftDenUn": [
        [
            1,
            10,
            5,
            10,
            5,
            2,
            5,
            10,
            5,
            10
        ]
    ],
    "RequiresLoopDispUn": [
        [
            true,
            true,
            true,
            true,
            true,
            true,
            true,
            true,
            true,
            true
        ]
    ]
}