{
    "nbody": 10,
    "n_Fourier": 7200,
    "n_int": 14400,
    "mass": [
        1.0,
        1.0,
        1.0,
        1.0,
        1.0,
        1.0,
        1.0,
        1.0,
        1.0,
        1.0
    ],
    "nloop": 1,
    "Action": 58.835271503472,
    "Grad_Action": 3.898397273476628e-14,
    "Newton_Error": 6.468134775769803e-14,
    "Min_Distance": 0.015946205780559403,
    "Max_PathLength": 1.721210795617185,
    "Hash": [
        58.835271503472,
        58.17140319951929,
        56.62899879756369,
        64.71984252442549,
        102.33179362643632
    ],
    "xinf": -1.3832473671099765,
    "xsup": 1.383247367109977,
    "yinf": -1.3832473671099768,
    "ysup": 1.3832473671099768,
    "loopnb": [
        10
    ],
    "Targets": [
        [
            0,
            1,
            2,
            3,
            4,
            5,
            6,
            7,
            8,
            9
        ]
    ],
    "SpaceRotsUn": [
        [
            [
                [
                    1.0,
                    0.0
                ],
                [
                    0.0,
                    1.0
                ]
            ],
            [
                [
                    -0.30901699437494734,
                    -0.9510565162951536
                ],
                [
                    0.9510565162951536,
                    -0.30901699437494734
                ]
            ],
            [
                [
                    -0.8090169943749476,
                    0.587785252292473
                ],
                [
                    -0.587785252292473,
                    -0.8090169943749476
                ]
            ],
            [
                [
                    0.8090169943749473,
                    0.5877852522924734
                ],
                [
                    -0.5877852522924734,
                    0.8090169943749473
                ]
            ],
            [
                [
                    0.3090169943749478,
                    -0.9510565162951535
                ],
                [
                    0.9510565162951535,
                    0.3090169943749478
                ]
            ],
            [
                [
                    -1.0000000000000002,
                    -4.294409806434514e-16
                ],
                [
                    4.713099442664321e-16,
                    -1.0
                ]
            ],
            [
                [
                    0.309016994374947,
                    0.951056516295154
                ],
                [
                    -0.9510565162951538,
                    0.3090169943749469
                ]
            ],
            [
                [
                    0.809016994374948,
                    -0.5877852522924728
                ],
                [
                    0.5877852522924726,
                    0.8090169943749479
                ]
            ],
            [
                [
                    -0.8090169943749472,
                    -0.5877852522924739
                ],
                [
                    0.5877852522924738,
                    -0.809016994374947
                ]
            ],
            [
                [
                    -0.30901699437494834,
                    0.9510565162951535
                ],
                [
                    -0.9510565162951534,
                    -0.30901699437494834
                ]
            ]
        ]
    ],
    "TimeRevsUn": [
        [
            1,
            1,
            1,
            1,
            1,
            1,
            1,
            1,
            1,
            1
        ]
    ],
    "TimeShiftNumUn": [
        [
            0,
            9,
            4,
            7,
            3,
            1,
            2,
            3,
            1,
            1
        ]
    ],
    "TimeShiftDenUn": [
        [
            1,
            10,
            5,
            10,
            5,
            2,
            5,
            10,
            5,
            10
        ]
    ],
    "RequiresLoopDispUn": [
        [
            true,
            true,
            true,
            true,
            true,
            true,
            true,
            true,
            true,
            true
        ]
    ]
}