{
    "nbody": 10,
    "n_Fourier": 14400,
    "n_int": 28800,
    "mass": [
        1.0,
        1.0,
        1.0,
        1.0,
        1.0,
        1.0,
        1.0,
        1.0,
        1.0,
        1.0
    ],
    "nloop": 1,
    "Action": 58.198254214824175,
    "Grad_Action": 1.0111359254372345e-13,
    "Newton_Error": 1.6381452672597167e-13,
    "Min_Distance": 0.007477861273883328,
    "Max_PathLength": 1.7525822344657835,
    "Hash": [
        58.198254214824175,
        57.39839722095275,
        55.697659463235645,
        65.20267741141564,
        116.13577722246602
    ],
    "xinf": -1.4229391240984253,
    "xsup": 1.4229391240984253,
    "yinf": -1.4229391240984253,
    "ysup": 1.4229391240984253,
    "loopnb": [
        10
    ],
    "Targets": [
        [
            0,
            1,
            5,
            2,
            6,
            3,
            7,
            4,
            8,
            9
        ]
    ],
    "SpaceRotsUn": [
        [
            [
                [
                    1.0,
                    0.0
                ],
                [
                    0.0,
                    1.0
                ]
            ],
            [
                [
                    0.30901699437494745,
                    -0.9510565162951535
                ],
                [
                    0.9510565162951535,
                    0.30901699437494745
                ]
            ],
            [
                [
                    -1.0,
                    -1.2246467991473532e-16
                ],
                [
                    1.2246467991473532e-16,
                    -1.0
                ]
            ],
            [
                [
                    -0.8090169943749473,
                    -0.5877852522924731
                ],
                [
                    0.5877852522924731,
                    -0.8090169943749473
                ]
            ],
            [
                [
                    -0.30901699437494756,
                    0.9510565162951535
                ],
                [
                    -0.9510565162951535,
                    -0.30901699437494756
                ]
            ],
            [
                [
                    -0.8090169943749475,
                    0.587785252292473
                ],
                [
                    -0.587785252292473,
                    -0.8090169943749475
                ]
            ],
            [
                [
                    0.8090169943749472,
                    0.5877852522924732
                ],
                [
                    -0.5877852522924732,
                    0.8090169943749472
                ]
            ],
            [
                [
                    0.30901699437494723,
                    0.9510565162951536
                ],
                [
                    -0.9510565162951535,
                    0.3090169943749473
                ]
            ],
            [
                [
                    0.8090169943749476,
                    -0.5877852522924729
                ],
                [
                    0.5877852522924729,
                    0.8090169943749476
                ]
            ],
            [
                [
                    -0.3090169943749471,
                    -0.9510565162951536
                ],
                [
                    0.9510565162951535,
                    -0.3090169943749472
                ]
            ]
        ]
    ],
    "TimeRevsUn": [
        [
            1,
            1,
            1,
            1,
            1,
            1,
            1,
            1,
            1,
            1
        ]
    ],
    "TimeShiftNumUn": [
        [
            0,
            4,
            0,
            3,
            4,
            2,
            3,
            1,
            2,
            1
        ]
    ],
    "TimeShiftDenUn": [
        [
            1,
            5,
            1,
            5,
            5,
            5,
            5,
            5,
            5,
            5
        ]
    ],
    "RequiresLoopDispUn": [
        [
            true,
            true,
            true,
            true,
            true,
            true,
            true,
            true,
            true,
            true
        ]
    ]
}