{
    "nbody": 7,
    "n_Fourier": 2100,
    "n_int": 4200,
    "mass": [
        1.0,
        1.0,
        1.0,
        1.0,
        1.0,
        1.0,
        1.0
    ],
    "nloop": 1,
    "Action": 37.56020461115243,
    "Grad_Action": 1.5473415595267153e-14,
    "Newton_Error": 1.2022121222669922e-14,
    "Min_Distance": 0.03525900363547859,
    "Max_PathLength": 1.679998602845907,
    "Hash": [
        37.56020461115243,
        33.32400666134108,
        35.16167288873739,
        41.77848754563695,
        61.53923090799877
    ],
    "xinf": -0.9419991823662912,
    "xsup": 0.9419991823662912,
    "yinf": -0.9092972889643904,
    "ysup": 0.974701075768192,
    "loopnb": [
        7
    ],
    "Targets": [
        [
            0,
            1,
            2,
            3,
            4,
            5,
            6
        ]
    ],
    "SpaceRotsUn": [
        [
            [
                [
                    1.0,
                    0.0
                ],
                [
                    0.0,
                    1.0
                ]
            ],
            [
                [
                    -0.900968867902419,
                    -0.4338837391175582
                ],
                [
                    0.4338837391175582,
                    -0.900968867902419
                ]
            ],
            [
                [
                    0.6234898018587333,
                    0.7818314824680298
                ],
                [
                    -0.7818314824680298,
                    0.6234898018587333
                ]
            ],
            [
                [
                    -0.22252093395631406,
                    -0.9749279121818235
                ],
                [
                    0.9749279121818234,
                    -0.22252093395631406
                ]
            ],
            [
                [
                    -0.22252093395631473,
                    0.9749279121818233
                ],
                [
                    -0.9749279121818232,
                    -0.22252093395631467
                ]
            ],
            [
                [
                    0.6234898018587337,
                    -0.7818314824680292
                ],
                [
                    0.7818314824680292,
                    0.6234898018587336
                ]
            ],
            [
                [
                    -0.900968867902419,
                    0.43388373911755745
                ],
                [
                    -0.4338837391175575,
                    -0.9009688679024189
                ]
            ]
        ]
    ],
    "TimeRevsUn": [
        [
            1,
            1,
            1,
            1,
            1,
            1,
            1
        ]
    ],
    "TimeShiftNumUn": [
        [
            0,
            6,
            5,
            4,
            3,
            2,
            1
        ]
    ],
    "TimeShiftDenUn": [
        [
            1,
            7,
            7,
            7,
            7,
            7,
            7
        ]
    ],
    "RequiresLoopDispUn": [
        [
            true,
            true,
            true,
            true,
            true,
            true,
            true
        ]
    ]
}