{
    "nbody": 11,
    "n_Fourier": 8800,
    "n_int": 17600,
    "mass": [
        1.0,
        1.0,
        1.0,
        1.0,
        1.0,
        1.0,
        1.0,
        1.0,
        1.0,
        1.0,
        1.0
    ],
    "nloop": 1,
    "Action": 69.30008024723031,
    "Grad_Action": 1.6305008333419037e-13,
    "Newton_Error": 4.8693753032470106e-14,
    "Min_Distance": 0.011777055718100464,
    "Max_PathLength": 1.5990711738716124,
    "Hash": [
        69.30008024723031,
        69.91993212779857,
        67.28979846320343,
        75.52798327846502,
        119.601645721095
    ],
    "xinf": -1.3948486626904335,
    "xsup": 1.3948486626904335,
    "yinf": -1.3709215171130795,
    "ysup": 1.4187758082677875,
    "loopnb": [
        11
    ],
    "Targets": [
        [
            0,
            1,
            2,
            3,
            4,
            5,
            6,
            7,
            8,
            9,
            10
        ]
    ],
    "SpaceRotsUn": [
        [
            [
                [
                    1.0,
                    0.0
                ],
                [
                    0.0,
                    1.0
                ]
            ],
            [
                [
                    -0.9594929736144974,
                    -0.28173255684142967
                ],
                [
                    0.28173255684142967,
                    -0.9594929736144974
                ]
            ],
            [
                [
                    0.8412535328311811,
                    0.5406408174555976
                ],
                [
                    -0.5406408174555976,
                    0.8412535328311811
                ]
            ],
            [
                [
                    -0.654860733945285,
                    -0.7557495743542582
                ],
                [
                    0.7557495743542582,
                    -0.654860733945285
                ]
            ],
            [
                [
                    0.41541501300188644,
                    0.9096319953545182
                ],
                [
                    -0.9096319953545182,
                    0.4154150130018864
                ]
            ],
            [
                [
                    -0.1423148382732852,
                    -0.9898214418809326
                ],
                [
                    0.9898214418809326,
                    -0.14231483827328514
                ]
            ],
            [
                [
                    -0.14231483827328503,
                    0.9898214418809326
                ],
                [
                    -0.9898214418809326,
                    -0.14231483827328506
                ]
            ],
            [
                [
                    0.41541501300188627,
                    -0.9096319953545182
                ],
                [
                    0.9096319953545182,
                    0.41541501300188627
                ]
            ],
            [
                [
                    -0.6548607339452849,
                    0.7557495743542582
                ],
                [
                    -0.7557495743542582,
                    -0.6548607339452849
                ]
            ],
            [
                [
                    0.841253532831181,
                    -0.5406408174555976
                ],
                [
                    0.5406408174555976,
                    0.841253532831181
                ]
            ],
            [
                [
                    -0.9594929736144971,
                    0.2817325568414297
                ],
                [
                    -0.2817325568414297,
                    -0.9594929736144971
                ]
            ]
        ]
    ],
    "TimeRevsUn": [
        [
            1,
            1,
            1,
            1,
            1,
            1,
            1,
            1,
            1,
            1,
            1
        ]
    ],
    "TimeShiftNumUn": [
        [
            0,
            10,
            9,
            8,
            7,
            6,
            5,
            4,
            3,
            2,
            1
        ]
    ],
    "TimeShiftDenUn": [
        [
            1,
            11,
            11,
            11,
            11,
            11,
            11,
            11,
            11,
            11,
            11
        ]
    ],
    "RequiresLoopDispUn": [
        [
            true,
            true,
            true,
            true,
            true,
            true,
            true,
            true,
            true,
            true,
            true
        ]
    ]
}