{
    "nbody": 9,
    "n_Fourier": 3600,
    "n_int": 7200,
    "mass": [
        1.0,
        1.0,
        1.0,
        1.0,
        1.0,
        1.0,
        1.0,
        1.0,
        1.0
    ],
    "nloop": 1,
    "Action": 52.62930896790682,
    "Grad_Action": 3.5815317769865914e-14,
    "Newton_Error": 5.968565275251612e-14,
    "Min_Distance": 0.02043403848856345,
    "Max_PathLength": 1.6414597795041193,
    "Hash": [
        52.62930896790684,
        50.20833209359975,
        50.2962037368223,
        57.84368518897503,
        87.96692385321495
    ],
    "xinf": -1.1773473025791183,
    "xsup": 1.1773473025791183,
    "yinf": -1.1490072465045593,
    "ysup": 1.2056873586536774,
    "loopnb": [
        9
    ],
    "Targets": [
        [
            0,
            1,
            2,
            3,
            4,
            5,
            6,
            7,
            8
        ]
    ],
    "SpaceRotsUn": [
        [
            [
                [
                    1.0,
                    0.0
                ],
                [
                    0.0,
                    1.0
                ]
            ],
            [
                [
                    -0.9396926207859083,
                    -0.3420201433256689
                ],
                [
                    0.3420201433256689,
                    -0.9396926207859083
                ]
            ],
            [
                [
                    0.7660444431189778,
                    0.6427876096865396
                ],
                [
                    -0.6427876096865396,
                    0.7660444431189778
                ]
            ],
            [
                [
                    -0.4999999999999995,
                    -0.8660254037844388
                ],
                [
                    0.8660254037844388,
                    -0.49999999999999956
                ]
            ],
            [
                [
                    0.1736481776669297,
                    0.984807753012208
                ],
                [
                    -0.9848077530122081,
                    0.17364817766692972
                ]
            ],
            [
                [
                    0.1736481776669311,
                    -0.9848077530122078
                ],
                [
                    0.9848077530122079,
                    0.1736481776669311
                ]
            ],
            [
                [
                    -0.5000000000000008,
                    0.866025403784438
                ],
                [
                    -0.8660254037844382,
                    -0.5000000000000008
                ]
            ],
            [
                [
                    0.7660444431189787,
                    -0.6427876096865384
                ],
                [
                    0.6427876096865385,
                    0.7660444431189787
                ]
            ],
            [
                [
                    -0.9396926207859088,
                    0.34202014332566744
                ],
                [
                    -0.34202014332566755,
                    -0.9396926207859088
                ]
            ]
        ]
    ],
    "TimeRevsUn": [
        [
            1,
            1,
            1,
            1,
            1,
            1,
            1,
            1,
            1
        ]
    ],
    "TimeShiftNumUn": [
        [
            0,
            8,
            7,
            2,
            5,
            4,
            1,
            2,
            1
        ]
    ],
    "TimeShiftDenUn": [
        [
            1,
            9,
            9,
            3,
            9,
            9,
            3,
            9,
            9
        ]
    ],
    "RequiresLoopDispUn": [
        [
            true,
            true,
            true,
            true,
            true,
            true,
            true,
            true,
            true
        ]
    ]
}