{
    "nbody": 9,
    "n_Fourier": 7200,
    "n_int": 14400,
    "mass": [
        1.0,
        1.0,
        1.0,
        1.0,
        1.0,
        1.0,
        1.0,
        1.0,
        1.0
    ],
    "nloop": 1,
    "Action": 51.40194206166532,
    "Grad_Action": 7.047485193612731e-14,
    "Newton_Error": 2.907443946554566e-14,
    "Min_Distance": 0.017827490138109643,
    "Max_PathLength": 1.7278770614448278,
    "Hash": [
        51.40194206166532,
        49.14301876924608,
        48.975789494516874,
        56.99392564999646,
        90.2181323206867
    ],
    "xinf": -1.2439150859556887,
    "xsup": 1.2439150859556887,
    "yinf": -1.2186337394149644,
    "ysup": 1.269196432496413,
    "loopnb": [
        9
    ],
    "Targets": [
        [
            0,
            1,
            3,
            6,
            2,
            4,
            7,
            5,
            8
        ]
    ],
    "SpaceRotsUn": [
        [
            [
                [
                    1.0,
                    0.0
                ],
                [
                    0.0,
                    1.0
                ]
            ],
            [
                [
                    0.766044443118978,
                    -0.6427876096865393
                ],
                [
                    0.6427876096865393,
                    0.766044443118978
                ]
            ],
            [
                [
                    -0.4999999999999998,
                    -0.8660254037844387
                ],
                [
                    0.8660254037844387,
                    -0.4999999999999998
                ]
            ],
            [
                [
                    -0.5000000000000004,
                    0.8660254037844384
                ],
                [
                    -0.8660254037844384,
                    -0.5000000000000004
                ]
            ],
            [
                [
                    0.17364817766693041,
                    -0.9848077530122079
                ],
                [
                    0.9848077530122079,
                    0.17364817766693041
                ]
            ],
            [
                [
                    -0.9396926207859082,
                    -0.34202014332566893
                ],
                [
                    0.342020143325669,
                    -0.9396926207859082
                ]
            ],
            [
                [
                    0.17364817766692978,
                    0.9848077530122081
                ],
                [
                    -0.984807753012208,
                    0.1736481776669298
                ]
            ],
            [
                [
                    -0.9396926207859083,
                    0.3420201433256684
                ],
                [
                    -0.3420201433256684,
                    -0.9396926207859083
                ]
            ],
            [
                [
                    0.7660444431189776,
                    0.6427876096865397
                ],
                [
                    -0.6427876096865397,
                    0.7660444431189776
                ]
            ]
        ]
    ],
    "TimeRevsUn": [
        [
            1,
            1,
            1,
            1,
            1,
            1,
            1,
            1,
            1
        ]
    ],
    "TimeShiftNumUn": [
        [
            0,
            1,
            0,
            0,
            2,
            1,
            1,
            2,
            2
        ]
    ],
    "TimeShiftDenUn": [
        [
            1,
            3,
            1,
            1,
            3,
            3,
            3,
            3,
            3
        ]
    ],
    "RequiresLoopDispUn": [
        [
            true,
            true,
            true,
            true,
            true,
            true,
            true,
            true,
            true
        ]
    ]
}