{
    "nbody": 9,
    "n_Fourier": 57600,
    "n_int": 115200,
    "mass": [
        1.0,
        1.0,
        1.0,
        1.0,
        1.0,
        1.0,
        1.0,
        1.0,
        1.0
    ],
    "nloop": 1,
    "Action": 51.168749663873854,
    "Grad_Action": 2.0831803093919836e-13,
    "Newton_Error": 7.095489959529937e-13,
    "Min_Distance": 0.003593235807785957,
    "Max_PathLength": 1.7237041002040585,
    "Hash": [
        51.168749663873854,
        48.612385982338594,
        48.311480110617794,
        58.56374025776986,
        117.15643976271836
    ],
    "xinf": -1.2576226729866293,
    "xsup": 1.2576226729866293,
    "yinf": -1.2379758501608193,
    "ysup": 1.2772694958124393,
    "loopnb": [
        9
    ],
    "Targets": [
        [
            0,
            1,
            2,
            3,
            4,
            5,
            6,
            7,
            8
        ]
    ],
    "SpaceRotsUn": [
        [
            [
                [
                    1.0,
                    0.0
                ],
                [
                    0.0,
                    1.0
                ]
            ],
            [
                [
                    0.17364817766693041,
                    -0.984807753012208
                ],
                [
                    0.984807753012208,
                    0.17364817766693041
                ]
            ],
            [
                [
                    -0.9396926207859083,
                    -0.3420201433256688
                ],
                [
                    0.3420201433256688,
                    -0.9396926207859083
                ]
            ],
            [
                [
                    -0.5000000000000001,
                    0.8660254037844385
                ],
                [
                    -0.8660254037844385,
                    -0.5000000000000001
                ]
            ],
            [
                [
                    0.7660444431189778,
                    0.6427876096865395
                ],
                [
                    -0.6427876096865395,
                    0.7660444431189778
                ]
            ],
            [
                [
                    0.7660444431189781,
                    -0.6427876096865389
                ],
                [
                    0.642787609686539,
                    0.7660444431189782
                ]
            ],
            [
                [
                    -0.4999999999999995,
                    -0.8660254037844387
                ],
                [
                    0.8660254037844388,
                    -0.4999999999999996
                ]
            ],
            [
                [
                    -0.9396926207859083,
                    0.34202014332566816
                ],
                [
                    -0.34202014332566827,
                    -0.9396926207859085
                ]
            ],
            [
                [
                    0.17364817766692972,
                    0.9848077530122079
                ],
                [
                    -0.9848077530122081,
                    0.1736481776669298
                ]
            ]
        ]
    ],
    "TimeRevsUn": [
        [
            1,
            1,
            1,
            1,
            1,
            1,
            1,
            1,
            1
        ]
    ],
    "TimeShiftNumUn": [
        [
            0,
            8,
            7,
            2,
            5,
            4,
            1,
            2,
            1
        ]
    ],
    "TimeShiftDenUn": [
        [
            1,
            9,
            9,
            3,
            9,
            9,
            3,
            9,
            9
        ]
    ],
    "RequiresLoopDispUn": [
        [
            true,
            true,
            true,
            true,
            true,
            true,
            true,
            true,
            true
        ]
    ]
}