{
    "nbody": 6,
    "n_int": 2400,
    "mass": [
        0.5,
        0.5,
        0.5,
        0.5,
        0.5,
        0.5
    ],
    "nloop": 1,
    "Action": 104.0542789227652,
    "Grad_Action": 1.922234872005555e-12,
    "Newton_Error": 4.8388726801938395e-12,
    "Min_Distance": 0.01352435239757802,
    "Max_PathLength": 4.562798965582063,
    "Hash": [
        104.0542789227652,
        44.33564296356848,
        68.27456153023665,
        184.97566388075612,
        804.2207623684685
    ],
    "xinf": -0.2058923363897731,
    "xsup": 0.20590632961470978,
    "yinf": -0.20594079409001906,
    "ysup": 0.20585787191446384,
    "loopnb": [
        6
    ],
    "Targets": [
        [
            0,
            2,
            4,
            1,
            3,
            5
        ]
    ],
    "SpaceRotsUn": [
        [
            [
                [
                    1.0,
                    0.0
                ],
                [
                    0.0,
                    1.0
                ]
            ],
            [
                [
                    1.0,
                    2.4492935982947064e-16
                ],
                [
                    -2.4492935982947064e-16,
                    1.0
                ]
            ],
            [
                [
                    1.0,
                    4.898587196589413e-16
                ],
                [
                    -4.898587196589413e-16,
                    1.0
                ]
            ],
            [
                [
                    1.0,
                    2.4492935982947064e-16
                ],
                [
                    -2.4492935982947064e-16,
                    1.0
                ]
            ],
            [
                [
                    1.0,
                    4.898587196589413e-16
                ],
                [
                    -4.898587196589413e-16,
                    1.0
                ]
            ],
            [
                [
                    1.0,
                    7.347880794884119e-16
                ],
                [
                    -7.347880794884119e-16,
                    1.0
                ]
            ]
        ]
    ],
    "TimeRevsUn": [
        [
            1,
            1,
            1,
            1,
            1,
            1
        ]
    ],
    "TimeShiftNumUn": [
        [
            0,
            2,
            1,
            1,
            1,
            5
        ]
    ],
    "TimeShiftDenUn": [
        [
            1,
            3,
            3,
            2,
            6,
            6
        ]
    ],
    "RequiresLoopDispUn": [
        [
            true,
            false,
            false,
            false,
            false,
            false
        ]
    ]
}