{
    "nbody": 9,
    "n_int": 14400,
    "mass": [
        0.3333333333333333,
        0.3333333333333333,
        0.3333333333333333,
        0.3333333333333333,
        0.3333333333333333,
        0.3333333333333333,
        0.3333333333333333,
        0.3333333333333333,
        0.3333333333333333
    ],
    "nloop": 1,
    "Action": 98.257157480029,
    "Grad_Action": 1.9742531722239107e-14,
    "Newton_Error": 1.913330764097451e-14,
    "Min_Distance": 0.008816096578125819,
    "Max_PathLength": 3.999792234586928,
    "Hash": [
        98.257157480029,
        43.40857609622414,
        66.90909612779242,
        163.47093172575669,
        604.4973105952931
    ],
    "xinf": -0.17234229297045395,
    "xsup": 0.17234204298780137,
    "yinf": -0.172342066205827,
    "ysup": 0.1723422697524283,
    "loopnb": [
        9
    ],
    "Targets": [
        [
            0,
            3,
            6,
            1,
            2,
            4,
            7,
            5,
            8
        ]
    ],
    "SpaceRotsUn": [
        [
            [
                [
                    1.0,
                    0.0
                ],
                [
                    0.0,
                    1.0
                ]
            ],
            [
                [
                    1.0,
                    2.4492935982947064e-16
                ],
                [
                    -2.4492935982947064e-16,
                    1.0
                ]
            ],
            [
                [
                    1.0,
                    4.898587196589413e-16
                ],
                [
                    -4.898587196589413e-16,
                    1.0
                ]
            ],
            [
                [
                    1.0,
                    2.4492935982947064e-16
                ],
                [
                    -2.4492935982947064e-16,
                    1.0
                ]
            ],
            [
                [
                    1.0,
                    2.4492935982947064e-16
                ],
                [
                    -2.4492935982947064e-16,
                    1.0
                ]
            ],
            [
                [
                    1.0,
                    4.898587196589413e-16
                ],
                [
                    -4.898587196589413e-16,
                    1.0
                ]
            ],
            [
                [
                    1.0,
                    7.347880794884119e-16
                ],
                [
                    -7.347880794884119e-16,
                    1.0
                ]
            ],
            [
                [
                    1.0,
                    4.898587196589413e-16
                ],
                [
                    -4.898587196589413e-16,
                    1.0
                ]
            ],
            [
                [
                    1.0,
                    7.347880794884119e-16
                ],
                [
                    -7.347880794884119e-16,
                    1.0
                ]
            ]
        ]
    ],
    "TimeRevsUn": [
        [
            1,
            1,
            1,
            1,
            1,
            1,
            1,
            1,
            1
        ]
    ],
    "TimeShiftNumUn": [
        [
            0,
            2,
            1,
            1,
            2,
            7,
            4,
            8,
            5
        ]
    ],
    "TimeShiftDenUn": [
        [
            1,
            3,
            3,
            9,
            9,
            9,
            9,
            9,
            9
        ]
    ],
    "RequiresLoopDispUn": [
        [
            true,
            false,
            false,
            false,
            false,
            false,
            false,
            false,
            false
        ]
    ]
}