{
    "nbody": 9,
    "n_int": 14400,
    "mass": [
        0.3333333333333333,
        0.3333333333333333,
        0.3333333333333333,
        0.3333333333333333,
        0.3333333333333333,
        0.3333333333333333,
        0.3333333333333333,
        0.3333333333333333,
        0.3333333333333333
    ],
    "nloop": 1,
    "Action": 165.25339061236775,
    "Grad_Action": 4.6753684079242e-13,
    "Newton_Error": 3.227500845939762e-11,
    "Min_Distance": 0.005658934030887429,
    "Max_PathLength": 5.204196866006441,
    "Hash": [
        165.25339061236775,
        67.16018120275493,
        104.47062585967204,
        312.51438080318286,
        1591.3268183440039
    ],
    "xinf": -0.16236671993563917,
    "xsup": 0.16236676036371056,
    "yinf": -0.1624100977093632,
    "ysup": 0.16232338258998652,
    "loopnb": [
        9
    ],
    "Targets": [
        [
            0,
            3,
            6,
            1,
            2,
            4,
            7,
            5,
            8
        ]
    ],
    "SpaceRotsUn": [
        [
            [
                [
                    1.0,
                    0.0
                ],
                [
                    0.0,
                    1.0
                ]
            ],
            [
                [
                    1.0,
                    2.4492935982947064e-16
                ],
                [
                    -2.4492935982947064e-16,
                    1.0
                ]
            ],
            [
                [
                    1.0,
                    4.898587196589413e-16
                ],
                [
                    -4.898587196589413e-16,
                    1.0
                ]
            ],
            [
                [
                    1.0,
                    2.4492935982947064e-16
                ],
                [
                    -2.4492935982947064e-16,
                    1.0
                ]
            ],
            [
                [
                    1.0,
                    2.4492935982947064e-16
                ],
                [
                    -2.4492935982947064e-16,
                    1.0
                ]
            ],
            [
                [
                    1.0,
                    4.898587196589413e-16
                ],
                [
                    -4.898587196589413e-16,
                    1.0
                ]
            ],
            [
                [
                    1.0,
                    7.347880794884119e-16
                ],
                [
                    -7.347880794884119e-16,
                    1.0
                ]
            ],
            [
                [
                    1.0,
                    4.898587196589413e-16
                ],
                [
                    -4.898587196589413e-16,
                    1.0
                ]
            ],
            [
                [
                    1.0,
                    7.347880794884119e-16
                ],
                [
                    -7.347880794884119e-16,
                    1.0
                ]
            ]
        ]
    ],
    "TimeRevsUn": [
        [
            1,
            1,
            1,
            1,
            1,
            1,
            1,
            1,
            1
        ]
    ],
    "TimeShiftNumUn": [
        [
            0,
            2,
            1,
            1,
            2,
            7,
            4,
            8,
            5
        ]
    ],
    "TimeShiftDenUn": [
        [
            1,
            3,
            3,
            9,
            9,
            9,
            9,
            9,
            9
        ]
    ],
    "RequiresLoopDispUn": [
        [
            true,
            false,
            false,
            false,
            false,
            false,
            false,
            false,
            false
        ]
    ]
}