{
    "nbody": 4,
    "n_Fourier": 2000,
    "n_int": 4000,
    "mass": [
        1.0,
        1.0,
        1.0,
        1.0
    ],
    "nloop": 1,
    "Action": 17.209703131474914,
    "Grad_Action": 7.847831227727241e-15,
    "Newton_Error": 4.0220834092602576e-16,
    "Min_Distance": 0.1284449882329241,
    "Max_PathLength": 1.6073788528588868,
    "Hash": [
        17.209703131474914,
        13.225670095009443,
        15.542748409316664,
        19.38897300875445,
        26.165400222825596
    ],
    "xinf": -0.547581044853317,
    "xsup": 0.547581044853317,
    "yinf": -0.547581044853317,
    "ysup": 0.547581044853317,
    "loopnb": [
        4
    ],
    "Targets": [
        [
            0,
            1,
            2,
            3
        ]
    ],
    "SpaceRotsUn": [
        [
            [
                [
                    1.0,
                    0.0
                ],
                [
                    0.0,
                    1.0
                ]
            ],
            [
                [
                    6.123233995736766e-17,
                    1.0
                ],
                [
                    -1.0,
                    6.123233995736766e-17
                ]
            ],
            [
                [
                    -1.0,
                    1.2246467991473532e-16
                ],
                [
                    -1.2246467991473532e-16,
                    -1.0
                ]
            ],
            [
                [
                    -1.8369701987210297e-16,
                    -1.0
                ],
                [
                    1.0,
                    -1.8369701987210297e-16
                ]
            ]
        ]
    ],
    "TimeRevsUn": [
        [
            1,
            1,
            1,
            1
        ]
    ],
    "TimeShiftNumUn": [
        [
            0,
            3,
            1,
            1
        ]
    ],
    "TimeShiftDenUn": [
        [
            1,
            4,
            2,
            4
        ]
    ],
    "RequiresLoopDispUn": [
        [
            true,
            true,
            true,
            true
        ]
    ]
}