{
    "nbody": 3,
    "n_Fourier": 50,
    "n_int": 100,
    "mass": [
        1.0,
        1.0,
        1.0
    ],
    "nloop": 3,
    "Action": 3.951177932233735,
    "Grad_Action": 4.405416671123403e-12,
    "Newton_Error": 1.0385558663220028e-13,
    "Min_Distance": 0.3163613538642916,
    "Max_PathLength": 1.9874300535724052,
    "Hash": [
        11.853533796699935,
        8.32135038718083,
        10.41546616464735,
        13.641271042488295,
        18.641777103429696
    ],
    "xinf": -0.3162117121409166,
    "xsup": 0.3162117121409166,
    "yinf": -0.3162117121409166,
    "ysup": 0.3162117121409166,
    "loopnb": [
        1,
        1,
        1
    ],
    "Targets": [
        [
            0
        ],
        [
            1
        ],
        [
            2
        ]
    ],
    "SpaceRotsUn": [
        [
            [
                [
                    1.0,
                    0.0
                ],
                [
                    0.0,
                    1.0
                ]
            ]
        ],
        [
            [
                [
                    1.0,
                    0.0
                ],
                [
                    0.0,
                    1.0
                ]
            ]
        ],
        [
            [
                [
                    1.0,
                    0.0
                ],
                [
                    0.0,
                    1.0
                ]
            ]
        ]
    ],
    "TimeRevsUn": [
        [
            1
        ],
        [
            1
        ],
        [
            1
        ]
    ],
    "TimeShiftNumUn": [
        [
            0
        ],
        [
            0
        ],
        [
            0
        ]
    ],
    "TimeShiftDenUn": [
        [
            1
        ],
        [
            1
        ],
        [
            1
        ]
    ],
    "RequiresLoopDispUn": [
        [
            true
        ],
        [
            true
        ],
        [
            true
        ]
    ]
}