{
    "mass": [
        1.0,
        1.0,
        1.0,
        3.0,
        3.0
    ],
    "nbody": 5,
    "nloop": 2,
    "n_Fourier": 600,
    "n_int": 1200,
    "Action": 75.15196896201962,
    "Grad_Action": 7.310873252542241e-14,
    "Newton_Error": 4.661442079180778e-15,
    "Min_Distance": 0.09170573672560507,
    "Hash": [
        75.15196896201962,
        92.01624272385885,
        121.73118641503893,
        177.5959086553554
    ],
    "xinf": -0.41118619150049235,
    "xsup": 0.41118619150049235,
    "yinf": -0.5086517684317775,
    "ysup": 0.3137206145692072,
    "loopnb": [
        3,
        2
    ],
    "Targets": [
        [
            0,
            1,
            2
        ],
        [
            3,
            4,
            0
        ]
    ],
    "SpaceRotsUn": [
        [
            [
                [
                    1.0,
                    0.0
                ],
                [
                    0.0,
                    1.0
                ]
            ],
            [
                [
                    1.0,
                    2.4492935982947064e-16
                ],
                [
                    -2.4492935982947064e-16,
                    1.0
                ]
            ],
            [
                [
                    1.0,
                    4.898587196589413e-16
                ],
                [
                    -4.898587196589413e-16,
                    1.0
                ]
            ]
        ],
        [
            [
                [
                    1.0,
                    0.0
                ],
                [
                    0.0,
                    1.0
                ]
            ],
            [
                [
                    -1.0,
                    -2.4492935982947064e-16
                ],
                [
                    -2.4492935982947064e-16,
                    1.0
                ]
            ],
            [
                [
                    0.0,
                    0.0
                ],
                [
                    0.0,
                    0.0
                ]
            ]
        ]
    ],
    "TimeRevsUn": [
        [
            1,
            1,
            1
        ],
        [
            1,
            -1,
            0
        ]
    ],
    "TimeShiftNumUn": [
        [
            0,
            2,
            1
        ],
        [
            0,
            0,
            0
        ]
    ],
    "TimeShiftDenUn": [
        [
            1,
            3,
            3
        ],
        [
            1,
            1,
            0
        ]
    ]
}