{
    "nbody": 7,
    "n_Fourier": 2000,
    "n_int": 4000,
    "mass": [
        1.0,
        1.0,
        1.0,
        1.0,
        1.0,
        50.0,
        50.0
    ],
    "nloop": 2,
    "Action": 9322.045190870807,
    "Grad_Action": 4.435326578066409e-10,
    "Newton_Error": 1.1444025582770303e-09,
    "Min_Distance": 0.10087638187836548,
    "Max_PathLength": 9.67053843167428,
    "Hash": [
        9322.045190870807,
        7103.060807975898,
        8459.182998427794,
        10341.425793734128,
        12990.754490598234
    ],
    "xinf": -0.46344564445723135,
    "xsup": 0.9997368465756905,
    "yinf": -0.6589907557431833,
    "ysup": 0.8041917352897385,
    "loopnb": [
        5,
        2
    ],
    "Targets": [
        [
            0,
            1,
            2,
            3,
            4
        ],
        [
            5,
            6,
            0,
            0,
            0
        ]
    ],
    "SpaceRotsUn": [
        [
            [
                [
                    1.0,
                    0.0
                ],
                [
                    0.0,
                    1.0
                ]
            ],
            [
                [
                    1.0,
                    2.4492935982947064e-16
                ],
                [
                    -2.4492935982947064e-16,
                    1.0
                ]
            ],
            [
                [
                    1.0,
                    4.898587196589413e-16
                ],
                [
                    -4.898587196589413e-16,
                    1.0
                ]
            ],
            [
                [
                    1.0,
                    7.347880794884119e-16
                ],
                [
                    -7.347880794884119e-16,
                    1.0
                ]
            ],
            [
                [
                    1.0,
                    9.797174393178826e-16
                ],
                [
                    -9.797174393178826e-16,
                    1.0
                ]
            ]
        ],
        [
            [
                [
                    1.0,
                    0.0
                ],
                [
                    0.0,
                    1.0
                ]
            ],
            [
                [
                    1.0,
                    2.4492935982947064e-16
                ],
                [
                    -2.4492935982947064e-16,
                    1.0
                ]
            ],
            [
                [
                    0.0,
                    0.0
                ],
                [
                    0.0,
                    0.0
                ]
            ],
            [
                [
                    0.0,
                    0.0
                ],
                [
                    0.0,
                    0.0
                ]
            ],
            [
                [
                    0.0,
                    0.0
                ],
                [
                    0.0,
                    0.0
                ]
            ]
        ]
    ],
    "TimeRevsUn": [
        [
            1,
            1,
            1,
            1,
            1
        ],
        [
            1,
            1,
            0,
            0,
            0
        ]
    ],
    "TimeShiftNumUn": [
        [
            0,
            9,
            4,
            7,
            3
        ],
        [
            0,
            9,
            0,
            0,
            0
        ]
    ],
    "TimeShiftDenUn": [
        [
            1,
            10,
            5,
            10,
            5
        ],
        [
            1,
            10,
            0,
            0,
            0
        ]
    ],
    "RequiresLoopDispUn": [
        [
            true,
            false,
            false,
            false,
            false
        ],
        [
            true,
            false,
            false,
            false,
            false
        ]
    ]
}