{
    "nbody": 5,
    "n_Fourier": 600,
    "n_int": 1200,
    "mass": [
        1.0,
        1.0,
        1.0,
        3.0,
        3.0
    ],
    "nloop": 2,
    "Action": 141.29871177585238,
    "Grad_Action": 9.757800827633518e-12,
    "Newton_Error": 1.7782047345153e-11,
    "Min_Distance": 0.08507872298963944,
    "Max_PathLength": 3.0588202874869337,
    "Hash": [
        141.29871177585238,
        92.86851421531016,
        120.20241727485553,
        170.18101385848774,
        266.53121564139286
    ],
    "xinf": -0.5009492306376636,
    "xsup": 0.5009492306376636,
    "yinf": -0.5306494978778711,
    "ysup": 0.4712489633974562,
    "loopnb": [
        3,
        2
    ],
    "Targets": [
        [
            0,
            1,
            2
        ],
        [
            3,
            4,
            0
        ]
    ],
    "SpaceRotsUn": [
        [
            [
                [
                    1.0,
                    0.0
                ],
                [
                    0.0,
                    1.0
                ]
            ],
            [
                [
                    1.0,
                    2.4492935982947064e-16
                ],
                [
                    -2.4492935982947064e-16,
                    1.0
                ]
            ],
            [
                [
                    1.0,
                    4.898587196589413e-16
                ],
                [
                    -4.898587196589413e-16,
                    1.0
                ]
            ]
        ],
        [
            [
                [
                    1.0,
                    0.0
                ],
                [
                    0.0,
                    1.0
                ]
            ],
            [
                [
                    -1.0,
                    -2.4492935982947064e-16
                ],
                [
                    -2.4492935982947064e-16,
                    1.0
                ]
            ],
            [
                [
                    0.0,
                    0.0
                ],
                [
                    0.0,
                    0.0
                ]
            ]
        ]
    ],
    "TimeRevsUn": [
        [
            1,
            1,
            1
        ],
        [
            1,
            -1,
            0
        ]
    ],
    "TimeShiftNumUn": [
        [
            0,
            2,
            1
        ],
        [
            0,
            0,
            0
        ]
    ],
    "TimeShiftDenUn": [
        [
            1,
            3,
            3
        ],
        [
            1,
            1,
            0
        ]
    ],
    "RequiresLoopDispUn": [
        [
            true,
            false,
            false
        ],
        [
            true,
            true,
            false
        ]
    ]
}