{
    "xinf": -0.2072287597985305,
    "xsup": 0.25074180955713943,
    "yinf": -0.27980690708143136,
    "ysup": 0.17816366227423858,
    "nloop": 2,
    "nbody": 5,
    "loopnb": [
        2,
        3
    ],
    "Targets": [
        [
            0,
            1,
            0
        ],
        [
            2,
            3,
            4
        ]
    ],
    "SpaceRotsUn": [
        [
            [
                [
                    1.0,
                    0.0
                ],
                [
                    0.0,
                    1.0
                ]
            ],
            [
                [
                    1.0,
                    0.0
                ],
                [
                    0.0,
                    1.0
                ]
            ],
            [
                [
                    0.0,
                    0.0
                ],
                [
                    0.0,
                    0.0
                ]
            ]
        ],
        [
            [
                [
                    1.0,
                    0.0
                ],
                [
                    0.0,
                    1.0
                ]
            ],
            [
                [
                    1.0,
                    0.0
                ],
                [
                    0.0,
                    1.0
                ]
            ],
            [
                [
                    1.0,
                    0.0
                ],
                [
                    0.0,
                    1.0
                ]
            ]
        ]
    ],
    "TimeRevsUn": [
        [
            1,
            1,
            0
        ],
        [
            1,
            1,
            1
        ]
    ],
    "TimeShiftNumUn": [
        [
            0,
            5,
            0
        ],
        [
            0,
            5,
            2
        ]
    ],
    "TimeShiftDenUn": [
        [
            1,
            6,
            0
        ],
        [
            1,
            6,
            3
        ]
    ],
    "mass": [
        1.0,
        1.0,
        1.0,
        1.0,
        1.0
    ]
}