{
    "xinf": -0.32377561476447786,
    "xsup": 0.2655603503943052,
    "yinf": -0.3181161287152844,
    "ysup": 0.2712198364434987,
    "nloop": 2,
    "nbody": 5,
    "loopnb": [
        3,
        2
    ],
    "Targets": [
        [
            0,
            1,
            2
        ],
        [
            3,
            4,
            0
        ]
    ],
    "SpaceRotsUn": [
        [
            [
                [
                    1.0,
                    0.0
                ],
                [
                    0.0,
                    1.0
                ]
            ],
            [
                [
                    1.0,
                    0.0
                ],
                [
                    0.0,
                    1.0
                ]
            ],
            [
                [
                    1.0,
                    0.0
                ],
                [
                    0.0,
                    1.0
                ]
            ]
        ],
        [
            [
                [
                    1.0,
                    0.0
                ],
                [
                    0.0,
                    1.0
                ]
            ],
            [
                [
                    1.0,
                    0.0
                ],
                [
                    0.0,
                    1.0
                ]
            ],
            [
                [
                    0.0,
                    0.0
                ],
                [
                    0.0,
                    0.0
                ]
            ]
        ]
    ],
    "TimeRevsUn": [
        [
            1,
            1,
            1
        ],
        [
            1,
            1,
            0
        ]
    ],
    "TimeShiftNumUn": [
        [
            0,
            5,
            2
        ],
        [
            0,
            5,
            0
        ]
    ],
    "TimeShiftDenUn": [
        [
            1,
            6,
            3
        ],
        [
            1,
            6,
            0
        ]
    ],
    "mass": [
        1.0,
        1.0,
        1.0,
        1.0,
        1.0
    ]
}