{
    "mass": [
        1.0,
        1.0,
        1.0,
        1.0,
        1.0,
        1.0
    ],
    "nbody": 6,
    "nloop": 1,
    "n_Fourier": 2400,
    "n_int": 4800,
    "Action": 364.58195457782443,
    "Grad_Action": 2.572366788533847e-13,
    "Newton_Error": 4.8721373432917466e-14,
    "Min_Distance": 0.026353776266711933,
    "Hash": [
        364.58195457782443,
        165.41132339896996,
        256.8819140537156,
        564.7461171587668,
        1663.6683817644782
    ],
    "xinf": -0.0667653378106676,
    "xsup": 0.0667653378106676,
    "yinf": -0.06672610122396627,
    "ysup": 0.06680457439736892,
    "loopnb": [
        6
    ],
    "Targets": [
        [
            0,
            1,
            2,
            3,
            4,
            5
        ]
    ],
    "SpaceRotsUn": [
        [
            [
                [
                    1.0,
                    0.0
                ],
                [
                    0.0,
                    1.0
                ]
            ],
            [
                [
                    1.0,
                    2.4492935982947064e-16
                ],
                [
                    -2.4492935982947064e-16,
                    1.0
                ]
            ],
            [
                [
                    1.0,
                    4.898587196589413e-16
                ],
                [
                    -4.898587196589413e-16,
                    1.0
                ]
            ],
            [
                [
                    1.0,
                    7.347880794884119e-16
                ],
                [
                    -7.347880794884119e-16,
                    1.0
                ]
            ],
            [
                [
                    1.0,
                    9.797174393178826e-16
                ],
                [
                    -9.797174393178826e-16,
                    1.0
                ]
            ],
            [
                [
                    1.0,
                    1.2246467991473533e-15
                ],
                [
                    -1.2246467991473533e-15,
                    1.0
                ]
            ]
        ]
    ],
    "TimeRevsUn": [
        [
            1,
            1,
            1,
            1,
            1,
            1
        ]
    ],
    "TimeShiftNumUn": [
        [
            0,
            5,
            2,
            1,
            1,
            1
        ]
    ],
    "TimeShiftDenUn": [
        [
            1,
            6,
            3,
            2,
            3,
            6
        ]
    ],
    "RequiresLoopDispUn": [
        [
            true,
            false,
            false,
            false,
            false,
            false
        ]
    ]
}