{
    "mass": [
        1.0,
        1.0,
        1.0
    ],
    "nbody": 3,
    "nloop": 1,
    "n_Fourier": 1800,
    "n_int": 3600,
    "Action": 55.94343448830501,
    "Grad_Action": 6.68251718590183e-14,
    "Newton_Error": 1.1663973030951788e-13,
    "Min_Distance": 0.02523771868315236,
    "Hash": [
        55.94343448830501,
        26.669829934485385,
        40.78749965162425,
        82.12783598147868,
        208.87122269098322
    ],
    "xinf": -0.07227048021501603,
    "xsup": 0.07227048021501603,
    "yinf": -0.07227048021501603,
    "ysup": 0.07227048021501603,
    "loopnb": [
        3
    ],
    "Targets": [
        [
            0,
            1,
            2
        ]
    ],
    "SpaceRotsUn": [
        [
            [
                [
                    1.0,
                    0.0
                ],
                [
                    0.0,
                    1.0
                ]
            ],
            [
                [
                    1.0,
                    2.4492935982947064e-16
                ],
                [
                    -2.4492935982947064e-16,
                    1.0
                ]
            ],
            [
                [
                    1.0,
                    4.898587196589413e-16
                ],
                [
                    -4.898587196589413e-16,
                    1.0
                ]
            ]
        ]
    ],
    "TimeRevsUn": [
        [
            1,
            1,
            1
        ]
    ],
    "TimeShiftNumUn": [
        [
            0,
            2,
            1
        ]
    ],
    "TimeShiftDenUn": [
        [
            1,
            3,
            3
        ]
    ],
    "RequiresLoopDispUn": [
        [
            true,
            false,
            false
        ]
    ]
}