{
    "xinf": -0.6958471169414546,
    "xsup": 0.6958471169414546,
    "yinf": -0.6482648877508972,
    "ysup": 0.7434293461320121,
    "nloop": 1,
    "nbody": 5,
    "loopnb": [
        5
    ],
    "Targets": [
        [
            0,
            1,
            2,
            3,
            4
        ]
    ],
    "SpaceRotsUn": [
        [
            [
                [
                    1.0,
                    0.0
                ],
                [
                    0.0,
                    1.0
                ]
            ],
            [
                [
                    0.30901699437494745,
                    -0.9510565162951535
                ],
                [
                    0.9510565162951535,
                    0.30901699437494745
                ]
            ],
            [
                [
                    -0.8090169943749473,
                    -0.5877852522924731
                ],
                [
                    0.5877852522924731,
                    -0.8090169943749473
                ]
            ],
            [
                [
                    -0.8090169943749475,
                    0.587785252292473
                ],
                [
                    -0.587785252292473,
                    -0.8090169943749475
                ]
            ],
            [
                [
                    0.30901699437494723,
                    0.9510565162951536
                ],
                [
                    -0.9510565162951535,
                    0.3090169943749473
                ]
            ]
        ]
    ],
    "TimeRevsUn": [
        [
            1,
            1,
            1,
            1,
            1
        ]
    ],
    "TimeShiftNumUn": [
        [
            0,
            4,
            3,
            2,
            1
        ]
    ],
    "TimeShiftDenUn": [
        [
            1,
            5,
            5,
            5,
            5
        ]
    ],
    "mass": [
        1.0,
        1.0,
        1.0,
        1.0,
        1.0
    ]
}