{
    "mass": [
        1.0,
        1.0,
        1.0,
        1.0
    ],
    "nbody": 4,
    "nloop": 1,
    "n_Fourier": 600,
    "n_int": 1200,
    "Action": 78.67165227692121,
    "Grad_Action": 6.412885743763982e-14,
    "Newton_Error": 9.343733009968215e-15,
    "Min_Distance": 0.07895879549970666,
    "Hash": [
        78.67165227692121,
        40.307886063647,
        59.9110957718478,
        108.2222054439578,
        229.00511938481628
    ],
    "xinf": -0.10673991952579959,
    "xsup": 0.10673991952579961,
    "yinf": -0.09602262234002075,
    "ysup": 0.11745721671157845,
    "loopnb": [
        4
    ],
    "Targets": [
        [
            0,
            1,
            2,
            3
        ]
    ],
    "SpaceRotsUn": [
        [
            [
                [
                    1.0,
                    0.0
                ],
                [
                    0.0,
                    1.0
                ]
            ],
            [
                [
                    1.0,
                    2.4492935982947064e-16
                ],
                [
                    -2.4492935982947064e-16,
                    1.0
                ]
            ],
            [
                [
                    1.0,
                    4.898587196589413e-16
                ],
                [
                    -4.898587196589413e-16,
                    1.0
                ]
            ],
            [
                [
                    1.0,
                    7.347880794884119e-16
                ],
                [
                    -7.347880794884119e-16,
                    1.0
                ]
            ]
        ]
    ],
    "TimeRevsUn": [
        [
            1,
            1,
            1,
            1
        ]
    ],
    "TimeShiftNumUn": [
        [
            0,
            3,
            1,
            1
        ]
    ],
    "TimeShiftDenUn": [
        [
            1,
            4,
            2,
            4
        ]
    ],
    "RequiresLoopDispUn": [
        [
            true,
            false,
            false,
            false
        ]
    ]
}