{
    "mass": [
        1.0,
        1.0,
        1.0,
        1.0,
        1.0
    ],
    "nbody": 5,
    "nloop": 1,
    "n_Fourier": 900,
    "n_int": 1800,
    "Action": 23.835348264445447,
    "Grad_Action": 1.1642472903077518e-12,
    "Newton_Error": 7.539707213813517e-14,
    "Min_Distance": 0.06853021515489476,
    "Hash": [
        23.835348264445447,
        19.335124084973625,
        21.82143187562442,
        26.725455951333945,
        37.29626998315091
    ],
    "xinf": -0.6564595442843899,
    "xsup": 0.6564595442843899,
    "yinf": -0.6088773312423811,
    "ysup": 0.7040417573263987,
    "loopnb": [
        5
    ],
    "Targets": [
        [
            0,
            1,
            2,
            3,
            4
        ]
    ],
    "SpaceRotsUn": [
        [
            [
                [
                    1.0,
                    0.0
                ],
                [
                    0.0,
                    1.0
                ]
            ],
            [
                [
                    0.3090169943749475,
                    -0.9510565162951536
                ],
                [
                    0.9510565162951536,
                    0.3090169943749475
                ]
            ],
            [
                [
                    -0.8090169943749475,
                    -0.5877852522924734
                ],
                [
                    0.5877852522924734,
                    -0.8090169943749475
                ]
            ],
            [
                [
                    -0.8090169943749478,
                    0.587785252292473
                ],
                [
                    -0.5877852522924731,
                    -0.8090169943749478
                ]
            ],
            [
                [
                    0.3090169943749472,
                    0.951056516295154
                ],
                [
                    -0.951056516295154,
                    0.3090169943749473
                ]
            ]
        ]
    ],
    "TimeRevsUn": [
        [
            1,
            1,
            1,
            1,
            1
        ]
    ],
    "TimeShiftNumUn": [
        [
            0,
            4,
            3,
            2,
            1
        ]
    ],
    "TimeShiftDenUn": [
        [
            1,
            5,
            5,
            5,
            5
        ]
    ],
    "RequiresLoopDispUn": [
        [
            true,
            true,
            true,
            true,
            true
        ]
    ]
}