{
    "mass": [
        1.0,
        1.0,
        1.0,
        1.0,
        1.0,
        50.0,
        50.0
    ],
    "nbody": 7,
    "nloop": 2,
    "n_Fourier": 2000,
    "n_int": 4000,
    "Action": 9322.045190870807,
    "Grad_Action": 7.476790503180086e-12,
    "Newton_Error": 3.447458138464362e-13,
    "Min_Distance": 0.10087638187836537,
    "Hash": [
        9322.045190870807,
        7103.060807975895,
        8459.182998427792,
        10341.42579373413,
        12990.754490598236
    ],
    "xinf": -0.42203481923931885,
    "xsup": 0.9583260213577776,
    "yinf": -0.6175799305252706,
    "ysup": 0.7627809100718258,
    "loopnb": [
        5,
        2
    ],
    "Targets": [
        [
            0,
            1,
            2,
            3,
            4
        ],
        [
            5,
            6,
            0,
            0,
            0
        ]
    ],
    "SpaceRotsUn": [
        [
            [
                [
                    1.0,
                    0.0
                ],
                [
                    0.0,
                    1.0
                ]
            ],
            [
                [
                    1.0,
                    2.4492935982947064e-16
                ],
                [
                    -2.4492935982947064e-16,
                    1.0
                ]
            ],
            [
                [
                    1.0,
                    4.898587196589413e-16
                ],
                [
                    -4.898587196589413e-16,
                    1.0
                ]
            ],
            [
                [
                    1.0,
                    7.347880794884119e-16
                ],
                [
                    -7.347880794884119e-16,
                    1.0
                ]
            ],
            [
                [
                    1.0,
                    9.797174393178826e-16
                ],
                [
                    -9.797174393178826e-16,
                    1.0
                ]
            ]
        ],
        [
            [
                [
                    1.0,
                    0.0
                ],
                [
                    0.0,
                    1.0
                ]
            ],
            [
                [
                    1.0,
                    2.4492935982947064e-16
                ],
                [
                    -2.4492935982947064e-16,
                    1.0
                ]
            ],
            [
                [
                    0.0,
                    0.0
                ],
                [
                    0.0,
                    0.0
                ]
            ],
            [
                [
                    0.0,
                    0.0
                ],
                [
                    0.0,
                    0.0
                ]
            ],
            [
                [
                    0.0,
                    0.0
                ],
                [
                    0.0,
                    0.0
                ]
            ]
        ]
    ],
    "TimeRevsUn": [
        [
            1,
            1,
            1,
            1,
            1
        ],
        [
            1,
            1,
            0,
            0,
            0
        ]
    ],
    "TimeShiftNumUn": [
        [
            0,
            9,
            4,
            7,
            3
        ],
        [
            0,
            9,
            0,
            0,
            0
        ]
    ],
    "TimeShiftDenUn": [
        [
            1,
            10,
            5,
            10,
            5
        ],
        [
            1,
            10,
            0,
            0,
            0
        ]
    ],
    "RequiresLoopDispUn": [
        [
            true,
            false,
            false,
            false,
            false
        ],
        [
            true,
            false,
            false,
            false,
            false
        ]
    ]
}