{
    "mass": [
        1.0,
        1.0,
        1.0
    ],
    "nbody": 3,
    "nloop": 1,
    "n_Fourier": 38400,
    "n_int": 76800,
    "Action": 32.16898136308117,
    "Grad_Action": 1.1768084332624163e-12,
    "Newton_Error": 1.0596678545589132e-13,
    "Min_Distance": 0.00469429525614016,
    "Hash": [
        32.16898136308117,
        16.867379014369234,
        24.369202586826745,
        46.26323946991017,
        131.40395632274058
    ],
    "xinf": -0.1150297427106127,
    "xsup": 0.1150297427106127,
    "yinf": -0.11502974271061271,
    "ysup": 0.11502974271061268,
    "loopnb": [
        3
    ],
    "Targets": [
        [
            0,
            1,
            2
        ]
    ],
    "SpaceRotsUn": [
        [
            [
                [
                    1.0,
                    0.0
                ],
                [
                    0.0,
                    1.0
                ]
            ],
            [
                [
                    1.0,
                    2.4492935982947064e-16
                ],
                [
                    -2.4492935982947064e-16,
                    1.0
                ]
            ],
            [
                [
                    1.0,
                    4.898587196589413e-16
                ],
                [
                    -4.898587196589413e-16,
                    1.0
                ]
            ]
        ]
    ],
    "TimeRevsUn": [
        [
            1,
            1,
            1
        ]
    ],
    "TimeShiftNumUn": [
        [
            0,
            2,
            1
        ]
    ],
    "TimeShiftDenUn": [
        [
            1,
            3,
            3
        ]
    ],
    "RequiresLoopDispUn": [
        [
            true,
            false,
            false
        ]
    ]
}