{
    "mass": [
        1.0,
        1.0,
        1.0,
        1.0,
        1.0,
        1.0,
        1.0,
        1.0,
        1.0
    ],
    "nbody": 9,
    "nloop": 2,
    "n_Fourier": 1200,
    "n_int": 2400,
    "Action": 306.9499182762787,
    "Grad_Action": 1.0172063180653927e-13,
    "Newton_Error": 8.000878838595827e-14,
    "Min_Distance": 0.05073833117557149,
    "Hash": [
        306.9499182762787,
        172.22884930704564,
        243.72470313922315,
        402.1800571197802,
        772.1945425683896
    ],
    "xinf": -0.19091379053028032,
    "xsup": 0.19091379053028032,
    "yinf": -0.19442850344176332,
    "ysup": 0.18739907761879732,
    "loopnb": [
        5,
        4
    ],
    "Targets": [
        [
            0,
            1,
            2,
            3,
            4
        ],
        [
            8,
            7,
            5,
            6,
            0
        ]
    ],
    "SpaceRotsUn": [
        [
            [
                [
                    1.0,
                    0.0
                ],
                [
                    0.0,
                    1.0
                ]
            ],
            [
                [
                    1.0,
                    2.4492935982947064e-16
                ],
                [
                    -2.4492935982947064e-16,
                    1.0
                ]
            ],
            [
                [
                    1.0,
                    4.898587196589413e-16
                ],
                [
                    -4.898587196589413e-16,
                    1.0
                ]
            ],
            [
                [
                    1.0,
                    7.347880794884119e-16
                ],
                [
                    -7.347880794884119e-16,
                    1.0
                ]
            ],
            [
                [
                    1.0,
                    9.797174393178826e-16
                ],
                [
                    -9.797174393178826e-16,
                    1.0
                ]
            ]
        ],
        [
            [
                [
                    1.0,
                    0.0
                ],
                [
                    0.0,
                    1.0
                ]
            ],
            [
                [
                    1.0,
                    -2.4492935982947064e-16
                ],
                [
                    2.4492935982947064e-16,
                    1.0
                ]
            ],
            [
                [
                    -1.0,
                    0.0
                ],
                [
                    0.0,
                    1.0
                ]
            ],
            [
                [
                    -1.0,
                    2.4492935982947064e-16
                ],
                [
                    2.4492935982947064e-16,
                    1.0
                ]
            ],
            [
                [
                    0.0,
                    0.0
                ],
                [
                    0.0,
                    0.0
                ]
            ]
        ]
    ],
    "TimeRevsUn": [
        [
            1,
            1,
            1,
            1,
            1
        ],
        [
            1,
            1,
            -1,
            -1,
            0
        ]
    ],
    "TimeShiftNumUn": [
        [
            0,
            9,
            4,
            7,
            3
        ],
        [
            0,
            1,
            9,
            4,
            0
        ]
    ],
    "TimeShiftDenUn": [
        [
            1,
            10,
            5,
            10,
            5
        ],
        [
            1,
            10,
            10,
            5,
            0
        ]
    ],
    "RequiresLoopDispUn": [
        [
            true,
            false,
            false,
            false,
            false
        ],
        [
            true,
            false,
            true,
            true,
            false
        ]
    ]
}