{
    "mass": [
        1.0,
        1.0,
        1.0
    ],
    "nbody": 3,
    "nloop": 1,
    "n_Fourier": 300,
    "n_int": 600,
    "Action": 13.20778233699395,
    "Grad_Action": 2.996280499230678e-12,
    "Newton_Error": 1.0457949416433679e-13,
    "Min_Distance": 0.2018822995472287,
    "Hash": [
        13.20778233699395,
        8.940998633639179,
        11.423451535639764,
        15.505419300517417,
        22.33296857185431
    ],
    "xinf": -0.3160460514874461,
    "xsup": 0.31604605148744663,
    "yinf": -0.3160460514874464,
    "ysup": 0.3160460514874463,
    "loopnb": [
        3
    ],
    "Targets": [
        [
            0,
            1,
            2
        ]
    ],
    "SpaceRotsUn": [
        [
            [
                [
                    1.0,
                    0.0
                ],
                [
                    0.0,
                    1.0
                ]
            ],
            [
                [
                    1.0,
                    2.4492935982947064e-16
                ],
                [
                    -2.4492935982947064e-16,
                    1.0
                ]
            ],
            [
                [
                    1.0,
                    4.898587196589413e-16
                ],
                [
                    -4.898587196589413e-16,
                    1.0
                ]
            ]
        ]
    ],
    "TimeRevsUn": [
        [
            1,
            1,
            1
        ]
    ],
    "TimeShiftNumUn": [
        [
            0,
            2,
            1
        ]
    ],
    "TimeShiftDenUn": [
        [
            1,
            3,
            3
        ]
    ],
    "RequiresLoopDispUn": [
        [
            true,
            false,
            false
        ]
    ]
}