{
    "nbody": 10,
    "n_Fourier": 2400,
    "n_int": 4800,
    "mass": [
        1.0,
        1.0,
        1.0,
        1.0,
        1.0,
        1.0,
        1.0,
        1.0,
        1.0,
        1.0
    ],
    "nloop": 3,
    "Action": 487.91377600598855,
    "Grad_Action": 2.2636782202901086e-11,
    "Newton_Error": 3.060837073851807e-11,
    "Min_Distance": 0.03964522256346297,
    "Max_PathLength": 6.143710955898307,
    "Hash": [
        487.91377600598855,
        259.0362868202166,
        377.27457908198744,
        660.9026591785195,
        1370.7700913571148
    ],
    "xinf": -0.2012351455598413,
    "xsup": 0.2012351455598413,
    "yinf": -0.20124778139862742,
    "ysup": 0.20122250972105515,
    "loopnb": [
        2,
        3,
        5
    ],
    "Targets": [
        [
            0,
            1,
            0,
            0,
            0
        ],
        [
            2,
            3,
            4,
            0,
            0
        ],
        [
            5,
            6,
            7,
            8,
            9
        ]
    ],
    "SpaceRotsUn": [
        [
            [
                [
                    1.0,
                    0.0
                ],
                [
                    0.0,
                    1.0
                ]
            ],
            [
                [
                    1.0,
                    2.4492935982947064e-16
                ],
                [
                    -2.4492935982947064e-16,
                    1.0
                ]
            ],
            [
                [
                    0.0,
                    0.0
                ],
                [
                    0.0,
                    0.0
                ]
            ],
            [
                [
                    0.0,
                    0.0
                ],
                [
                    0.0,
                    0.0
                ]
            ],
            [
                [
                    0.0,
                    0.0
                ],
                [
                    0.0,
                    0.0
                ]
            ]
        ],
        [
            [
                [
                    1.0,
                    0.0
                ],
                [
                    0.0,
                    1.0
                ]
            ],
            [
                [
                    1.0,
                    2.4492935982947064e-16
                ],
                [
                    -2.4492935982947064e-16,
                    1.0
                ]
            ],
            [
                [
                    1.0,
                    4.898587196589413e-16
                ],
                [
                    -4.898587196589413e-16,
                    1.0
                ]
            ],
            [
                [
                    0.0,
                    0.0
                ],
                [
                    0.0,
                    0.0
                ]
            ],
            [
                [
                    0.0,
                    0.0
                ],
                [
                    0.0,
                    0.0
                ]
            ]
        ],
        [
            [
                [
                    1.0,
                    0.0
                ],
                [
                    0.0,
                    1.0
                ]
            ],
            [
                [
                    1.0,
                    2.4492935982947064e-16
                ],
                [
                    -2.4492935982947064e-16,
                    1.0
                ]
            ],
            [
                [
                    1.0,
                    4.898587196589413e-16
                ],
                [
                    -4.898587196589413e-16,
                    1.0
                ]
            ],
            [
                [
                    1.0,
                    7.347880794884119e-16
                ],
                [
                    -7.347880794884119e-16,
                    1.0
                ]
            ],
            [
                [
                    1.0,
                    9.797174393178826e-16
                ],
                [
                    -9.797174393178826e-16,
                    1.0
                ]
            ]
        ]
    ],
    "TimeRevsUn": [
        [
            1,
            1,
            0,
            0,
            0
        ],
        [
            1,
            1,
            1,
            0,
            0
        ],
        [
            1,
            1,
            1,
            1,
            1
        ]
    ],
    "TimeShiftNumUn": [
        [
            0,
            29,
            0,
            0,
            0
        ],
        [
            0,
            29,
            14,
            0,
            0
        ],
        [
            0,
            29,
            14,
            9,
            13
        ]
    ],
    "TimeShiftDenUn": [
        [
            1,
            30,
            0,
            0,
            0
        ],
        [
            1,
            30,
            15,
            0,
            0
        ],
        [
            1,
            30,
            15,
            10,
            15
        ]
    ],
    "RequiresLoopDispUn": [
        [
            true,
            false,
            false,
            false,
            false
        ],
        [
            true,
            false,
            false,
            false,
            false
        ],
        [
            true,
            false,
            false,
            false,
            false
        ]
    ]
}