{
    "mass": [
        1.0,
        1.0,
        1.0,
        3.0,
        3.0
    ],
    "nbody": 5,
    "nloop": 2,
    "n_Fourier": 600,
    "n_int": 1200,
    "Action": 92.86851421531014,
    "Grad_Action": 1.2208262486844428e-12,
    "Newton_Error": 7.933360623536868e-14,
    "Min_Distance": 0.08507872298963946,
    "Hash": [
        92.86851421531014,
        120.20241727485552,
        170.18101385848772,
        266.5312156413928
    ],
    "xinf": -0.4725936138091166,
    "xsup": 0.4725936138091166,
    "yinf": -0.5022938810493239,
    "ysup": 0.4428933465689092,
    "loopnb": [
        3,
        2
    ],
    "Targets": [
        [
            0,
            1,
            2
        ],
        [
            3,
            4,
            0
        ]
    ],
    "SpaceRotsUn": [
        [
            [
                [
                    1.0,
                    0.0
                ],
                [
                    0.0,
                    1.0
                ]
            ],
            [
                [
                    1.0,
                    2.4492935982947064e-16
                ],
                [
                    -2.4492935982947064e-16,
                    1.0
                ]
            ],
            [
                [
                    1.0,
                    4.898587196589413e-16
                ],
                [
                    -4.898587196589413e-16,
                    1.0
                ]
            ]
        ],
        [
            [
                [
                    1.0,
                    0.0
                ],
                [
                    0.0,
                    1.0
                ]
            ],
            [
                [
                    -1.0,
                    -2.4492935982947064e-16
                ],
                [
                    -2.4492935982947064e-16,
                    1.0
                ]
            ],
            [
                [
                    0.0,
                    0.0
                ],
                [
                    0.0,
                    0.0
                ]
            ]
        ]
    ],
    "TimeRevsUn": [
        [
            1,
            1,
            1
        ],
        [
            1,
            -1,
            0
        ]
    ],
    "TimeShiftNumUn": [
        [
            0,
            2,
            1
        ],
        [
            0,
            0,
            0
        ]
    ],
    "TimeShiftDenUn": [
        [
            1,
            3,
            3
        ],
        [
            1,
            1,
            0
        ]
    ],
    "RequiresLoopDispUn": [
        [
            true,
            false,
            false
        ],
        [
            true,
            true,
            false
        ]
    ]
}