{
    "nbody": 6,
    "n_Fourier": 2400,
    "n_int": 4800,
    "mass": [
        1.0,
        1.0,
        1.0,
        1.0,
        1.0,
        1.0
    ],
    "nloop": 1,
    "Action": 303.3415812264625,
    "Grad_Action": 1.0095847649888177e-11,
    "Newton_Error": 2.0429757701993983e-11,
    "Min_Distance": 0.04055996570801681,
    "Max_PathLength": 5.313280028555939,
    "Hash": [
        303.3415812264625,
        142.77651654885207,
        219.77249005222922,
        448.06582297948114,
        1142.8268098902054
    ],
    "xinf": -0.07919010398985074,
    "xsup": 0.07919010398985074,
    "yinf": -0.07907166026908591,
    "ysup": 0.07930854771061557,
    "loopnb": [
        6
    ],
    "Targets": [
        [
            0,
            1,
            2,
            3,
            4,
            5
        ]
    ],
    "SpaceRotsUn": [
        [
            [
                [
                    1.0,
                    0.0
                ],
                [
                    0.0,
                    1.0
                ]
            ],
            [
                [
                    1.0,
                    2.4492935982947064e-16
                ],
                [
                    -2.4492935982947064e-16,
                    1.0
                ]
            ],
            [
                [
                    1.0,
                    4.898587196589413e-16
                ],
                [
                    -4.898587196589413e-16,
                    1.0
                ]
            ],
            [
                [
                    1.0,
                    7.347880794884119e-16
                ],
                [
                    -7.347880794884119e-16,
                    1.0
                ]
            ],
            [
                [
                    1.0,
                    9.797174393178826e-16
                ],
                [
                    -9.797174393178826e-16,
                    1.0
                ]
            ],
            [
                [
                    1.0,
                    1.2246467991473533e-15
                ],
                [
                    -1.2246467991473533e-15,
                    1.0
                ]
            ]
        ]
    ],
    "TimeRevsUn": [
        [
            1,
            1,
            1,
            1,
            1,
            1
        ]
    ],
    "TimeShiftNumUn": [
        [
            0,
            5,
            2,
            1,
            1,
            1
        ]
    ],
    "TimeShiftDenUn": [
        [
            1,
            6,
            3,
            2,
            3,
            6
        ]
    ],
    "RequiresLoopDispUn": [
        [
            true,
            false,
            false,
            false,
            false,
            false
        ]
    ]
}