{
    "mass": [
        1.0,
        1.0,
        1.0,
        1.0,
        1.0,
        1.0
    ],
    "nbody": 6,
    "nloop": 1,
    "n_Fourier": 2400,
    "n_int": 4800,
    "Action": 303.3415812264625,
    "Grad_Action": 9.436092061226332e-14,
    "Newton_Error": 9.394986666883348e-15,
    "Min_Distance": 0.040559965708016794,
    "Hash": [
        303.3415812264625,
        142.77651654885207,
        219.77249005222922,
        448.06582297948114,
        1142.8268098902051
    ],
    "xinf": -0.07470764527344409,
    "xsup": 0.07470764527344409,
    "yinf": -0.07458920155267924,
    "ysup": 0.07482608899420894,
    "loopnb": [
        6
    ],
    "Targets": [
        [
            0,
            1,
            2,
            3,
            4,
            5
        ]
    ],
    "SpaceRotsUn": [
        [
            [
                [
                    1.0,
                    0.0
                ],
                [
                    0.0,
                    1.0
                ]
            ],
            [
                [
                    1.0,
                    2.4492935982947064e-16
                ],
                [
                    -2.4492935982947064e-16,
                    1.0
                ]
            ],
            [
                [
                    1.0,
                    4.898587196589413e-16
                ],
                [
                    -4.898587196589413e-16,
                    1.0
                ]
            ],
            [
                [
                    1.0,
                    7.347880794884119e-16
                ],
                [
                    -7.347880794884119e-16,
                    1.0
                ]
            ],
            [
                [
                    1.0,
                    9.797174393178826e-16
                ],
                [
                    -9.797174393178826e-16,
                    1.0
                ]
            ],
            [
                [
                    1.0,
                    1.2246467991473533e-15
                ],
                [
                    -1.2246467991473533e-15,
                    1.0
                ]
            ]
        ]
    ],
    "TimeRevsUn": [
        [
            1,
            1,
            1,
            1,
            1,
            1
        ]
    ],
    "TimeShiftNumUn": [
        [
            0,
            5,
            2,
            1,
            1,
            1
        ]
    ],
    "TimeShiftDenUn": [
        [
            1,
            6,
            3,
            2,
            3,
            6
        ]
    ],
    "RequiresLoopDispUn": [
        [
            true,
            false,
            false,
            false,
            false,
            false
        ]
    ]
}