{
    "mass": [
        1.0,
        1.0,
        1.0,
        1.0,
        1.0
    ],
    "nbody": 5,
    "nloop": 1,
    "n_Fourier": 900,
    "n_int": 1800,
    "Action": 46.633384231265126,
    "Grad_Action": 3.157376737493497e-12,
    "Newton_Error": 3.58769139049344e-14,
    "Min_Distance": 0.11728946563473586,
    "Hash": [
        46.633384231265126,
        30.867885411539554,
        39.865751742753744,
        55.692210376769225,
        84.64341437756545
    ],
    "xinf": -0.30496753311545255,
    "xsup": 0.3049675331154523,
    "yinf": -0.23114595880284644,
    "ysup": 0.37878910742805844,
    "loopnb": [
        5
    ],
    "Targets": [
        [
            0,
            1,
            2,
            3,
            4
        ]
    ],
    "SpaceRotsUn": [
        [
            [
                [
                    1.0,
                    0.0
                ],
                [
                    0.0,
                    1.0
                ]
            ],
            [
                [
                    1.0,
                    2.4492935982947064e-16
                ],
                [
                    -2.4492935982947064e-16,
                    1.0
                ]
            ],
            [
                [
                    1.0,
                    4.898587196589413e-16
                ],
                [
                    -4.898587196589413e-16,
                    1.0
                ]
            ],
            [
                [
                    1.0,
                    7.347880794884119e-16
                ],
                [
                    -7.347880794884119e-16,
                    1.0
                ]
            ],
            [
                [
                    1.0,
                    9.797174393178826e-16
                ],
                [
                    -9.797174393178826e-16,
                    1.0
                ]
            ]
        ]
    ],
    "TimeRevsUn": [
        [
            1,
            1,
            1,
            1,
            1
        ]
    ],
    "TimeShiftNumUn": [
        [
            0,
            4,
            3,
            2,
            1
        ]
    ],
    "TimeShiftDenUn": [
        [
            1,
            5,
            5,
            5,
            5
        ]
    ],
    "RequiresLoopDispUn": [
        [
            true,
            false,
            false,
            false,
            false
        ]
    ]
}