{
    "nbody": 4,
    "n_Fourier": 900,
    "n_int": 1800,
    "mass": [
        1.0,
        1.0,
        1.0,
        1.0
    ],
    "nloop": 1,
    "Action": 30.24203331920043,
    "Grad_Action": 1.0136759066676914e-11,
    "Newton_Error": 2.3323313262884625e-11,
    "Min_Distance": 0.12984131599044593,
    "Max_PathLength": 2.0080415305693085,
    "Hash": [
        30.24203331920043,
        19.6537186832308,
        25.712006891430196,
        36.25502075454313,
        55.098979803652114
    ],
    "xinf": -0.27238790230299825,
    "xsup": 0.27238790230299814,
    "yinf": -0.33989598584547115,
    "ysup": 0.20487981876052525,
    "loopnb": [
        4
    ],
    "Targets": [
        [
            0,
            1,
            2,
            3
        ]
    ],
    "SpaceRotsUn": [
        [
            [
                [
                    1.0,
                    0.0
                ],
                [
                    0.0,
                    1.0
                ]
            ],
            [
                [
                    1.0,
                    2.4492935982947064e-16
                ],
                [
                    -2.4492935982947064e-16,
                    1.0
                ]
            ],
            [
                [
                    1.0,
                    4.898587196589413e-16
                ],
                [
                    -4.898587196589413e-16,
                    1.0
                ]
            ],
            [
                [
                    1.0,
                    7.347880794884119e-16
                ],
                [
                    -7.347880794884119e-16,
                    1.0
                ]
            ]
        ]
    ],
    "TimeRevsUn": [
        [
            1,
            1,
            1,
            1
        ]
    ],
    "TimeShiftNumUn": [
        [
            0,
            3,
            1,
            1
        ]
    ],
    "TimeShiftDenUn": [
        [
            1,
            4,
            2,
            4
        ]
    ],
    "RequiresLoopDispUn": [
        [
            true,
            false,
            false,
            false
        ]
    ]
}