{
    "mass": [
        1.0,
        1.0,
        1.0,
        1.0
    ],
    "nbody": 4,
    "nloop": 1,
    "n_Fourier": 900,
    "n_int": 1800,
    "Action": 30.242033319200424,
    "Grad_Action": 1.3710772636205147e-14,
    "Newton_Error": 2.212415822731848e-15,
    "Min_Distance": 0.129841315990446,
    "Hash": [
        30.242033319200424,
        19.6537186832308,
        25.712006891430196,
        36.255020754543125,
        55.098979803652114
    ],
    "xinf": -0.25696971915377187,
    "xsup": 0.25696971915377187,
    "yinf": -0.3244778026962448,
    "ysup": 0.18946163561129895,
    "loopnb": [
        4
    ],
    "Targets": [
        [
            0,
            1,
            2,
            3
        ]
    ],
    "SpaceRotsUn": [
        [
            [
                [
                    1.0,
                    0.0
                ],
                [
                    0.0,
                    1.0
                ]
            ],
            [
                [
                    1.0,
                    2.4492935982947064e-16
                ],
                [
                    -2.4492935982947064e-16,
                    1.0
                ]
            ],
            [
                [
                    1.0,
                    4.898587196589413e-16
                ],
                [
                    -4.898587196589413e-16,
                    1.0
                ]
            ],
            [
                [
                    1.0,
                    7.347880794884119e-16
                ],
                [
                    -7.347880794884119e-16,
                    1.0
                ]
            ]
        ]
    ],
    "TimeRevsUn": [
        [
            1,
            1,
            1,
            1
        ]
    ],
    "TimeShiftNumUn": [
        [
            0,
            3,
            1,
            1
        ]
    ],
    "TimeShiftDenUn": [
        [
            1,
            4,
            2,
            4
        ]
    ],
    "RequiresLoopDispUn": [
        [
            true,
            false,
            false,
            false
        ]
    ]
}