{
    "nbody": 11,
    "n_Fourier": 8800,
    "n_int": 17600,
    "mass": [
        1.0,
        1.0,
        1.0,
        1.0,
        1.0,
        1.0,
        1.0,
        1.0,
        1.0,
        1.0,
        1.0
    ],
    "nloop": 1,
    "Action": 66.59669402126754,
    "Grad_Action": 1.7784607724435615e-13,
    "Newton_Error": 6.115443462858159e-14,
    "Min_Distance": 0.013469469499554007,
    "Max_PathLength": 1.7081563934942243,
    "Hash": [
        66.59669402126754,
        67.82092763010294,
        64.65437868389891,
        72.83251240903179,
        116.1203298111033
    ],
    "xinf": -1.4939708425617568,
    "xsup": 1.4939708425617568,
    "yinf": -1.4711645668682043,
    "ysup": 1.5167771182553094,
    "loopnb": [
        11
    ],
    "Targets": [
        [
            0,
            1,
            2,
            3,
            4,
            5,
            6,
            7,
            8,
            9,
            10
        ]
    ],
    "SpaceRotsUn": [
        [
            [
                [
                    1.0,
                    0.0
                ],
                [
                    0.0,
                    1.0
                ]
            ],
            [
                [
                    -0.654860733945285,
                    -0.7557495743542583
                ],
                [
                    0.7557495743542583,
                    -0.654860733945285
                ]
            ],
            [
                [
                    -0.1423148382732852,
                    0.9898214418809326
                ],
                [
                    -0.9898214418809326,
                    -0.1423148382732852
                ]
            ],
            [
                [
                    0.8412535328311811,
                    -0.5406408174555973
                ],
                [
                    0.5406408174555974,
                    0.8412535328311811
                ]
            ],
            [
                [
                    -0.959492973614497,
                    -0.28173255684142984
                ],
                [
                    0.2817325568414298,
                    -0.9594929736144971
                ]
            ],
            [
                [
                    0.41541501300188605,
                    0.9096319953545182
                ],
                [
                    -0.9096319953545182,
                    0.4154150130018861
                ]
            ],
            [
                [
                    0.4154150130018866,
                    -0.9096319953545179
                ],
                [
                    0.909631995354518,
                    0.41541501300188655
                ]
            ],
            [
                [
                    -0.9594929736144971,
                    0.28173255684142917
                ],
                [
                    -0.28173255684142934,
                    -0.9594929736144971
                ]
            ],
            [
                [
                    0.8412535328311805,
                    0.5406408174555978
                ],
                [
                    -0.5406408174555977,
                    0.8412535328311807
                ]
            ],
            [
                [
                    -0.14231483827328456,
                    -0.9898214418809324
                ],
                [
                    0.9898214418809324,
                    -0.1423148382732847
                ]
            ],
            [
                [
                    -0.6548607339452851,
                    0.7557495743542575
                ],
                [
                    -0.7557495743542576,
                    -0.654860733945285
                ]
            ]
        ]
    ],
    "TimeRevsUn": [
        [
            1,
            1,
            1,
            1,
            1,
            1,
            1,
            1,
            1,
            1,
            1
        ]
    ],
    "TimeShiftNumUn": [
        [
            0,
            1,
            2,
            3,
            4,
            5,
            6,
            7,
            8,
            9,
            10
        ]
    ],
    "TimeShiftDenUn": [
        [
            1,
            11,
            11,
            11,
            11,
            11,
            11,
            11,
            11,
            11,
            11
        ]
    ],
    "RequiresLoopDispUn": [
        [
            true,
            true,
            true,
            true,
            true,
            true,
            true,
            true,
            true,
            true,
            true
        ]
    ]
}